Departure,Arrival,Number of flights
BQN,STI,6
BQN,SDQ,6
BQN,AMS,6
BQN,FLL,7
BQN,MEM,1
BQN,JFK,16
BQN,EWR,8
BQN,MCO,31
BQN,TPA,3
BYF,NO,0
BLM,YUL,1
BLM,BCT,1
BLM,PBI,1
BXB,SOQ,2
BCM,LIN,1
BCM,MXP,2
BCM,FCO,6
BCM,LTN,8
BCD,CRK,5
BCD,CEB,45
BCD,DVO,6
BCD,MNL,114
BJZ,BCN,5
BJZ,MAD,13
BDN,NO,0
BDD,HID,6
BDD,KUG,40
BDD,UBB,14
BDD,SYU,0
BFX,DLA,2
BFX,NSI,7
BGX,POA,3
BGW,EVN,4
BGW,SOF,0
BGW,CAI,0
BGW,DEL,3
BGW,MHD,10
BGW,IKA,7
BGW,NJF,16
BGW,BSR,15
BGW,EBL,21
BGW,KIK,6
BGW,ISU,8
BGW,LIN,0
BGW,AMM,29
BGW,BEY,0
BGW,KHI,3
BGW,DOH,21
BGW,VKO,2
BGW,DMM,2
BGW,JED,3
BGW,MED,26
BGW,DAM,22
BGW,ESB,5
BGW,AYT,5
BGW,IST,32
BGW,SAW,29
BGW,SZF,3
BGW,DXB,28
BGW,SHJ,16
BGL,NO,0
BAG,CEB,4
BHV,KHI,2
BHI,AEP,25
BHI,MDQ,3
BHI,REL,4
BSC,EOH,13
BJR,ADD,119
BAH,GYD,3
BAH,DAC,11
BAH,PVG,2
BAH,SZX,1
BAH,LCA,2
BAH,CAI,24
BAH,SSH,3
BAH,ADD,1
BAH,CDG,8
BAH,FRA,8
BAH,LEJ,1
BAH,ATH,4
BAH,JMK,2
BAH,HKG,4
BAH,BLR,9
BAH,MAA,11
BAH,COK,11
BAH,DEL,32
BAH,GOI,5
BAH,HYD,11
BAH,CNN,1
BAH,CCJ,14
BAH,IXE,1
BAH,BOM,24
BAH,TRV,12
BAH,TLV,6
BAH,MXP,4
BAH,FCO,4
BAH,NSY,1
BAH,AMM,9
BAH,KWI,58
BAH,MLE,4
BAH,CMN,3
BAH,MCT,29
BAH,LYP,3
BAH,ISB,4
BAH,KHI,11
BAH,LHE,6
BAH,MUX,7
BAH,PEW,4
BAH,SKT,5
BAH,MNL,8
BAH,DOH,16
BAH,DME,8
BAH,ELQ,5
BAH,DMM,31
BAH,JED,39
BAH,MED,8
BAH,RUH,52
BAH,SIN,3
BAH,ICN,1
BAH,BKK,9
BAH,AYT,1
BAH,BJV,0
BAH,IST,22
BAH,SAW,13
BAH,TZX,3
BAH,AUH,51
BAH,DXB,124
BAH,RKT,1
BAH,SHJ,24
BAH,LHR,24
BAH,MAN,5
BAH,SGN,1
BAY,BVA,2
BAY,OTP,8
BAY,AYT,2
BGE,NO,0
BSJ,NO,0
BJW,KOE,14
BJW,LBJ,8
BKM,BBN,1
BKM,LWY,4
BKE,NO,0
BFL,BOI,1
BFL,BUR,1
BFL,DFW,16
BFL,DEN,8
BFL,FAT,1
BFL,LAS,1
BFL,ONT,2
BFL,PHX,14
BFL,SFO,16
BLB,BAQ,2
BLB,BOG,8
BLB,CLO,5
BLB,CTG,4
BLB,MDE,11
BLB,SJO,4
BLB,HAV,2
BLB,SDQ,2
BLB,UIO,4
BPN,BDO,6
BPN,BDJ,40
BPN,DPS,21
BPN,CGK,132
BPN,BEJ,60
BPN,UPG,40
BPN,LNU,8
BPN,MJU,4
BPN,PKY,8
BPN,PLW,19
BPN,SRG,8
BPN,SUB,89
BPN,TJS,8
BPN,TRK,18
BPN,YIA,32
BPN,KUL,3
BPN,SIN,4
BXH,ALA,0
BXH,NQZ,0
BBL,BNE,1
BBL,MOO,3
BNK,MEL,6
BNK,NTL,6
BNK,SYD,53
BBA,PMC,16
BBA,PUQ,1
BBA,SCL,14
BBA,ZCO,4
BWI,AUA,2
BWI,NAS,2
BWI,YYZ,23
BWI,GCM,1
BWI,LIR,2
BWI,SJO,1
BWI,PUJ,10
BWI,FRA,2
BWI,RMS,1
BWI,KEF,16
BWI,MBJ,18
BWI,CUN,41
BWI,SJU,40
BWI,PLS,1
BWI,LHR,4
BWI,ALB,36
BWI,ABQ,1
BWI,AVL,2
BWI,ATL,156
BWI,AUG,1
BWI,AUS,38
BWI,MTN,1
BWI,BHM,8
BWI,BOS,93
BWI,BUF,37
BWI,CHS,25
BWI,CLT,61
BWI,MDW,39
BWI,ORD,71
BWI,CVG,23
BWI,CLE,22
BWI,CTH,1
BWI,CMH,24
BWI,LCK,1
BWI,DFW,36
BWI,DAL,39
BWI,DEN,64
BWI,VPS,9
BWI,DTW,40
BWI,FLL,93
BWI,GAI,1
BWI,GRR,9
BWI,GSP,8
BWI,IAH,23
BWI,HOU,30
BWI,IND,24
BWI,ISP,29
BWI,JAN,8
BWI,JAX,32
BWI,MKC,1
BWI,MCI,17
BWI,LAS,29
BWI,LAX,33
BWI,SDF,19
BWI,MCN,16
BWI,MHT,36
BWI,MEM,3
BWI,MIA,46
BWI,MKE,23
BWI,MSP,40
BWI,NUQ,1
BWI,MYR,25
BWI,BNA,40
BWI,HVN,2
BWI,MSY,23
BWI,JFK,16
BWI,EWR,2
BWI,ORF,31
BWI,OCE,1
BWI,MCO,118
BWI,ECP,2
BWI,PHX,25
BWI,PIT,23
BWI,PWM,31
BWI,PTW,6
BWI,PVD,37
BWI,RDU,43
BWI,ROC,22
BWI,SLC,9
BWI,SAT,23
BWI,SKF,1
BWI,SAN,15
BWI,SFO,16
BWI,SRQ,32
BWI,SAV,18
BWI,SEA,8
BWI,RSW,40
BWI,STL,25
BWI,SYR,23
BWI,TPA,74
BWI,IAD,1
BWI,PBI,32
BWI,HPN,1
BWI,ILM,3
BWI,BDL,35
BWI,ORH,2
BMR,NO,0
BXR,THR,6
BKO,ALG,4
BKO,COO,3
BKO,OUA,9
BKO,ABJ,0
BKO,ADD,8
BKO,CDG,3
BKO,LBV,2
BKO,CKY,16
BKO,GAQ,2
BKO,KYS,3
BKO,TOM,2
BKO,NKC,3
BKO,CMN,10
BKO,MED,19
BKO,DSS,27
BKO,LFW,8
BKO,TUN,3
BKO,IST,6
BPC,NO,0
BTJ,CGK,31
BTJ,KNO,30
BTJ,KUL,11
BTJ,PEN,8
BND,AEU,3
BND,AWZ,2
BND,IFN,1
BND,KIH,2
BND,MHD,8
BND,RAS,3
BND,SRY,5
BND,SYZ,8
BND,TBZ,3
BND,THR,55
BND,AZD,1
BND,DOH,1
BND,JED,2
BND,DXB,9
BDH,SYZ,4
BDO,BPN,6
BDO,BDJ,3
BDO,BTH,2
BDO,DPS,24
BDO,HLP,3
BDO,UPG,2
BDO,KNO,6
BDO,PLM,3
BDO,PKU,3
BDO,SUB,3
BDO,JOG,11
BKK,MEL,19
BKK,SYD,19
BKK,VIE,13
BKK,BAH,9
BKK,DAC,31
BKK,PBH,4
BKK,BWN,5
BKK,PNH,103
BKK,REP,24
BKK,PEK,24
BKK,CSX,1
BKK,CZX,4
BKK,CTU,2
BKK,TFU,12
BKK,CKG,4
BKK,DYG,7
BKK,FOC,0
BKK,CAN,47
BKK,HAK,3
BKK,HGH,8
BKK,KMG,26
BKK,NNG,18
BKK,NGB,8
BKK,TAO,5
BKK,PVG,63
BKK,SZX,35
BKK,SJW,8
BKK,WUH,8
BKK,XIY,8
BKK,XMN,15
BKK,XUZ,1
BKK,CGO,13
BKK,CPH,8
BKK,CAI,5
BKK,ADD,8
BKK,HEL,8
BKK,CDG,11
BKK,FRA,16
BKK,MUC,16
BKK,HKG,160
BKK,AMD,8
BKK,BLR,16
BKK,BBI,3
BKK,MAA,8
BKK,DEL,57
BKK,HYD,8
BKK,CCU,30
BKK,BOM,36
BKK,IXB,2
BKK,DPS,8
BKK,CGK,27
BKK,IKA,2
BKK,TLV,6
BKK,FUK,15
BKK,NGO,7
BKK,OKA,3
BKK,KIX,35
BKK,HND,48
BKK,NRT,73
BKK,AMM,3
BKK,ALA,3
BKK,KWI,8
BKK,LPQ,9
BKK,VTE,28
BKK,LUX,4
BKK,MFM,10
BKK,KUL,64
BKK,PEN,9
BKK,UBN,1
BKK,MDL,8
BKK,RGN,69
BKK,KTM,12
BKK,AMS,11
BKK,MCT,20
BKK,ISB,5
BKK,KHI,5
BKK,LHE,5
BKK,CRK,8
BKK,CEB,2
BKK,MNL,52
BKK,DOH,34
BKK,RUN,2
BKK,IKT,3
BKK,SVO,4
BKK,JED,8
BKK,RUH,9
BKK,SIN,150
BKK,PUS,18
BKK,TAE,8
BKK,ICN,106
BKK,CMB,9
BKK,ARN,8
BKK,ZRH,14
BKK,KHH,14
BKK,TPE,106
BKK,DMK,1
BKK,CNX,156
BKK,CEI,47
BKK,HDY,53
BKK,KKC,60
BKK,USM,156
BKK,KBV,56
BKK,LPT,16
BKK,NAW,8
BKK,HKT,195
BKK,THS,16
BKK,URT,24
BKK,TDX,16
BKK,UBP,32
BKK,UTH,56
BKK,IST,17
BKK,AUH,12
BKK,DXB,32
BKK,DWC,1
BKK,LHR,24
BKK,DAD,24
BKK,HAN,88
BKK,SGN,97
BKK,PQC,5
BGR,YHZ,1
BGR,AVN,1
BGR,CLT,8
BGR,ORD,17
BGR,BJC,1
BGR,SDF,1
BGR,MIA,2
BGR,JFK,8
BGR,LGA,24
BGR,EWR,24
BGR,SFB,4
BGR,PHL,24
BGR,PWM,2
BGR,PIE,3
BGR,TEB,1
BGR,IAD,1
BGR,DCA,24
BGR,ORH,1
BGF,DLA,12
BGF,NSI,4
BGF,NBO,2
BGF,EBB,2
BNX,VIE,3
BNX,CRL,2
BNX,SOF,1
BNX,HRG,2
BNX,MLH,1
BNX,BSL,1
BNX,BER,2
BNX,DTM,4
BNX,HAM,2
BNX,FMM,8
BNX,NUE,2
BNX,TIV,4
BNX,BEG,2
BNX,GOT,2
BNX,ARN,2
BNX,NYO,2
BNX,MIR,4
BDJ,BPN,40
BDJ,BDO,3
BDJ,BTW,12
BDJ,CGK,97
BDJ,KBU,8
BDJ,HMS,8
BDJ,PDG,1
BDJ,SRG,16
BDJ,SUB,65
BDJ,YIA,16
BJL,SID,2
BJL,NKC,3
BJL,CMN,6
BJL,LOS,3
BJL,DSS,13
BJL,FNA,13
BJL,BCN,2
BJL,IST,1
BWU,NO,0
BSD,PEK,8
BSD,CSX,8
BSD,TFU,8
BSD,CKG,3
BSD,KMG,54
BSD,NKG,4
BAV,PEK,8
BAV,CSX,8
BAV,TFU,13
BAV,CIF,21
BAV,CKG,16
BAV,DLC,5
BAV,ERL,5
BAV,KWE,5
BAV,HLD,8
BAV,HDG,1
BAV,HGH,5
BAV,KMG,3
BAV,LHW,5
BAV,KHN,2
BAV,NKG,8
BAV,TAO,5
BAV,PVG,15
BAV,SHE,8
BAV,SJW,8
BAV,TYN,21
BAV,TSN,8
BAV,WUH,6
BAV,XIY,23
BAV,XIL,6
BAV,CGO,21
BHB,BOS,24
BHB,ACK,1
BHB,ILG,1
BRX,NO,0
BCI,LRE,3
BCN,TIA,8
BCN,ALG,7
BCN,EZE,6
BCN,VIE,42
BCN,GYD,2
BCN,BRU,47
BCN,CRL,13
BCN,GRU,5
BCN,SOF,13
BCN,YYC,4
BCN,YUL,9
BCN,YYZ,11
BCN,SID,1
BCN,SCL,3
BCN,PEK,3
BCN,BOG,10
BCN,DBV,3
BCN,SPU,2
BCN,ZAG,4
BCN,PRG,22
BCN,BLL,4
BCN,CPH,33
BCN,CAI,11
BCN,TLL,2
BCN,HEL,12
BCN,BSL,20
BCN,BOD,11
BCN,LIL,2
BCN,LYS,17
BCN,MRS,10
BCN,NTE,19
BCN,NCE,21
BCN,BVA,9
BCN,CDG,72
BCN,ORY,63
BCN,PIS,2
BCN,SXB,2
BCN,TLS,1
BCN,BJL,3
BCN,KUT,2
BCN,BER,33
BCN,CGN,25
BCN,DUS,26
BCN,FRA,57
BCN,HHN,2
BCN,HAM,21
BCN,HAJ,7
BCN,MUC,54
BCN,NUE,6
BCN,STR,27
BCN,ATH,25
BCN,CFU,2
BCN,JTR,2
BCN,SKG,2
BCN,BUD,20
BCN,KEF,9
BCN,DUB,43
BCN,TLV,34
BCN,AHO,3
BCN,BRI,7
BCN,BLQ,31
BCN,BDS,2
BCN,CAG,6
BCN,CTA,8
BCN,FLR,24
BCN,GOA,2
BCN,BGY,23
BCN,LIN,1
BCN,MXP,71
BCN,NAP,30
BCN,OLB,4
BCN,PMO,8
BCN,PEG,2
BCN,RMI,1
BCN,FCO,102
BCN,TRS,2
BCN,TRN,12
BCN,VCE,34
BCN,VRN,2
BCN,AMM,5
BCN,RIX,8
BCN,BEY,1
BCN,VNO,6
BCN,LUX,14
BCN,MLA,8
BCN,MEX,8
BCN,KIV,3
BCN,TGD,2
BCN,CMN,16
BCN,FEZ,8
BCN,RAK,11
BCN,NDR,11
BCN,OZZ,3
BCN,OUD,4
BCN,RBA,3
BCN,TNG,14
BCN,AMS,102
BCN,EIN,12
BCN,RTM,7
BCN,OSL,13
BCN,GDN,5
BCN,KTW,6
BCN,KRK,9
BCN,WAW,19
BCN,WMI,6
BCN,WRO,3
BCN,FAO,5
BCN,LIS,87
BCN,PDL,4
BCN,OPO,44
BCN,DOH,16
BCN,OTP,14
BCN,CLJ,6
BCN,CRA,2
BCN,IAS,4
BCN,TSR,2
BCN,JED,2
BCN,DSS,4
BCN,BEG,16
BCN,ICN,8
BCN,LCG,16
BCN,ALC,30
BCN,LEI,8
BCN,OVD,26
BCN,BJZ,5
BCN,BIO,48
BCN,FUE,7
BCN,LPA,21
BCN,GRX,23
BCN,IBZ,88
BCN,XRY,15
BCN,SPC,1
BCN,ACE,17
BCN,LEN,6
BCN,ILD,1
BCN,MAD,129
BCN,MAH,66
BCN,AGP,60
BCN,MLN,2
BCN,PMI,196
BCN,EAS,15
BCN,SDR,12
BCN,SCQ,27
BCN,SVQ,66
BCN,TFN,31
BCN,TFS,3
BCN,VLC,6
BCN,VLL,7
BCN,VGO,15
BCN,GOT,4
BCN,ARN,23
BCN,BRN,2
BCN,GVA,37
BCN,ZRH,48
BCN,TUN,3
BCN,IST,33
BCN,SAW,12
BCN,ADB,1
BCN,AUH,8
BCN,DXB,16
BCN,DWC,1
BCN,BFS,6
BCN,BHX,17
BCN,BRS,23
BCN,EDI,14
BCN,GLA,5
BCN,PIK,3
BCN,LBA,2
BCN,LPL,9
BCN,LCY,5
BCN,LGW,90
BCN,LHR,60
BCN,LTN,21
BCN,STN,32
BCN,MAN,36
BCN,NCL,2
BCN,EMA,9
BCN,ATL,8
BCN,BOS,4
BCN,ORD,16
BCN,LAX,4
BCN,MIA,8
BCN,JFK,24
BCN,EWR,8
BCN,PHL,8
BCN,SFO,5
BCN,IAD,8
BLA,PTY,3
BLA,CCS,23
BLA,MYC,1
BLA,PMV,16
BLA,VLN,1
BAZ,MAO,3
BRY,NO,0
BDU,OSL,23
BEK,BLR,3
BEK,DEL,4
BEK,JAI,5
BEK,BOM,4
BRI,TIA,17
BRI,VIE,8
BRI,CRL,10
BRI,SOF,9
BRI,AKT,1
BRI,PRG,4
BRI,BLL,2
BRI,SSH,2
BRI,BSL,3
BRI,BOD,4
BRI,LYS,2
BRI,MRS,3
BRI,BVA,8
BRI,CDG,7
BRI,ORY,7
BRI,BER,4
BRI,CGN,3
BRI,DUS,2
BRI,FRA,4
BRI,HHN,3
BRI,HAM,1
BRI,FKB,4
BRI,MUC,16
BRI,NUE,2
BRI,STR,5
BRI,NRN,3
BRI,ATH,2
BRI,CHQ,2
BRI,CFU,2
BRI,HER,1
BRI,KGS,1
BRI,JMK,1
BRI,JTR,3
BRI,JSI,5
BRI,ZTH,3
BRI,BUD,11
BRI,DUB,2
BRI,TLV,2
BRI,AHO,3
BRI,BLQ,16
BRI,VBS,5
BRI,CAG,4
BRI,CTA,7
BRI,FLR,4
BRI,GOA,3
BRI,BGY,26
BRI,LIN,55
BRI,MXP,37
BRI,OLB,3
BRI,PMO,6
BRI,PSA,12
BRI,CIA,1
BRI,FCO,58
BRI,TRS,6
BRI,TRN,14
BRI,VCE,16
BRI,VRN,8
BRI,KUN,2
BRI,LUX,3
BRI,MLA,11
BRI,AMS,8
BRI,KRK,6
BRI,POZ,2
BRI,WAW,5
BRI,WMI,3
BRI,WRO,2
BRI,OPO,2
BRI,OTP,6
BRI,CLJ,4
BRI,TSR,2
BRI,BEG,3
BRI,ALC,2
BRI,BCN,7
BRI,IBZ,3
BRI,MAD,3
BRI,SVQ,2
BRI,VLC,5
BRI,VIP,1
BRI,ZRH,2
BRI,IST,6
BRI,EDI,2
BRI,LGW,12
BRI,STN,8
BYP,OCM,1
BYP,BQB,4
BYP,OOD,1
BYP,PER,16
BNS,CCS,8
BNS,PMV,1
BBN,BKM,1
BBN,LGL,1
BBN,ODN,1
BBN,MUR,8
BBN,MYY,16
BZL,DAC,11
BAX,KZN,5
BAX,KJA,3
BAX,DME,16
BAX,SVO,8
BAX,VKO,3
BAX,OVB,8
BAX,AER,5
BAX,LED,6
BAX,SGC,1
BAX,TJM,3
BAX,SVX,4
BRM,SDQ,5
BRM,PTY,4
BRM,CCS,11
BRM,PMV,5
BRR,GLA,16
BPG,CGB,6
BAQ,AUA,2
BAQ,BOG,174
BAQ,CLO,7
BAQ,MDE,30
BAQ,MTR,6
BAQ,ADZ,6
BAQ,VUP,5
BAQ,CUR,2
BAQ,SDQ,4
BAQ,UIO,1
BAQ,BLB,2
BAQ,PTY,12
BAQ,FLL,8
BAQ,MIA,16
BRA,CNF,6
BRA,BSB,8
BRA,SSA,8
BRB,PHB,4
BRB,SLZ,4
BRW,ANC,28
BRW,ATK,3
BRW,SCC,3
BRW,NUI,4
BRW,PIZ,3
BRW,AIN,4
BWB,PER,1
BWF,FAB,1
BWF,EMA,1
BTI,BRW,1
BTI,SCC,3
BTI,FAI,10
BVO,NO,0
BOW,HOU,1
BOW,TLH,1
BOW,PBI,1
BSO,MNL,12
BSL,KFZ,1
BSL,TIA,2
BSL,ALG,2
BSL,CZL,2
BSL,KLU,1
BSL,SZG,1
BSL,VIE,13
BSL,LGG,2
BSL,BNX,1
BSL,TZL,4
BSL,GRU,1
BSL,SOF,3
BSL,YUL,2
BSL,YYZ,2
BSL,SPU,8
BSL,ZAG,5
BSL,LCA,3
BSL,PRG,5
BSL,CPH,7
BSL,HRG,4
BSL,AJA,9
BSL,BIA,3
BSL,BOD,14
BSL,MRS,2
BSL,MPL,5
BSL,NTE,3
BSL,NCE,17
BSL,CDG,16
BSL,TLS,6
BSL,BER,17
BSL,FRA,38
BSL,HAM,15
BSL,ATH,4
BSL,HER,2
BSL,SKG,3
BSL,BUD,14
BSL,DUB,5
BSL,TLV,2
BSL,BRI,3
BSL,BDS,7
BSL,CAG,3
BSL,CTA,8
BSL,SUF,2
BSL,NAP,11
BSL,OLB,10
BSL,PMO,3
BSL,FCO,10
BSL,VCE,7
BSL,PRN,33
BSL,AGA,2
BSL,CMN,4
BSL,RAK,3
BSL,AMS,44
BSL,OHD,3
BSL,SKP,9
BSL,KRK,3
BSL,WAW,2
BSL,FAO,6
BSL,LIS,8
BSL,OPO,16
BSL,DOH,4
BSL,OTP,5
BSL,CLJ,6
BSL,IAS,3
BSL,BEG,3
BSL,INI,3
BSL,ALC,8
BSL,BCN,21
BSL,FUE,2
BSL,LPA,3
BSL,IBZ,8
BSL,ACE,3
BSL,MAD,7
BSL,MAH,3
BSL,AGP,9
BSL,PMI,29
BSL,SCQ,6
BSL,TFS,3
BSL,VLC,5
BSL,GVA,2
BSL,TUN,2
BSL,AYT,27
BSL,GZT,1
BSL,IST,13
BSL,SAW,20
BSL,ADB,6
BSL,ASR,1
BSL,BRS,4
BSL,EDI,6
BSL,LGW,16
BSL,LHR,21
BSL,MAN,7
BSR,CAI,1
BSR,DEL,1
BSR,BGW,14
BSR,EBL,9
BSR,ISU,4
BSR,AMM,4
BSR,BEY,7
BSR,DOH,8
BSR,MED,4
BSR,DAM,2
BSR,IST,10
BSR,SAW,3
BSR,DXB,22
BIA,CRL,3
BIA,CPH,1
BIA,AJA,1
BIA,BSL,3
BIA,BOD,4
BIA,BES,1
BIA,CFR,2
BIA,CLY,1
BIA,LRH,1
BIA,LIL,4
BIA,LYS,11
BIA,MRS,32
BIA,MPL,7
BIA,NTE,11
BIA,NCE,23
BIA,CDG,2
BIA,ORY,37
BIA,SXB,4
BIA,TLS,2
BIA,BER,3
BIA,DUS,1
BIA,FRA,2
BIA,LBC,1
BIA,MUC,2
BIA,STR,1
BIA,LUX,3
BIA,RTM,2
BIA,LIS,3
BIA,ARN,1
BIA,GVA,3
BIA,LGW,2
BIA,LHR,1
BSG,DLA,2
BSG,SSG,33
BQJ,YKS,10
BTH,BDO,2
BTH,CGK,120
BTH,DJB,14
BTH,LMU,5
BTH,KNO,43
BTH,PDG,24
BTH,PLM,24
BTH,PKU,42
BTH,PNK,14
BTH,NTX,10
BTH,SRG,8
BTH,DTB,2
BTH,SUB,27
BTH,YIA,8
BTH,SZB,8
BVX,NO,0
BUP,NO,0
BHS,SYD,12
BAL,ESB,11
BAL,IST,23
BAL,SAW,9
BLJ,ALG,7
BLJ,LYS,1
BLJ,MRS,1
BLJ,CDG,3
BTR,AVL,1
BTR,FTY,1
BTR,ATL,39
BTR,BHM,2
BTR,CLT,15
BTR,DFW,40
BTR,IAH,37
BTR,HOU,1
BTR,JCI,1
BTR,LJN,1
BTR,BFM,1
BTR,DCA,8
BJF,BVG,7
BJF,MEH,7
BJF,VDS,6
BJF,VAW,6
BTC,NO,0
BTL,BTL,1
BTL,CGF,1
BAM,NO,0
BTW,BDJ,12
BTW,UPG,6
BUS,GYD,3
BUS,MSQ,7
BUS,TLV,13
BUS,ALA,5
BUS,NQZ,2
BUS,RIX,3
BUS,RUH,4
BUS,IST,8
BUS,SAW,5
BUS,TAS,3
BUW,KDI,2
BUW,UPG,29
BDE,NO,0
BYU,NO,0
BZX,PKX,8
BZX,CTU,8
BZX,CAN,3
BZX,KWE,3
BZX,HAK,5
BZX,TNA,3
BZX,KMG,3
BZX,LJG,3
BZX,NKG,3
BZX,NGB,5
BZX,PVG,4
BZX,SZX,5
BZX,XIY,5
BZX,YIW,4
BIE,JCI,1
BIE,OMA,1
BFT,NO,0
BPT,DFW,16
BMT,NO,0
BFP,NO,0
BKW,CLT,14
BKW,CHA,1
BKW,HTS,1
BKW,SDF,6
BKW,PKB,14
BED,YPS,1
BED,ABE,1
BED,QQK,1
BED,PDK,1
BED,BWI,1
BED,BOS,1
BED,BKL,1
BED,CCR,1
BED,FLL,1
BED,FTW,1
BED,BHB,1
BED,HHH,1
BED,ISP,1
BED,MVY,1
BED,SFZ,1
BED,PNE,2
BED,PWM,1
BED,PSM,1
BED,SYR,1
BED,TEB,6
BED,IAD,1
BED,DCA,1
BED,FOK,1
BEU,BVI,2
BEU,BQL,2
BHY,PEK,19
BHY,CSX,12
BHY,CZX,5
BHY,CTU,3
BHY,TFU,36
BHY,HCZ,3
BHY,CKG,8
BHY,CAN,8
BHY,KWL,8
BHY,HAK,3
BHY,HFE,3
BHY,KHN,3
BHY,NAO,4
BHY,NKG,6
BHY,PVG,16
BHY,SZX,3
BHY,SJW,5
BHY,WUH,19
BHY,XIY,16
BHY,XUZ,3
BHY,YIH,8
BHY,CGO,4
BEW,ADD,3
BEW,MPM,23
BEW,APL,3
BEW,VJB,1
BEW,JNB,5
BEY,EVN,2
BEY,BRU,6
BEY,ABJ,0
BEY,LCA,17
BEY,PFO,1
BEY,CPH,5
BEY,CAI,40
BEY,ADD,11
BEY,LYS,2
BEY,MRS,2
BEY,CDG,24
BEY,ORY,6
BEY,BER,6
BEY,BRE,2
BEY,DUS,7
BEY,FRA,22
BEY,ACC,3
BEY,ATH,14
BEY,IKA,2
BEY,NJF,8
BEY,BGW,29
BEY,BSR,7
BEY,EBL,7
BEY,ISU,2
BEY,MXP,2
BEY,CIA,1
BEY,FCO,4
BEY,AMM,40
BEY,KWI,24
BEY,AMS,5
BEY,LOS,2
BEY,WAW,5
BEY,DOH,37
BEY,OTP,7
BEY,DMM,4
BEY,JED,22
BEY,RUH,22
BEY,BCN,1
BEY,MAD,4
BEY,ARN,3
BEY,GVA,6
BEY,ZRH,2
BEY,KAC,1
BEY,ALP,1
BEY,DAM,2
BEY,ADA,8
BEY,AYT,11
BEY,IST,54
BEY,SAW,16
BEY,ADB,3
BEY,AUH,21
BEY,DXB,48
BEY,SHJ,8
BEY,LHR,16
BYJ,LNZ,1
BYJ,ZRH,1
BYJ,MAN,1
BJA,ALG,7
BJA,BRU,2
BJA,LYS,6
BJA,MRS,7
BJA,CDG,5
BJA,ORY,14
BGN,YKS,4
BEL,ATM,8
BEL,CNF,19
BEL,BVB,6
BEL,BSB,25
BEL,BVS,6
BEL,VCP,28
BEL,CKS,5
BEL,FOR,21
BEL,MCP,27
BEL,MAO,22
BEL,MAB,13
BEL,MEU,6
BEL,JPE,4
BEL,REC,16
BEL,GIG,3
BEL,OPP,3
BEL,STM,11
BEL,SLZ,13
BEL,GRU,35
BEL,TUR,3
BEL,SDQ,1
BEL,CAY,1
BEL,LIS,5
BEL,PBM,3
BEL,FLL,2
BEL,GTP,7
BFS,DBV,1
BFS,PFO,2
BFS,BVA,2
BFS,CDG,5
BFS,CFU,4
BFS,HER,2
BFS,KGS,1
BFS,RHO,5
BFS,ZTH,2
BFS,BUD,2
BFS,KEF,1
BFS,IOM,3
BFS,BGY,3
BFS,VRN,2
BFS,JER,2
BFS,AMS,4
BFS,GDN,3
BFS,KRK,5
BFS,FAO,25
BFS,ALC,14
BFS,BCN,6
BFS,FUE,2
BFS,GRO,4
BFS,LPA,1
BFS,IBZ,8
BFS,ACE,4
BFS,MAH,3
BFS,AGP,19
BFS,PMI,27
BFS,REU,5
BFS,TFS,10
BFS,VLC,2
BFS,AYT,5
BFS,DLM,5
BFS,BHX,30
BFS,BRS,32
BFS,CWL,3
BFS,EDI,43
BFS,GLA,33
BFS,LBA,4
BFS,LPL,41
BFS,LGW,42
BFS,LTN,30
BFS,STN,43
BFS,MAN,52
BFS,NCL,16
BFS,EMA,8
BHD,NCE,1
BHD,FRA,5
BHD,IOM,6
BHD,JER,4
BHD,AMS,6
BHD,AGP,1
BHD,ABZ,8
BHD,BHX,31
BHD,BRS,5
BHD,CWL,8
BHD,DND,3
BHD,EDI,28
BHD,EXT,8
BHD,GLA,20
BHD,INV,8
BHD,LBA,23
BHD,LPL,15
BHD,LCY,21
BHD,LGW,16
BHD,LHR,48
BHD,MAN,30
BHD,NCL,8
BHD,NQY,5
BHD,EMA,10
BHD,SOU,15
BEG,TIA,17
BEG,SZG,2
BEG,VIE,42
BEG,BRU,2
BEG,BNX,2
BEG,SJJ,10
BEG,SOF,6
BEG,VAR,3
BEG,PEK,2
BEG,TSN,1
BEG,DBV,3
BEG,PUY,3
BEG,SPU,4
BEG,ZAD,1
BEG,ZAG,20
BEG,LCA,19
BEG,PRG,13
BEG,CPH,7
BEG,CAI,3
BEG,HRG,6
BEG,MLH,1
BEG,BSL,3
BEG,LYS,2
BEG,MRS,2
BEG,NCE,4
BEG,BVA,5
BEG,CDG,16
BEG,LBG,1
BEG,BER,10
BEG,CGN,3
BEG,DTM,6
BEG,DUS,10
BEG,FRA,30
BEG,HAM,6
BEG,HAJ,2
BEG,FKB,3
BEG,FMM,7
BEG,MUC,16
BEG,NUE,1
BEG,RBM,1
BEG,STR,7
BEG,ATH,21
BEG,CHQ,1
BEG,CFU,2
BEG,HER,8
BEG,RHO,6
BEG,SKG,9
BEG,BUD,15
BEG,TLV,4
BEG,BRI,4
BEG,BLQ,4
BEG,CTA,2
BEG,FLR,2
BEG,MXP,11
BEG,NAP,2
BEG,PMO,1
BEG,CIA,5
BEG,FCO,13
BEG,VCE,4
BEG,RIX,2
BEG,MLA,9
BEG,TGD,52
BEG,TIV,57
BEG,AMS,26
BEG,EIN,8
BEG,SKP,16
BEG,OSL,8
BEG,KRK,4
BEG,WAW,13
BEG,LIS,2
BEG,DOH,8
BEG,BBU,1
BEG,OTP,15
BEG,TSR,1
BEG,KZN,2
BEG,SVO,16
BEG,AER,3
BEG,LED,3
BEG,KVO,1
BEG,INI,5
BEG,LJU,16
BEG,BCN,16
BEG,MAD,4
BEG,AGP,3
BEG,PMI,2
BEG,VLC,3
BEG,GOT,6
BEG,MMX,4
BEG,ARN,8
BEG,NYO,2
BEG,GVA,4
BEG,ZRH,48
BEG,DJE,1
BEG,MIR,8
BEG,ESB,7
BEG,AYT,1
BEG,IST,44
BEG,SAW,4
BEG,ADB,5
BEG,AUH,6
BEG,DXB,16
BEG,LHR,10
BEG,LTN,6
BEG,ORD,4
BEG,JFK,5
BZE,CUK,32
BZE,CYC,2
BZE,DGA,213
BZE,PLJ,212
BZE,PND,16
BZE,SPR,323
BZE,SAL,7
BZE,GUA,15
BZE,RTB,4
BZE,SAP,5
BZE,CUN,9
BZE,PTY,1
BZE,ATL,8
BZE,CLT,1
BZE,DFW,9
BZE,DEN,2
BZE,IAH,18
BZE,HOU,7
BZE,LAX,3
BZE,MIA,8
BZE,EWR,1
BIC,NO,0
BLV,VPS,10
BLV,JAX,2
BLV,MYR,2
BLV,SFB,3
BLV,PGD,4
BLV,SRQ,2
BLV,SAV,1
BLV,PIE,5
BLI,YYC,1
BLI,IFP,1
BLI,DEN,1
BLI,ESD,15
BLI,LAS,18
BLI,LAX,2
BLI,OAK,17
BLI,AZA,2
BLI,SAN,2
BLI,BFI,1
BLI,SEA,18
BBP,NO,0
BJI,FAR,2
BJI,MSP,17
BJI,FSD,1
BLN,NO,0
BEB,GLA,14
BEB,SYY,7
BXG,SYD,7
BLR,SYD,4
BLR,BAH,8
BLR,CTU,1
BLR,CKG,3
BLR,ADD,3
BLR,CDG,8
BLR,CGN,1
BLR,FRA,8
BLR,LEJ,1
BLR,HKG,9
BLR,IXA,8
BLR,AGR,5
BLR,AMD,82
BLR,IXD,8
BLR,ATQ,8
BLR,IXU,3
BLR,BEK,3
BLR,IXG,24
BLR,BHO,14
BLR,BBI,51
BLR,IXX,8
BLR,IXC,22
BLR,MAA,133
BLR,COK,122
BLR,CJB,20
BLR,DBR,7
BLR,DED,8
BLR,DEL,312
BLR,RDP,8
BLR,GOI,84
BLR,GOX,46
BLR,GBI,13
BLR,GAU,43
BLR,GWL,9
BLR,HBX,24
BLR,HYD,164
BLR,IDR,24
BLR,JAI,37
BLR,JGA,7
BLR,JDH,8
BLR,CDP,3
BLR,CNN,24
BLR,KNU,8
BLR,KLH,8
BLR,CCU,115
BLR,CCJ,8
BLR,KJB,5
BLR,LKO,54
BLR,IXM,32
BLR,IXE,38
BLR,BOM,313
BLR,NAG,24
BLR,PAT,24
BLR,PNY,8
BLR,IXZ,13
BLR,PNQ,111
BLR,RPR,16
BLR,RJA,16
BLR,RAJ,8
BLR,IXR,32
BLR,SAG,16
BLR,IXB,35
BLR,STV,16
BLR,TRZ,16
BLR,TIR,8
BLR,TRV,31
BLR,TCR,8
BLR,UDR,8
BLR,BDQ,8
BLR,VNS,19
BLR,VDY,8
BLR,VGA,40
BLR,VTZ,56
BLR,NRT,3
BLR,KWI,3
BLR,KUL,20
BLR,MLE,8
BLR,KTM,3
BLR,AMS,6
BLR,MCT,11
BLR,DOH,18
BLR,JED,4
BLR,SIN,26
BLR,CMB,16
BLR,DMK,13
BLR,BKK,16
BLR,IST,1
BLR,AUH,16
BLR,DXB,32
BLR,SHJ,10
BLR,LHR,8
BLR,SFO,3
BEN,HBE,10
BEN,CAI,15
BEN,ATH,3
BEN,MRA,6
BEN,SEB,1
BEN,MJI,28
BEN,MLA,1
BEN,JED,2
BEN,TUN,23
BEN,IST,11
BKS,HLP,5
BKS,CGK,45
BKS,PDG,8
BNC,BUX,3
BNC,GOM,4
BNC,IRP,1
BEM,NO,0
BNI,ABV,30
BNI,LOS,32
BNI,PHC,1
BEX,NO,0
BEH,CMH,1
BEH,DTW,1
BEH,MSP,1
BQU,BGI,28
BQU,UNI,14
BBO,NO,0
BGO,SPU,1
BGO,BLL,4
BGO,CPH,45
BGO,FAE,2
BGO,HEL,14
BGO,NCE,3
BGO,CDG,10
BGO,BER,3
BGO,DUS,1
BGO,FRA,14
BGO,HAM,4
BGO,LBC,2
BGO,MUC,3
BGO,CHQ,2
BGO,RHO,1
BGO,KEF,4
BGO,DUB,2
BGO,BGY,3
BGO,FCO,2
BGO,RIX,2
BGO,KUN,3
BGO,AMS,31
BGO,QHB,1
BGO,AES,57
BGO,BOO,10
BGO,EVE,2
BGO,FRO,43
BGO,HAU,34
BGO,KRS,44
BGO,KSU,32
BGO,MOL,28
BGO,HOV,7
BGO,OSL,195
BGO,TRF,42
BGO,SOG,14
BGO,SVG,131
BGO,TOS,26
BGO,TRD,82
BGO,GDN,10
BGO,KTW,2
BGO,KRK,5
BGO,ALC,10
BGO,AGP,3
BGO,PMI,2
BGO,GOT,8
BGO,ARN,18
BGO,ZRH,3
BGO,AYT,3
BGO,ABZ,15
BGO,EDI,4
BGO,LGW,14
BGO,STN,3
BGO,MAN,2
BGO,NCL,3
BGO,LSI,2
BGO,HLC,0
BVG,BJF,6
BVG,HFT,7
BVG,KKN,1
BVG,VDS,6
BER,TIA,6
BER,GRZ,6
BER,INN,1
BER,SZG,7
BER,VIE,54
BER,GYD,2
BER,BRU,38
BER,BNX,2
BER,TZL,4
BER,BOJ,2
BER,SOF,10
BER,VAR,8
BER,PEK,4
BER,DBV,1
BER,RJK,2
BER,SPU,10
BER,ZAD,4
BER,LCA,6
BER,PFO,3
BER,PRG,1
BER,BLL,4
BER,CPH,45
BER,CAI,7
BER,HRG,11
BER,RMF,1
BER,TLL,7
BER,HEL,32
BER,KOK,1
BER,BSL,17
BER,BIA,3
BER,BOD,2
BER,MRS,4
BER,NTE,2
BER,NCE,11
BER,CDG,71
BER,LBG,2
BER,ORY,24
BER,KUT,3
BER,TBS,1
BER,BRE,1
BER,CGN,39
BER,DUS,33
BER,FRA,103
BER,HAJ,1
BER,KSF,2
BER,LEJ,1
BER,MHG,1
BER,MUC,84
BER,FMO,4
BER,OBF,1
BER,PAD,1
BER,QER,1
BER,SCN,13
BER,STR,43
BER,GWT,1
BER,ATH,15
BER,CHQ,6
BER,CFU,6
BER,HER,17
BER,KGS,10
BER,RHO,10
BER,SKG,12
BER,ZTH,1
BER,BUD,18
BER,KEF,13
BER,DUB,30
BER,TLV,26
BER,BRI,4
BER,BLQ,10
BER,BZO,8
BER,CTA,8
BER,GOA,1
BER,BGY,10
BER,LIN,22
BER,MXP,8
BER,NAP,11
BER,OLB,10
BER,PMO,4
BER,PSA,8
BER,FCO,23
BER,TRS,1
BER,VCE,18
BER,VRN,2
BER,PRN,4
BER,RIX,17
BER,BEY,6
BER,VNO,8
BER,LUX,18
BER,MLA,3
BER,KIV,3
BER,TGD,3
BER,TIV,2
BER,RAK,2
BER,AMS,80
BER,RTM,1
BER,SKP,4
BER,BGO,3
BER,OSL,19
BER,TRD,2
BER,GDN,1
BER,KRK,4
BER,RZE,1
BER,WAW,15
BER,FAO,9
BER,FNC,5
BER,LIS,21
BER,OPO,8
BER,DOH,13
BER,OTP,6
BER,CLJ,3
BER,IAS,2
BER,BEG,9
BER,SIN,4
BER,ALC,7
BER,BCN,32
BER,FUE,4
BER,LPA,6
BER,IBZ,9
BER,MAD,28
BER,AGP,16
BER,PMI,72
BER,TFS,7
BER,VLC,7
BER,GOT,4
BER,KID,1
BER,ARN,31
BER,BMA,1
BER,GVA,7
BER,ZRH,62
BER,DJE,1
BER,MIR,3
BER,TUN,2
BER,ADA,1
BER,ESB,4
BER,AYT,50
BER,BJV,1
BER,DLM,2
BER,GZT,2
BER,IST,32
BER,SAW,26
BER,ADB,18
BER,SZF,1
BER,BHX,1
BER,BRS,4
BER,EDI,13
BER,FAB,3
BER,GLA,3
BER,BQH,2
BER,LCY,22
BER,LGW,23
BER,LHR,39
BER,LTN,5
BER,STN,24
BER,MAN,17
BER,EMA,3
BER,JFK,12
BER,EWR,8
BER,IAD,9
BDA,YHZ,1
BDA,YYZ,7
BDA,PDL,1
BDA,LHR,8
BDA,ATL,4
BDA,BWI,1
BDA,BOS,8
BDA,CLT,8
BDA,MDW,1
BDA,MIA,1
BDA,APF,1
BDA,JFK,22
BDA,LGA,8
BDA,EWR,12
BDA,PHL,5
BDA,SAV,1
BDA,TEB,1
BDA,TTN,1
BDA,IAD,1
BDA,PBI,1
BDA,FOK,1
BDA,ILM,1
BRN,INN,1
BRN,LCA,1
BRN,TMP,1
BRN,BOD,1
BRN,FSC,1
BRN,FDH,1
BRN,LBC,2
BRN,FMO,1
BRN,OBF,1
BRN,HER,3
BRN,KGS,1
BRN,RHO,1
BRN,PSA,1
BRN,LUX,1
BRN,ALC,1
BRN,IBZ,1
BRN,PMI,3
BRN,LLA,1
BRN,GVA,2
BRN,ACH,1
BRN,ZRH,2
BRN,AYT,1
BTA,NO,0
BET,ANC,51
BET,ANI,7
BET,ATT,18
BET,CYF,2
BET,VAK,16
BET,DLG,1
BET,EEK,10
BET,EMK,4
BET,GNU,3
BET,HPB,9
BET,KUK,0
BET,KPN,13
BET,KKH,7
BET,KOT,6
BET,KWT,5
BET,KWK,4
BET,MLL,3
BET,MYU,11
BET,MOU,0
BET,WNA,0
BET,PKA,4
BET,WWT,0
BET,NME,7
BET,KWN,7
BET,SCM,13
BET,KSM,7
BET,SNP,2
BET,OOK,7
BET,WTL,10
BTT,AET,5
BTT,AKP,1
BVY,SIR,1
BVY,ACY,1
BVY,ESN,1
BVY,PSM,1
BVY,SAV,1
BZR,CRL,4
BZR,MPL,1
BZR,BVA,4
BZR,PGF,1
BZR,NRN,3
BZR,SNN,2
BZR,ARN,3
BZR,BRS,5
BZR,EDI,2
BZR,LTN,3
BZR,STN,3
BZR,MAN,3
BDP,KTM,70
BMO,MDL,5
BHR,KTM,56
BHR,PKR,8
BHU,BOM,7
BHU,PNQ,7
BHO,AGR,3
BHO,AMD,10
BHO,IXD,5
BHO,BLR,14
BHO,DEL,40
BHO,GOX,3
BHO,HYD,8
BHO,JAI,3
BHO,BOM,24
BHO,RPR,8
BHO,UDR,3
BHO,JED,4
BHO,RKT,1
BBI,AMD,5
BBI,IXD,8
BBI,BLR,51
BBI,MAA,16
BBI,DEL,76
BBI,GOX,5
BBI,HYD,29
BBI,JAI,3
BBI,IXW,8
BBI,PYB,8
BBI,JRG,8
BBI,CCU,53
BBI,BOM,46
BBI,PAT,3
BBI,PNQ,11
BBI,RPR,1
BBI,IXR,1
BBI,RRK,8
BBI,VNS,8
BBI,SIN,2
BBI,BKK,2
BBI,DXB,4
BHJ,AMD,8
BHJ,BOM,8
BHJ,STV,6
BIK,DJJ,16
BIK,UPG,25
BIK,MKW,1
BIK,ZRI,7
BXP,NO,0
BIQ,CRL,2
BIQ,LYS,26
BIQ,MRS,2
BIQ,NCE,2
BIQ,CDG,32
BIQ,LBG,1
BIQ,ORY,24
BIQ,SXB,2
BIQ,LDE,1
BIQ,CGN,2
BIQ,FRA,1
BIQ,MUC,1
BIQ,DUB,6
BIQ,LUX,3
BIQ,IBZ,1
BIQ,GVA,2
BIQ,LGW,2
BIQ,STN,8
BIQ,PWM,1
BFE,CGN,1
BFJ,PKX,5
BFJ,CKG,3
BFJ,KWE,9
BFJ,HGH,8
BFJ,JHG,8
BFJ,LJG,3
BFJ,NNG,2
BFJ,NGB,3
BFJ,PVG,2
BFJ,WUH,4
BFJ,XIY,2
BFJ,XMN,3
BFJ,CGO,3
BFJ,ZUH,2
BKB,NO,0
BIO,VIE,1
BIO,BRU,8
BIO,CPH,4
BIO,LXR,1
BIO,NCY,1
BIO,CDG,29
BIO,DUS,7
BIO,FRA,21
BIO,HAM,2
BIO,MUC,24
BIO,STR,2
BIO,ATH,5
BIO,JTR,1
BIO,DUB,10
BIO,CAG,1
BIO,FLR,5
BIO,MXP,6
BIO,NAP,2
BIO,OLB,3
BIO,FCO,2
BIO,VCE,3
BIO,RIX,2
BIO,RAK,1
BIO,TNG,3
BIO,AMS,29
BIO,EIN,4
BIO,WAW,3
BIO,FAO,3
BIO,LIS,23
BIO,OPO,5
BIO,LCG,2
BIO,ALC,16
BIO,LEI,2
BIO,BCN,48
BIO,FUE,2
BIO,LPA,7
BIO,IBZ,11
BIO,XRY,3
BIO,SPC,1
BIO,ACE,11
BIO,MAD,74
BIO,MAH,14
BIO,AGP,24
BIO,PMI,26
BIO,SCQ,10
BIO,SVQ,31
BIO,TFN,10
BIO,VLC,20
BIO,VGO,3
BIO,GVA,2
BIO,ZRH,3
BIO,IST,5
BIO,BRS,2
BIO,LGW,29
BIO,MAN,6
BIU,RKV,11
BIL,BTM,1
BIL,ORD,8
BIL,DFW,16
BIL,GDV,17
BIL,DEN,33
BIL,GGW,18
BIL,GRR,1
BIL,GTF,3
BIL,HVR,16
BIL,LAS,2
BIL,SDF,1
BIL,MEM,1
BIL,MLS,1
BIL,MSP,8
BIL,MSO,1
BIL,ONT,1
BIL,AZA,3
BIL,RNO,2
BIL,SLC,26
BIL,SBA,1
BIL,BFI,1
BIL,SEA,16
BIL,SDY,41
BIL,OLF,20
BLL,VIE,6
BLL,BRU,7
BLL,CRL,4
BLL,TZL,3
BLL,BOJ,1
BLL,LCA,2
BLL,RNN,6
BLL,CPH,5
BLL,RKE,1
BLL,FAE,4
BLL,HEL,4
BLL,CDG,25
BLL,LBG,1
BLL,TUF,1
BLL,BER,4
BLL,CGN,4
BLL,DUS,1
BLL,FRA,27
BLL,FKB,4
BLL,MUC,9
BLL,ATH,1
BLL,CHQ,4
BLL,HER,4
BLL,RHO,4
BLL,SFJ,4
BLL,BUD,5
BLL,KEF,7
BLL,DUB,6
BLL,AHO,2
BLL,BRI,2
BLL,BLQ,2
BLL,BGY,4
BLL,PSA,3
BLL,FCO,3
BLL,TPS,3
BLL,TRN,2
BLL,TSF,5
BLL,RIX,6
BLL,VNO,2
BLL,MLA,2
BLL,AMS,37
BLL,BGO,4
BLL,OSL,21
BLL,GDN,4
BLL,KRK,5
BLL,POZ,3
BLL,WAW,8
BLL,WRO,3
BLL,PDL,1
BLL,OPO,3
BLL,OTP,4
BLL,IAS,3
BLL,ALC,5
BLL,BCN,4
BLL,LPA,2
BLL,IBZ,1
BLL,MAD,2
BLL,AGP,7
BLL,PMI,12
BLL,SVQ,2
BLL,VLC,3
BLL,GOT,4
BLL,ARN,11
BLL,GVA,1
BLL,ZRH,1
BLL,AYT,9
BLL,GZP,1
BLL,IST,4
BLL,BHX,2
BLL,EDI,4
BLL,LCY,9
BLL,LHR,10
BLL,LTN,1
BLL,STN,22
BLL,MAN,12
BLL,NVI,1
BMU,DPS,8
BMU,LOP,16
BMU,UPG,3
BGM,LGA,15
BGM,MCO,3
BGG,ESB,4
BGG,IST,11
BGG,SAW,2
BTU,BKI,6
BTU,KUL,31
BTU,KCH,32
BTU,MYY,8
BTU,MKM,3
BTU,SBW,8
BIR,KTM,136
BVI,BEU,2
BVI,WNR,2
BHX,GRZ,1
BHX,INN,1
BHX,SZG,1
BHX,BRU,10
BHX,BOJ,3
BHX,SOF,2
BHX,BVC,4
BHX,SID,2
BHX,DBV,5
BHX,PUY,2
BHX,SPU,3
BHX,ZAD,2
BHX,LCA,12
BHX,PFO,10
BHX,PRG,4
BHX,BLL,2
BHX,CPH,6
BHX,PUJ,2
BHX,HRG,3
BHX,SSH,4
BHX,EGC,1
BHX,BOD,2
BHX,NCE,2
BHX,CDG,31
BHX,LBG,1
BHX,ORY,3
BHX,PGF,2
BHX,TLS,2
BHX,DUS,17
BHX,FRA,27
BHX,MUC,14
BHX,PVK,3
BHX,ATH,4
BHX,CHQ,4
BHX,CFU,15
BHX,HER,10
BHX,KLX,1
BHX,KVA,1
BHX,EFL,7
BHX,KGS,11
BHX,JMK,1
BHX,RHO,14
BHX,JTR,4
BHX,JSI,5
BHX,SKG,3
BHX,ZTH,11
BHX,GCI,8
BHX,BUD,2
BHX,ATQ,3
BHX,DEL,3
BHX,ORK,5
BHX,DUB,75
BHX,KIR,1
BHX,NOC,4
BHX,SNN,5
BHX,IOM,8
BHX,CTA,1
BHX,BGY,3
BHX,NAP,7
BHX,OLB,1
BHX,PSA,4
BHX,FCO,4
BHX,VCE,4
BHX,VRN,10
BHX,MBJ,2
BHX,JER,12
BHX,MLA,6
BHX,CUN,3
BHX,AGA,1
BHX,RAK,1
BHX,AMS,53
BHX,BZG,3
BHX,GDN,1
BHX,KRK,7
BHX,POZ,2
BHX,WAW,2
BHX,WMI,3
BHX,WRO,2
BHX,FAO,18
BHX,FNC,3
BHX,LIS,5
BHX,OPO,2
BHX,OTP,10
BHX,CLJ,2
BHX,CRA,3
BHX,BTS,2
BHX,ALC,22
BHX,LEI,4
BHX,BCN,18
BHX,FUE,9
BHX,GRO,6
BHX,LPA,10
BHX,IBZ,18
BHX,ACE,13
BHX,MAD,2
BHX,MAH,11
BHX,AGP,19
BHX,RMU,2
BHX,PMI,43
BHX,REU,8
BHX,SDR,2
BHX,TFS,19
BHX,ARN,2
BHX,GVA,4
BHX,ZRH,9
BHX,NBE,2
BHX,AYT,24
BHX,BJV,6
BHX,DLM,22
BHX,IST,15
BHX,ADB,5
BHX,DXB,16
BHX,ABZ,20
BHX,BHD,32
BHX,BFS,30
BHX,BLK,1
BHX,BRS,1
BHX,EDI,16
BHX,GLA,18
BHX,INV,8
BHX,MLB,2
BHM,ABY,1
BHM,PDK,2
BHM,ATL,66
BHM,ACY,1
BHM,EDC,1
BHM,BWI,8
BHM,BCT,2
BHM,IFP,1
BHM,CLT,37
BHM,MDW,15
BHM,ORD,31
BHM,CMH,1
BHM,DFW,39
BHM,DAL,18
BHM,DEN,23
BHM,DTW,15
BHM,DHN,1
BHM,FLL,1
BHM,GNV,1
BHM,GUF,1
BHM,GPT,1
BHM,HAO,1
BHM,IAH,37
BHM,HOU,14
BHM,JKV,1
BHM,LAS,1
BHM,SDF,1
BHM,MEM,3
BHM,MIA,15
BHM,MGM,2
BHM,BNA,1
BHM,LGA,28
BHM,OUN,1
BHM,MCO,16
BHM,PHL,15
BHM,SEM,1
BHM,TPA,9
BHM,TCL,1
BHM,IAD,1
BHM,DCA,22
BHM,HPN,1
BHH,DMM,3
BHH,JED,11
BHH,RUH,21
BIH,HTH,1
BIH,IYK,1
BIH,PDX,1
BIH,RNO,1
BSK,ALG,8
BSK,LYS,1
BSK,CDG,2
BSK,ORY,2
BIS,AVL,0
BIS,DFW,16
BIS,DEN,24
BIS,FAR,8
BIS,LAS,2
BIS,QQA,1
BIS,MSP,32
BIS,SFB,3
BIS,AZA,3
BIS,RST,1
BIS,SDY,1
BIS,TEB,1
BIS,FOE,0
BBJ,NO,0
BKQ,LRE,4
BBS,NO,0
BLK,RTM,1
BCB,NO,0
BQS,HTA,2
BQS,IKT,6
BQS,KHV,10
BQS,KXK,2
BQS,KJA,8
BQS,GDX,1
BQS,DME,24
BQS,OVB,12
BQS,TYD,3
BQS,UUD,3
BQS,VVO,14
BQS,SVX,8
BQS,UUS,10
BDG,NO,0
BLZ,ADD,5
BLZ,LLW,19
BLZ,BEW,3
BLZ,JNB,8
BLZ,DAR,7
BHE,AKL,36
BHE,CHC,28
BHE,PPQ,5
BHE,WLG,77
BWX,DPS,3
BWX,CGK,17
BID,WST,79
BFN,CPT,24
BFN,DUR,10
BFN,GRJ,5
BFN,JNB,47
BLO,NO,0
BMG,GYY,1
BMI,ATL,16
BMI,ORD,20
BMI,DFW,16
BMI,DEN,3
BMI,DET,1
BMI,DTW,2
BMI,MEM,2
BMI,SFB,3
BMI,PIE,2
BEF,RNI,16
BEF,MGA,16
BLH,NO,0
BYH,NO,0
BVB,BEL,6
BVB,BSB,16
BVB,VCP,1
BVB,MAO,7
BVB,GTP,6
BVC,SID,17
BVC,RAI,5
BVC,LIS,2
BVC,BHX,4
BVC,LGW,4
BVC,MAN,2
BCT,NAS,1
BCT,FRA,1
BCT,ASE,1
BCT,BHM,0
BCT,SSI,1
BCT,CHS,1
BCT,PWK,1
BCT,MDW,1
BCT,FXE,1
BCT,LBT,1
BCT,ACK,2
BCT,APF,1
BCT,AGC,1
BCT,SRQ,1
BCT,UST,1
BCT,PIE,1
BCT,SCE,0
BCT,TEB,2
BCT,TUL,0
BCT,VRB,1
BCT,BDL,1
BOC,SJO,0
BOC,DAV,4
BOC,PAC,11
BOO,HEL,3
BOO,BGO,10
BOO,BNN,20
BOO,EVE,21
BOO,LKN,51
BOO,MQN,21
BOO,MJF,14
BOO,OSL,74
BOO,RET,7
BOO,SSJ,14
BOO,SKN,35
BOO,SVJ,39
BOO,TOS,51
BOO,TRD,43
BOO,VRY,14
BOO,PMI,1
BJV,BAH,0
BJV,BRU,2
BJV,SOF,2
BJV,BRQ,1
BJV,PRG,2
BJV,NCE,1
BJV,ORY,2
BJV,BER,1
BJV,CGN,4
BJV,DUS,4
BJV,FRA,4
BJV,HAJ,3
BJV,MUC,4
BJV,STR,1
BJV,DUB,3
BJV,TLV,4
BJV,LIN,1
BJV,ALA,3
BJV,KWI,6
BJV,AMS,1
BJV,SKP,0
BJV,KTW,1
BJV,POZ,1
BJV,WAW,3
BJV,WRO,2
BJV,DOH,6
BJV,KZN,4
BJV,SVO,11
BJV,VKO,32
BJV,KUF,1
BJV,LED,2
BJV,TJM,1
BJV,RUH,3
BJV,ADA,8
BJV,ESB,36
BJV,AYT,2
BJV,DLM,1
BJV,IST,96
BJV,SAW,115
BJV,ADB,2
BJV,BHX,5
BJV,BRS,6
BJV,EDI,3
BJV,GLA,2
BJV,LBA,3
BJV,LPL,2
BJV,LGW,15
BJV,LHR,2
BJV,LTN,5
BJV,STN,3
BJV,MAN,8
BJV,NCL,2
BJV,EMA,2
BOG,AEP,8
BOG,EZE,16
BOG,AUA,12
BOG,LPB,8
BOG,VVI,8
BOG,CNF,6
BOG,MAO,4
BOG,GIG,8
BOG,GRU,32
BOG,YUL,3
BOG,YYZ,13
BOG,SCL,40
BOG,HAY,3
BOG,APO,5
BOG,AUC,24
BOG,AXM,40
BOG,EJA,26
BOG,BAQ,173
BOG,BGA,136
BOG,BUN,2
BOG,CLO,247
BOG,CTG,253
BOG,CUC,75
BOG,FLA,22
BOG,IBE,14
BOG,IPI,9
BOG,LMC,3
BOG,LET,19
BOG,MZL,18
BOG,EOH,39
BOG,MDE,330
BOG,MVP,4
BOG,MTR,53
BOG,NVA,50
BOG,PSO,38
BOG,PEI,108
BOG,PTX,7
BOG,PPN,19
BOG,PUU,21
BOG,PCR,7
BOG,MSK,10
BOG,PDA,7
BOG,UIB,20
BOG,RCH,31
BOG,ADZ,71
BOG,SJE,8
BOG,SVI,2
BOG,SMR,139
BOG,RVE,3
BOG,TME,2
BOG,TCO,8
BOG,VUP,31
BOG,VGZ,5
BOG,VVC,8
BOG,EYP,47
BOG,SJO,38
BOG,HAV,6
BOG,CUR,12
BOG,PUJ,25
BOG,SDQ,26
BOG,GYE,36
BOG,UIO,68
BOG,SAL,16
BOG,CDG,8
BOG,FRA,5
BOG,GUA,9
BOG,CUN,49
BOG,GDL,2
BOG,MEX,65
BOG,MTY,2
BOG,BLB,8
BOG,PTY,83
BOG,ASU,5
BOG,LIM,62
BOG,SJU,13
BOG,BCN,10
BOG,MAD,54
BOG,LHR,8
BOG,ATL,8
BOG,BOS,6
BOG,DFW,9
BOG,FLL,20
BOG,IAH,16
BOG,LAX,8
BOG,MIA,115
BOG,JFK,32
BOG,EWR,16
BOG,MCO,20
BOG,IAD,8
BOG,MVD,5
BOG,CCS,24
BOG,VLN,1
BOI,YYC,1
BOI,ABQ,1
BOI,ATL,8
BOI,AUS,0
BOI,BIL,2
BOI,BOI,0
BOI,BUR,6
BOI,CPR,2
BOI,ORD,16
BOI,DFW,16
BOI,DEN,55
BOI,SUN,0
BOI,FCA,1
BOI,LAS,35
BOI,LAX,28
BOI,SDF,1
BOI,MEM,1
BOI,MSP,24
BOI,OAK,16
BOI,ONT,2
BOI,AZA,2
BOI,PHX,26
BOI,PIH,1
BOI,PDX,27
BOI,PUW,6
BOI,RNO,0
BOI,RNT,0
BOI,RIV,1
BOI,SMF,23
BOI,SLC,45
BOI,SAN,10
BOI,CLD,1
BOI,SFO,40
BOI,SJC,23
BOI,SNA,3
BOI,BFI,1
BOI,SEA,128
BOI,SFF,1
BOI,GEG,23
BJB,THR,3
BWK,ZAG,3
BWK,MUC,1
BWK,BZO,2
BWK,OLB,1
BWK,OXF,1
BPL,AKU,8
BPL,CSX,4
BPL,CTU,8
BPL,KRL,8
BPL,URC,27
BPL,WUH,1
BPL,XIY,5
BLQ,TIA,24
BLQ,VIE,22
BLQ,BRU,7
BLQ,CRL,9
BLQ,LGG,1
BLQ,SOF,7
BLQ,ZAD,2
BLQ,PFO,2
BLQ,PRG,9
BLQ,BLL,2
BLQ,CPH,18
BLQ,RMF,3
BLQ,MUH,1
BLQ,SSH,3
BLQ,HEL,4
BLQ,LYS,9
BLQ,MRS,3
BLQ,BVA,9
BLQ,CDG,40
BLQ,LBG,1
BLQ,ORY,5
BLQ,TLS,3
BLQ,BER,10
BLQ,CGN,12
BLQ,DUS,8
BLQ,FRA,27
BLQ,HAM,1
BLQ,MHG,4
BLQ,MUC,24
BLQ,NUE,2
BLQ,RMS,1
BLQ,PVK,1
BLQ,ATH,12
BLQ,CHQ,3
BLQ,CFU,5
BLQ,HER,8
BLQ,KGS,4
BLQ,JMK,4
BLQ,RHO,3
BLQ,SKG,5
BLQ,BUD,3
BLQ,KEF,3
BLQ,DUB,3
BLQ,SNN,1
BLQ,TLV,2
BLQ,AHO,15
BLQ,BRI,16
BLQ,BDS,19
BLQ,CAG,17
BLQ,CTA,41
BLQ,CIY,6
BLQ,CRV,6
BLQ,SUF,13
BLQ,LMP,2
BLQ,OLB,9
BLQ,PMO,23
BLQ,PNL,2
BLQ,CIA,1
BLQ,FCO,21
BLQ,TPS,16
BLQ,TSF,1
BLQ,VRN,1
BLQ,AMM,2
BLQ,LUX,2
BLQ,MLA,10
BLQ,CMN,20
BLQ,FEZ,2
BLQ,RAK,2
BLQ,AMS,25
BLQ,EIN,7
BLQ,SKP,3
BLQ,KRK,3
BLQ,WAW,2
BLQ,WMI,5
BLQ,WRO,4
BLQ,LIS,17
BLQ,OPO,3
BLQ,OTP,14
BLQ,CLJ,7
BLQ,CRA,3
BLQ,IAS,5
BLQ,SCV,3
BLQ,TSR,4
BLQ,BEG,4
BLQ,ALC,7
BLQ,BCN,31
BLQ,FUE,3
BLQ,LPA,3
BLQ,IBZ,9
BLQ,ACE,2
BLQ,MAD,26
BLQ,MAH,3
BLQ,AGP,4
BLQ,PMI,8
BLQ,SDR,2
BLQ,SCQ,3
BLQ,SVQ,5
BLQ,TFS,4
BLQ,VLC,11
BLQ,ZAZ,2
BLQ,ARN,3
BLQ,ZRH,14
BLQ,TUN,5
BLQ,IST,20
BLQ,SAW,8
BLQ,DXB,8
BLQ,EDI,3
BLQ,LGW,6
BLQ,LHR,22
BLQ,LTN,4
BLQ,STN,14
BLQ,MAN,4
BZO,BWK,2
BZO,DBV,2
BZO,BER,7
BZO,QCO,1
BZO,DUS,7
BZO,FRA,1
BZO,HAM,6
BZO,KSF,4
BZO,BDS,2
BZO,CAG,2
BZO,CTA,2
BZO,SUF,2
BZO,OLB,7
BZO,CIA,1
BZO,VCE,1
BZO,BBU,1
BZO,IBZ,5
BON,AUA,5
BON,CMW,0
BON,SCU,1
BON,CUR,148
BON,SDQ,2
BON,AMS,14
BON,PBM,1
BON,ATL,1
BON,IAH,1
BON,MIA,4
BON,EWR,1
BYO,VCP,5
BYO,CGH,2
BOB,HUH,7
BOB,MAU,1
BOB,MOZ,1
BOB,PPT,78
BOB,RFP,13
BOB,RGI,7
BOD,ALG,11
BOD,ORN,3
BOD,BRU,15
BOD,CRL,8
BOD,YUL,3
BOD,DBV,3
BOD,SPU,3
BOD,ZAD,3
BOD,PFO,2
BOD,PRG,3
BOD,CPH,3
BOD,AJA,11
BOD,BSL,14
BOD,BIA,4
BOD,BES,13
BOD,CLY,1
BOD,CFE,1
BOD,FSC,6
BOD,EDM,1
BOD,LIL,18
BOD,LYS,52
BOD,MRS,33
BOD,NCE,29
BOD,CDG,63
BOD,VIY,1
BOD,UIP,1
BOD,SXB,8
BOD,BER,2
BOD,DUS,2
BOD,FRA,9
BOD,MUC,3
BOD,STR,3
BOD,ATH,4
BOD,CFU,1
BOD,HER,5
BOD,JTR,3
BOD,HKG,1
BOD,ORK,4
BOD,DUB,15
BOD,AHO,2
BOD,BRI,4
BOD,FLR,2
BOD,BGY,3
BOD,MXP,4
BOD,NAP,2
BOD,OLB,1
BOD,PSA,2
BOD,FCO,5
BOD,TPS,2
BOD,VCE,5
BOD,MLA,2
BOD,AGA,2
BOD,CMN,7
BOD,ESU,2
BOD,FEZ,6
BOD,RAK,13
BOD,TNG,2
BOD,AMS,22
BOD,EIN,3
BOD,KRK,2
BOD,FAO,7
BOD,LIS,16
BOD,OPO,19
BOD,SIN,1
BOD,ALC,6
BOD,BCN,11
BOD,GRO,1
BOD,IBZ,3
BOD,ACE,3
BOD,MAD,22
BOD,MAH,4
BOD,AGP,7
BOD,PMI,12
BOD,SCQ,2
BOD,SVQ,2
BOD,TFS,5
BOD,VLC,2
BOD,BRN,1
BOD,GVA,23
BOD,ZRH,8
BOD,DJE,1
BOD,TUN,4
BOD,IST,5
BOD,BHX,2
BOD,BRS,5
BOD,EDI,4
BOD,BQH,1
BOD,LGW,23
BOD,LTN,4
BOD,STN,8
BOD,MAN,8
BOD,LIT,1
BGD,NO,0
BMK,NO,0
BLE,RHO,1
BPA,CEB,2
BSA,JIB,1
BSA,ADD,2
BSA,GGR,4
BSA,HGA,1
BSA,MGQ,7
BSA,DXB,1
BST,NO,0
BOS,AUA,10
BOS,GGT,1
BOS,NAS,1
BOS,BGI,1
BOS,BDA,8
BOS,GRU,3
BOS,YYC,5
BOS,YHZ,9
BOS,YUL,32
BOS,YOW,0
BOS,YTZ,0
BOS,YYZ,41
BOS,YVR,0
BOS,BOG,6
BOS,CPH,6
BOS,POP,1
BOS,PUJ,9
BOS,STI,16
BOS,SDQ,16
BOS,SAL,4
BOS,CDG,20
BOS,FRA,15
BOS,MUC,6
BOS,ATH,4
BOS,HKG,3
BOS,KEF,32
BOS,DUB,24
BOS,SNN,8
BOS,TLV,8
BOS,FCO,16
BOS,MBJ,1
BOS,NRT,8
BOS,CUN,17
BOS,AMS,21
BOS,SXM,1
BOS,PTY,8
BOS,TER,1
BOS,LIS,24
BOS,PDL,8
BOS,SJU,40
BOS,DOH,8
BOS,ICN,8
BOS,BCN,4
BOS,MAD,8
BOS,ZRH,16
BOS,IST,8
BOS,PLS,1
BOS,DXB,8
BOS,EDI,8
BOS,LGW,8
BOS,LHR,65
BOS,CAK,1
BOS,ABE,1
BOS,AVL,5
BOS,PDK,2
BOS,ATL,107
BOS,AUG,33
BOS,AUS,39
BOS,BWI,93
BOS,BED,2
BOS,BVY,1
BOS,BUF,31
BOS,CHS,26
BOS,CLT,109
BOS,CHO,1
BOS,PWK,1
BOS,MDW,32
BOS,ORD,142
BOS,RFD,1
BOS,LUK,2
BOS,CVG,43
BOS,CLE,46
BOS,CMH,36
BOS,DFW,84
BOS,DEN,76
BOS,BJC,1
BOS,DTW,54
BOS,FAR,1
BOS,FLL,49
BOS,FWA,1
BOS,GRR,2
BOS,BHB,24
BOS,MDT,7
BOS,HFD,1
BOS,HHH,1
BOS,HNL,4
BOS,IAH,47
BOS,HYA,10
BOS,IND,48
BOS,JAX,31
BOS,MCI,24
BOS,ENW,1
BOS,TYS,2
BOS,LAS,39
BOS,LEB,32
BOS,LAX,114
BOS,SDF,26
BOS,MHT,1
BOS,MVY,49
BOS,MSS,24
BOS,MEM,24
BOS,MIA,78
BOS,OPF,1
BOS,MKE,23
BOS,MSP,61
BOS,MYR,10
BOS,ACK,79
BOS,BNA,56
BOS,MSY,24
BOS,JFK,131
BOS,LGA,168
BOS,EWR,87
BOS,ORF,10
BOS,MCO,91
BOS,PHL,108
BOS,PHX,41
BOS,PIT,41
BOS,PDX,15
BOS,PVD,1
BOS,PVC,36
BOS,RDU,63
BOS,RIC,46
BOS,ROC,30
BOS,RKD,32
BOS,RUT,24
BOS,SMF,8
BOS,SLC,32
BOS,SAT,8
BOS,SAN,40
BOS,SFO,114
BOS,SJC,8
BOS,SLK,16
BOS,SRQ,7
BOS,SAV,19
BOS,SEA,59
BOS,RSW,30
BOS,SUS,1
BOS,CPS,1
BOS,STL,30
BOS,STP,2
BOS,SYR,15
BOS,TPA,52
BOS,TEB,9
BOS,TVC,10
BOS,TTN,1
BOS,TUL,1
BOS,IAD,32
BOS,DCA,223
BOS,PBI,31
BOS,FOK,1
BOS,HPN,23
BOS,ILM,10
BOS,STT,1
BYK,ABJ,0
BLD,GCW,6
BQL,BEU,2
BQL,ISA,2
BTF,NO,0
BOU,NO,0
BRK,DBO,3
BOH,CSX,3
BOH,CTU,3
BOH,FOC,4
BOH,SZX,2
BOH,ZAD,2
BOH,PFO,2
BOH,EGC,3
BOH,CCF,2
BOH,SCN,1
BOH,CFU,2
BOH,HER,1
BOH,EFL,1
BOH,RHO,1
BOH,ZTH,1
BOH,GCI,1
BOH,BUD,2
BOH,DUB,3
BOH,VCE,3
BOH,JER,1
BOH,MLA,2
BOH,ENS,1
BOH,KRK,2
BOH,WRO,2
BOH,FAO,5
BOH,ALC,7
BOH,GRO,6
BOH,LPA,1
BOH,IBZ,1
BOH,ACE,1
BOH,MAH,2
BOH,AGP,7
BOH,RMU,4
BOH,PMI,13
BOH,TFS,3
BOH,EDI,4
BOH,BQH,1
BOH,LTN,1
BOH,JFK,3
BVJ,NO,0
BWG,LUK,5
BWG,ECP,1
BZN,ATL,8
BZN,AUS,2
BZN,BIL,3
BZN,ORD,18
BZN,DFW,17
BZN,DAL,1
BZN,APA,1
BZN,DEN,62
BZN,BJC,1
BZN,GTF,4
BZN,IAH,2
BZN,JAC,2
BZN,FCA,1
BZN,LAS,16
BZN,LEB,0
BZN,LAX,8
BZN,MSP,24
BZN,BNA,4
BZN,JFK,0
BZN,EWR,2
BZN,PGA,1
BZN,AZA,4
BZN,PDX,0
BZN,MHR,1
BZN,SLC,33
BZN,SFO,7
BZN,BFI,1
BZN,SEA,24
BZN,GEG,1
BZN,IAD,2
BFD,PIT,14
BFD,IAD,14
BGZ,NO,0
BGC,VRL,14
BRD,DLH,1
BRD,MSP,15
BRD,ACK,1
BKG,LIT,1
BSB,AEP,3
BSB,AJU,8
BSB,AUX,4
BSB,BRA,8
BSB,BEL,25
BSB,CNF,77
BSB,BVB,16
BSB,VCP,58
BSB,CGR,13
BSB,CGB,26
BSB,CWB,32
BSB,FLN,23
BSB,FOR,40
BSB,GYN,27
BSB,IMP,2
BSB,JPA,16
BSB,MCP,15
BSB,MCZ,20
BSB,MAO,33
BSB,MAB,16
BSB,NAT,24
BSB,PMW,15
BSB,POA,41
BSB,BPS,9
BSB,PVH,17
BSB,REC,63
BSB,RAO,8
BSB,RBR,16
BSB,GIG,18
BSB,SDU,141
BSB,SSA,54
BSB,STM,8
BSB,SJP,7
BSB,SLZ,16
BSB,CGH,209
BSB,GRU,84
BSB,OPS,8
BSB,THE,24
BSB,VIX,15
BSB,PTY,8
BSB,LIM,8
BSB,LIS,7
BSB,GTP,6
BSB,MIA,7
BSB,MCO,6
BRV,NO,0
BTS,TIA,1
BTS,CRL,4
BTS,BOJ,4
BTS,SOF,5
BTS,BVC,1
BTS,ZAG,4
BTS,LCA,8
BTS,PFO,3
BTS,OSR,1
BTS,PRG,1
BTS,HRG,4
BTS,RMF,3
BTS,MUH,1
BTS,TCP,1
BTS,NCE,2
BTS,LEJ,3
BTS,QCP,1
BTS,CFU,6
BTS,HER,6
BTS,KVA,1
BTS,EFL,1
BTS,KGS,1
BTS,GPA,2
BTS,RHO,5
BTS,SKG,5
BTS,ZTH,3
BTS,DUB,2
BTS,AHO,5
BTS,BGY,8
BTS,OLB,1
BTS,CIA,2
BTS,TPS,3
BTS,AQJ,2
BTS,KUN,4
BTS,MLA,4
BTS,EIN,2
BTS,SKP,4
BTS,SCV,1
BTS,KSC,1
BTS,SLD,1
BTS,LEI,1
BTS,ACE,1
BTS,MAD,1
BTS,MAH,1
BTS,PMI,6
BTS,DJE,0
BTS,MIR,5
BTS,AYT,23
BTS,DLM,2
BTS,ADB,2
BTS,EDI,3
BTS,LBA,3
BTS,BQH,1
BTS,LTN,7
BTS,STN,6
BTS,MAN,4
BTK,IKT,9
BTK,DME,8
BTK,OVB,13
BWE,RKE,1
BWE,DRS,1
BWE,FRA,1
BWE,IGS,3
BWE,MUC,1
BWE,STR,1
BWE,OLB,1
BWE,LUX,1
BWC,NO,0
BZV,COO,3
BZV,DLA,2
BZV,ION,2
BZV,OUE,1
BZV,PNR,61
BZV,FIH,8
BZV,ADD,1
BZV,CDG,4
BZV,LBG,1
BZV,LBV,8
BZV,NBO,1
BZV,CMN,2
BRE,BRU,1
BRE,ZAD,2
BRE,HRG,1
BRE,HEL,1
BRE,TLS,1
BRE,CGN,1
BRE,FRA,36
BRE,HAM,2
BRE,MUC,40
BRE,STR,4
BRE,CHQ,1
BRE,HER,3
BRE,KGS,2
BRE,RHO,3
BRE,BEY,1
BRE,VNO,2
BRE,AMS,26
BRE,SKP,3
BRE,OPO,3
BRE,IAS,0
BRE,TAT,1
BRE,ALC,2
BRE,FUE,2
BRE,LPA,2
BRE,AGP,2
BRE,PMI,23
BRE,TFS,2
BRE,ACH,1
BRE,ZRH,1
BRE,AYT,17
BRE,IST,10
BRE,ADB,2
BRE,STN,9
BQT,NO,0
BES,RKE,1
BES,AJA,1
BES,BIA,1
BES,BOD,13
BES,FSC,1
BES,LBY,1
BES,LYN,1
BES,LYS,23
BES,MRS,7
BES,MPL,2
BES,MXN,1
BES,NCE,6
BES,OUI,27
BES,CDG,37
BES,ORY,19
BES,UIP,1
BES,TLN,2
BES,TNF,1
BES,HER,1
BES,DUB,2
BES,OPO,2
BES,PMI,2
BVS,BEL,2
BVS,PTQ,4
BIV,NO,0
BGI,ANU,17
BGI,YYZ,8
BGI,DOM,14
BGI,SDQ,1
BGI,GND,18
BGI,GEO,13
BGI,OGL,8
BGI,KIN,0
BGI,FDF,5
BGI,SXM,1
BGI,PTY,3
BGI,SJU,2
BGI,SKB,5
BGI,SLU,27
BGI,BQU,14
BGI,SVD,27
BGI,MQS,21
BGI,UNI,14
BGI,POS,28
BGI,TAB,3
BGI,LHR,14
BGI,BOS,2
BGI,CLT,1
BGI,MIA,17
BGI,JFK,8
BMC,NO,0
BDS,BRU,3
BDS,CRL,6
BDS,ZAG,2
BDS,PRG,1
BDS,BSL,7
BDS,NTE,2
BDS,BVA,2
BDS,ORY,2
BDS,CGN,1
BDS,DUS,1
BDS,FMM,4
BDS,MUC,2
BDS,STR,3
BDS,DUB,4
BDS,BLQ,19
BDS,BZO,2
BDS,VBS,1
BDS,CAG,2
BDS,GOA,2
BDS,SUF,2
BDS,BGY,28
BDS,LIN,24
BDS,MXP,33
BDS,PMO,2
BDS,PEG,2
BDS,PSA,11
BDS,FCO,38
BDS,TPS,3
BDS,TRN,11
BDS,VCE,9
BDS,VRN,5
BDS,LUX,2
BDS,EIN,3
BDS,RTM,3
BDS,WRO,2
BDS,BCN,2
BDS,MAD,2
BDS,ARN,2
BDS,GVA,12
BDS,ZRH,15
BDS,LGW,3
BDS,LHR,6
BDS,STN,7
BDS,MAN,2
BNE,ADL,101
BNE,ABX,11
BNE,ASP,4
BNE,ARM,0
BNE,BBL,2
BNE,BCI,3
BNE,ZBL,0
BNE,BKQ,4
BNE,BDB,29
BNE,CNS,100
BNE,CBR,81
BNE,CTL,4
BNE,CNJ,4
BNE,CFS,2
BNE,DRW,27
BNE,DBO,0
BNE,EMD,38
BNE,GLT,50
BNE,HTI,13
BNE,HVB,22
BNE,HBA,23
BNE,IVR,0
BNE,LST,10
BNE,LRE,1
BNE,MKY,71
BNE,MEL,270
BNE,WLE,5
BNE,MOO,1
BNE,MOV,42
BNE,ISA,18
BNE,NTL,74
BNE,NLK,3
BNE,OAG,0
BNE,PER,74
BNE,PQQ,6
BNE,PPP,23
BNE,ROK,93
BNE,RMA,36
BNE,MCY,1
BNE,SYD,367
BNE,TMW,0
BNE,WTB,5
BNE,TSV,86
BNE,TQP,3
BNE,WGA,5
BNE,WEI,1
BNE,WOL,0
BNE,YVR,8
BNE,NAN,18
BNE,HKG,4
BNE,DPS,21
BNE,HND,3
BNE,INU,11
BNE,NOU,5
BNE,AKL,47
BNE,CHC,17
BNE,ZQN,7
BNE,WLG,8
BNE,POM,15
BNE,MNL,5
BNE,DOH,8
BNE,APW,5
BNE,SIN,32
BNE,HIR,5
BNE,ICN,5
BNE,TPE,8
BNE,DXB,16
BNE,LAX,8
BNE,SFO,3
BNE,SON,1
BNE,VLI,7
BRS,INN,1
BRS,BOJ,2
BRS,SID,1
BRS,DBV,6
BRS,PUY,2
BRS,SPU,5
BRS,LCA,8
BRS,PFO,11
BRS,PRG,3
BRS,CPH,4
BRS,HRG,4
BRS,SSH,5
BRS,BSL,4
BRS,EGC,2
BRS,BZR,5
BRS,BOD,5
BRS,LIG,3
BRS,MRS,6
BRS,NTE,2
BRS,NCE,11
BRS,CDG,16
BRS,LBG,1
BRS,ORY,17
BRS,TLS,8
BRS,BER,4
BRS,CGN,4
BRS,FRA,11
BRS,GIB,3
BRS,PVK,4
BRS,ATH,5
BRS,CFU,12
BRS,HER,8
BRS,EFL,7
BRS,KGS,10
BRS,JMK,1
BRS,RHO,14
BRS,JTR,4
BRS,JSI,4
BRS,SKG,2
BRS,ZTH,11
BRS,GCI,9
BRS,BUD,4
BRS,ORK,7
BRS,DUB,47
BRS,NOC,4
BRS,IOM,2
BRS,CTA,2
BRS,BGY,7
BRS,MXP,3
BRS,NAP,5
BRS,OLB,2
BRS,PSA,6
BRS,FCO,8
BRS,VCE,7
BRS,VRN,3
BRS,JER,12
BRS,RIX,2
BRS,KUN,2
BRS,MLA,3
BRS,CUN,1
BRS,RAK,1
BRS,AMS,54
BRS,BZG,2
BRS,GDN,3
BRS,KTW,2
BRS,KRK,5
BRS,POZ,3
BRS,RZE,3
BRS,WMI,3
BRS,WRO,2
BRS,FAO,28
BRS,FNC,4
BRS,LIS,8
BRS,OPO,8
BRS,OTP,2
BRS,ALC,37
BRS,BCN,23
BRS,BIO,2
BRS,FUE,9
BRS,GRO,8
BRS,LPA,13
BRS,IBZ,17
BRS,ACE,15
BRS,MAD,9
BRS,MAH,10
BRS,AGP,30
BRS,RMU,4
BRS,PMI,45
BRS,REU,4
BRS,TFS,21
BRS,VLC,2
BRS,GVA,10
BRS,ZRH,4
BRS,NBE,3
BRS,AYT,19
BRS,BJV,5
BRS,DLM,17
BRS,ABZ,7
BRS,BHD,5
BRS,BFS,31
BRS,EDI,34
BRS,GLA,27
BRS,INV,8
BRS,NCL,14
BRS,MLB,1
BVE,CRL,2
BVE,MRS,1
BVE,MPL,1
BVE,ORY,13
BVE,OPO,4
BVE,STN,3
BZZ,BHX,1
BRQ,BOJ,4
BRQ,VAR,1
BRQ,BWK,1
BRQ,OSR,2
BRQ,PRG,2
BRQ,HRG,5
BRQ,RMF,5
BRQ,CDG,4
BRQ,MHG,1
BRQ,MUC,1
BRQ,NUE,1
BRQ,CFU,2
BRQ,HER,5
BRQ,KGS,2
BRQ,RHO,4
BRQ,ZTH,2
BRQ,SUF,1
BRQ,BGY,2
BRQ,TIV,0
BRQ,OTP,1
BRQ,KSC,1
BRQ,FUE,1
BRQ,PMI,1
BRQ,TFS,1
BRQ,AYT,8
BRQ,STN,8
BBW,TYQ,1
BHQ,ADL,10
BHQ,DBO,5
BHQ,SYD,11
BNN,BOO,20
BNN,OSL,4
BNN,TRD,28
BKX,NO,0
BME,DRB,5
BME,FIZ,0
BME,KNX,8
BME,MEL,3
BME,PER,37
BME,PHE,4
BME,SYD,1
BME,WLP,1
BRO,BZE,1
BRO,NTR,1
BRO,BUR,3
BRO,DFW,30
BRO,EKX,1
BRO,IAH,39
BRO,MCO,2
BWD,AUS,3
BWD,PWA,1
BWD,SAT,1
BWN,MEL,5
BWN,HGH,1
BWN,HKG,3
BWN,CGK,6
BWN,SUB,5
BWN,NRT,4
BWN,BKI,7
BWN,KUL,25
BWN,KCH,2
BWN,MNL,10
BWN,MED,1
BWN,SIN,16
BWN,ICN,4
BWN,TPE,3
BWN,BKK,5
BWN,DXB,1
BWN,LHR,1
BWN,SGN,3
BQK,ATL,16
BRU,TIA,5
BRU,ALG,6
BRU,CZL,2
BRU,ORN,2
BRU,LAD,3
BRU,EVN,3
BRU,LNZ,1
BRU,VIE,54
BRU,COO,3
BRU,BOJ,1
BRU,SOF,4
BRU,OUA,3
BRU,BJM,3
BRU,DLA,8
BRU,YUL,10
BRU,BVC,3
BRU,PEK,12
BRU,CTU,1
BRU,CKG,3
BRU,XIY,2
BRU,CGO,1
BRU,ABJ,0
BRU,DBV,5
BRU,SPU,2
BRU,ZAD,1
BRU,ZAG,13
BRU,VRA,3
BRU,PFO,2
BRU,PRG,21
BRU,FIH,5
BRU,BLL,7
BRU,CPH,53
BRU,PUJ,3
BRU,CAI,5
BRU,HRG,7
BRU,RMF,2
BRU,SSH,2
BRU,TLL,5
BRU,ADD,5
BRU,HEL,19
BRU,BSL,1
BRU,BOD,16
BRU,CEQ,1
BRU,LBY,1
BRU,LIG,1
BRU,LYS,19
BRU,MRS,16
BRU,NCE,25
BRU,CDG,17
BRU,SXB,0
BRU,TLS,19
BRU,BER,39
BRU,CGN,2
BRU,QCD,1
BRU,FRA,65
BRU,HAM,15
BRU,MUC,52
BRU,STR,1
BRU,ACC,6
BRU,ATH,31
BRU,CHQ,7
BRU,CFU,4
BRU,HER,24
BRU,KGS,12
BRU,JMK,1
BRU,MJT,1
BRU,GPA,2
BRU,RHO,11
BRU,SMI,2
BRU,SKG,4
BRU,ZTH,5
BRU,BUD,14
BRU,KEF,11
BRU,BOM,4
BRU,DUB,35
BRU,TLV,15
BRU,BLQ,7
BRU,BDS,5
BRU,CTA,5
BRU,FLR,8
BRU,LIN,43
BRU,MXP,16
BRU,NAP,10
BRU,OLB,1
BRU,PSA,2
BRU,FCO,48
BRU,VCE,15
BRU,NRT,2
BRU,RIX,12
BRU,BEY,6
BRU,VNO,5
BRU,MLA,8
BRU,MRU,3
BRU,CUN,1
BRU,KIV,2
BRU,TIV,1
BRU,AGA,4
BRU,AHU,2
BRU,CMN,22
BRU,FEZ,5
BRU,RAK,5
BRU,NDR,9
BRU,OUD,4
BRU,RBA,5
BRU,TNG,12
BRU,TTU,3
BRU,AMS,31
BRU,LOS,1
BRU,OSL,28
BRU,WAW,30
BRU,BYJ,1
BRU,CAT,1
BRU,FAO,13
BRU,FNC,2
BRU,LIS,48
BRU,PDL,1
BRU,OPO,18
BRU,DOH,22
BRU,OTP,12
BRU,KGL,8
BRU,DSS,10
BRU,BEG,2
BRU,FNA,5
BRU,LJU,7
BRU,JNB,3
BRU,ICN,2
BRU,ALC,33
BRU,LEI,2
BRU,BCN,48
BRU,BIO,8
BRU,GRO,2
BRU,LPA,9
BRU,IBZ,13
BRU,XRY,2
BRU,ACE,5
BRU,MAD,76
BRU,MAH,2
BRU,AGP,34
BRU,PMI,18
BRU,REU,2
BRU,SVQ,5
BRU,TFS,17
BRU,VLC,15
BRU,VIT,1
BRU,GOT,15
BRU,JKG,2
BRU,ARN,13
BRU,BMA,20
BRU,GVA,49
BRU,ZRH,30
BRU,DJE,9
BRU,NBE,1
BRU,MIR,2
BRU,TUN,12
BRU,ADA,1
BRU,ESB,3
BRU,AYT,19
BRU,BJV,4
BRU,DLM,4
BRU,AOE,6
BRU,IST,34
BRU,SAW,8
BRU,ADB,5
BRU,AUH,6
BRU,DXB,14
BRU,DWC,7
BRU,SHJ,7
BRU,BHX,10
BRU,EDI,8
BRU,BQH,1
BRU,LCY,1
BRU,LHR,51
BRU,LTN,2
BRU,MAN,14
BRU,EMA,1
BRU,BGR,2
BRU,ORD,11
BRU,MIA,0
BRU,JFK,16
BRU,EWR,8
BRU,IAD,12
BZK,NO,0
BGA,AUC,8
BGA,BOG,139
BGA,CTG,5
BGA,CUC,16
BGA,EOH,11
BGA,MDE,21
BGA,RVE,7
BGA,EYP,3
BGA,PTY,3
BGA,FLL,4
BGA,MIA,3
BBU,LCA,1
BBU,NCE,1
BBU,BZO,1
BBU,FCO,10
BBU,KIV,1
BBU,WAW,2
BBU,TSR,1
BKC,DRG,12
BKC,OTZ,8
BUD,TIA,3
BUD,VIE,24
BUD,GYD,2
BUD,BRU,14
BUD,CRL,15
BUD,BOJ,5
BUD,SOF,3
BUD,CTU,3
BUD,TFU,2
BUD,CKG,2
BUD,PVG,10
BUD,CGO,1
BUD,ZAD,4
BUD,LCA,9
BUD,PFO,7
BUD,PRG,10
BUD,VOD,1
BUD,BLL,5
BUD,CPH,14
BUD,CAI,4
BUD,HRG,7
BUD,RMF,1
BUD,HEL,16
BUD,BSL,14
BUD,MRS,2
BUD,NCE,5
BUD,BVA,6
BUD,CDG,26
BUD,LBG,1
BUD,ORY,6
BUD,KUT,3
BUD,BER,18
BUD,CGN,6
BUD,DTM,5
BUD,DUS,14
BUD,FRA,37
BUD,HAM,6
BUD,MHG,1
BUD,MUC,31
BUD,NUE,4
BUD,STR,13
BUD,PVK,2
BUD,ATH,13
BUD,CHQ,6
BUD,CFU,7
BUD,HER,1
BUD,AOK,0
BUD,EFL,0
BUD,JMK,2
BUD,RHO,5
BUD,JTR,0
BUD,SKG,5
BUD,ZTH,2
BUD,BUD,1
BUD,KEF,4
BUD,DUB,12
BUD,SNN,2
BUD,TLV,41
BUD,AHO,3
BUD,BRI,11
BUD,BLQ,3
BUD,CAG,2
BUD,CTA,7
BUD,BGY,13
BUD,MXP,14
BUD,NAP,12
BUD,PMO,4
BUD,PSA,3
BUD,RMI,3
BUD,CIA,12
BUD,FCO,8
BUD,TSF,3
BUD,AMM,5
BUD,RIX,3
BUD,VNO,1
BUD,LUX,7
BUD,MLA,11
BUD,KIV,1
BUD,TGD,2
BUD,AMS,35
BUD,EIN,12
BUD,SKP,2
BUD,OSL,11
BUD,GDN,1
BUD,POZ,5
BUD,WAW,38
BUD,WMI,5
BUD,FNC,2
BUD,LIS,10
BUD,OPO,3
BUD,DOH,9
BUD,OTP,15
BUD,CLJ,11
BUD,TGM,6
BUD,TSR,1
BUD,DMM,3
BUD,JED,2
BUD,RUH,2
BUD,BEG,15
BUD,INI,1
BUD,BTS,1
BUD,ICN,7
BUD,ALC,4
BUD,BCN,20
BUD,CDT,3
BUD,FUE,1
BUD,LPA,1
BUD,MAD,18
BUD,AGP,6
BUD,PMI,9
BUD,TFS,4
BUD,VLC,2
BUD,GOT,3
BUD,MMX,3
BUD,ARN,8
BUD,NYO,4
BUD,GVA,6
BUD,ZRH,26
BUD,MIR,5
BUD,AYT,19
BUD,IST,34
BUD,SAW,11
BUD,ADB,1
BUD,AUH,3
BUD,DXB,20
BUD,BFS,2
BUD,BHX,2
BUD,BOH,2
BUD,BRS,3
BUD,EDI,7
BUD,LBA,1
BUD,LPL,2
BUD,LGW,13
BUD,LHR,0
BUD,LTN,24
BUD,STN,32
BUD,MAN,9
BUD,EMA,2
BUN,BOG,2
BUF,AVL,0
BUF,AHN,2
BUF,PDK,1
BUF,ATL,26
BUF,BWI,37
BUF,BOS,32
BUF,CLT,23
BUF,MDW,22
BUF,ORD,43
BUF,DFW,16
BUF,DEN,5
BUF,DTW,31
BUF,ELM,3
BUF,FLL,9
BUF,IND,1
BUF,LAS,1
BUF,SDF,2
BUF,MEM,2
BUF,MSP,10
BUF,JFK,64
BUF,LGA,57
BUF,EWR,30
BUF,MCO,21
BUF,PHL,24
BUF,PNE,1
BUF,PHX,1
BUF,PBG,1
BUF,PWM,1
BUF,RDU,3
BUF,UST,1
BUF,SYR,2
BUF,TPA,11
BUF,TEB,2
BUF,IAD,24
BUF,DCA,23
BUF,AWM,1
BUF,PBI,1
BJM,ADD,10
BJM,NBO,8
BJM,KGL,9
BJM,TKQ,4
BJM,EBB,8
BUA,KIE,1
BUA,POM,4
BUA,RAB,3
BKY,NO,0
BHK,MCX,2
BHK,DME,6
BHK,SVO,7
BHK,VKO,6
BHK,OVB,1
BHK,LED,3
BHK,SVX,1
BHK,IST,3
BHK,TAS,14
BKZ,MWZ,8
BUQ,ADD,5
BUQ,JNB,18
BUQ,HRE,13
BUQ,VFA,3
BUY,NO,0
BDB,BNE,28
BDB,MEL,3
BUX,BNC,3
BUX,GOM,6
BUX,IRP,3
BXO,VIE,1
BXO,LME,1
BXO,FMO,1
BXO,PMI,1
BXO,GSE,1
BXO,BRN,1
BXO,LUG,1
BXO,SMV,1
BXO,ZRH,1
BMV,DAD,10
BMV,HPH,8
BMV,HAN,35
BMV,SGN,37
BMV,THD,3
BMV,VII,12
BUR,,0
BUR,ABQ,8
BUR,ACV,3
BUR,AUS,8
BUR,BOI,6
BUR,BRO,3
BUR,MDW,8
BUR,RFD,1
BUR,COS,2
BUR,CCR,7
BUR,DFW,16
BUR,DAL,8
BUR,DEN,32
BUR,BJC,15
BUR,EUG,10
BUR,HOU,2
BUR,IND,2
BUR,FCA,2
BUR,LAS,150
BUR,LAX,1
BUR,SDF,1
BUR,MVY,1
BUR,MFR,3
BUR,MEM,2
BUR,JFK,8
BUR,VGT,2
BUR,NOT,1
BUR,OAK,110
BUR,UDD,1
BUR,PSC,2
BUR,PHX,86
BUR,PDX,28
BUR,RDD,2
BUR,RDM,4
BUR,RNO,13
BUR,SMF,66
BUR,MCC,1
BUR,SLC,31
BUR,SFO,59
BUR,SJC,67
BUR,SNA,1
BUR,STS,10
BUR,SEA,31
BUR,VNY,1
BUR,VCV,1
BOJ,VIE,6
BOJ,BRU,1
BOJ,BRQ,4
BOJ,OSR,4
BOJ,PRG,12
BOJ,BLL,1
BOJ,TLL,2
BOJ,HEL,2
BOJ,BER,2
BOJ,CGN,2
BOJ,DUS,4
BOJ,HAM,2
BOJ,MUC,1
BOJ,STR,5
BOJ,BUD,5
BOJ,DEB,1
BOJ,DUB,7
BOJ,TLV,4
BOJ,FCO,1
BOJ,RIX,4
BOJ,KUN,2
BOJ,VNO,3
BOJ,LUX,2
BOJ,AMS,3
BOJ,OSL,2
BOJ,GDN,5
BOJ,KTW,3
BOJ,KRK,9
BOJ,LUZ,1
BOJ,POZ,2
BOJ,WAW,2
BOJ,WMI,6
BOJ,WRO,2
BOJ,BTS,4
BOJ,GOT,1
BOJ,ARN,3
BOJ,AYT,1
BOJ,BHX,3
BOJ,BRS,2
BOJ,CWL,2
BOJ,GLA,1
BOJ,LBA,1
BOJ,LGW,3
BOJ,LTN,7
BOJ,MAN,11
BOJ,NCL,3
BOJ,EMA,1
BFV,DMK,19
BYI,NO,0
BTV,ATL,8
BTV,CLT,15
BTV,ORD,21
BTV,LUK,1
BTV,DEN,8
BTV,DTW,8
BTV,GRR,1
BTV,MSP,3
BTV,JFK,32
BTV,LGA,15
BTV,EWR,24
BTV,PHL,17
BTV,SYR,2
BTV,TEB,1
BTV,IAD,22
BTV,DCA,32
BTV,HPN,0
BRL,ORD,16
BRL,STL,11
BWT,KNS,12
BWT,LST,0
BWT,MEL,25
BUZ,MHD,3
BUZ,THR,39
BUZ,JED,3
BQB,BYP,2
BQB,OCM,4
BQB,CJF,1
BQB,OOD,1
BQB,MEL,4
BQB,ZNE,1
BQB,PER,18
BQB,WLP,2
BBG,TRW,4
BTP,HHH,1
BTM,BIL,2
BTM,HLN,1
BTM,SLC,15
BXU,CEB,46
BXU,MNL,48
BZG,DUB,2
BZG,WAW,7
BZG,AYT,3
BZG,BHX,3
BZG,BRS,2
BZG,LTN,5
BZG,STN,5
BKL,CAK,1
BKL,PWK,1
BKL,MDW,1
BKL,CGF,1
BKL,HAR,1
BKL,IAH,1
BKL,TYS,1
BKL,MMU,1
BKL,SRQ,1
BKL,IAD,1
BKL,ORH,1
BFH,NO,0
BJC,YTZ,1
BJC,BWI,1
BJC,BUR,14
BJC,COS,1
BJC,DAL,14
BJC,DRO,1
BJC,EGE,1
BJC,FNL,1
BJC,ENW,1
BJC,LAS,6
BJC,MVY,1
BJC,CNY,1
BJC,PHX,8
BJC,PVU,1
BJC,ROG,0
BJC,SLC,1
BJC,BFF,1
BJC,ONM,1
BIF,NO,0
BVK,NO,0
BUT,PBH,3
BUT,YON,2
BCO,ADD,5
BEJ,BPN,60
BEJ,AAP,16
BBK,FRW,2
BBK,GBE,3
BBK,MUB,4
BBK,JNB,10
BBK,VFA,7
BKI,BWN,6
BKI,CAN,9
BKI,SZX,13
BKI,WUH,4
BKI,HKG,12
BKI,BTU,5
BKI,JHB,16
BKI,KBR,3
BKI,KUL,188
BKI,SZB,17
BKI,KCH,32
BKI,LBU,32
BKI,LDU,32
BKI,LWY,3
BKI,LMN,3
BKI,MYY,16
BKI,MZV,8
BKI,PEN,16
BKI,SDK,37
BKI,SBW,8
BKI,TWU,61
BKI,MNL,7
BKI,SIN,24
BKI,PUS,3
BKI,ICN,19
BKI,TPE,11
BKI,HAN,1
BYR,RKE,4
BQH,VIE,1
BQH,LGG,1
BQH,SOF,1
BQH,PUY,1
BQH,PRG,2
BQH,RKE,1
BQH,LXR,1
BQH,NCE,2
BQH,LBG,2
BQH,XCR,1
BQH,TLN,1
BQH,BER,1
BQH,DUS,1
BQH,HAM,1
BQH,GCI,1
BQH,KIR,1
BQH,BLQ,1
BQH,LIN,1
BQH,VNO,1
BQH,CMN,1
BQH,RTM,1
BQH,CAT,1
BQH,IBZ,1
BQH,MMX,1
BQH,QYG,1
BQH,ZRH,2
BQH,FAB,1
BQH,GLA,1
BQH,GLO,1
BQH,INV,1
BQH,LTN,1
BQH,STN,1
BQH,MME,1
BGY,TIA,27
BGY,VIE,18
BGY,CRL,19
BGY,SOF,18
BGY,SID,1
BGY,ZAD,7
BGY,ZAG,6
BGY,PFO,2
BGY,BRQ,2
BGY,PRG,13
BGY,BLL,4
BGY,CPH,14
BGY,HBE,1
BGY,CAI,10
BGY,RMF,1
BGY,TLL,3
BGY,HEL,5
BGY,LPP,2
BGY,BSL,1
BGY,BOD,3
BGY,LYS,2
BGY,MRS,4
BGY,NTE,2
BGY,BVA,13
BGY,CDG,8
BGY,LDE,4
BGY,TLS,2
BGY,BER,10
BGY,CGN,14
BGY,DUS,7
BGY,HHN,3
BGY,HAM,6
BGY,FKB,2
BGY,NRN,7
BGY,PVK,3
BGY,ATH,8
BGY,CHQ,5
BGY,CFU,9
BGY,HER,3
BGY,KLX,2
BGY,EFL,6
BGY,KGS,4
BGY,RHO,5
BGY,JTR,4
BGY,SKG,4
BGY,ZTH,2
BGY,BUD,13
BGY,ORK,3
BGY,DUB,17
BGY,NOC,2
BGY,TLV,7
BGY,AHO,11
BGY,AOI,2
BGY,BRI,26
BGY,BLQ,2
BGY,BDS,28
BGY,CAG,26
BGY,CTA,34
BGY,CIY,12
BGY,CRV,7
BGY,SUF,21
BGY,LMP,4
BGY,MXP,1
BGY,NAP,26
BGY,OLB,16
BGY,PMO,28
BGY,PNL,2
BGY,PSR,16
BGY,FCO,37
BGY,TPS,13
BGY,AMM,5
BGY,RIX,4
BGY,VNO,4
BGY,LUX,6
BGY,MLA,5
BGY,KIV,2
BGY,AGA,2
BGY,CMN,11
BGY,FEZ,4
BGY,RAK,7
BGY,TNG,2
BGY,AMS,4
BGY,EIN,12
BGY,RTM,3
BGY,BGO,3
BGY,TRF,4
BGY,GDN,5
BGY,KTW,6
BGY,KRK,10
BGY,LCJ,3
BGY,LUZ,3
BGY,POZ,5
BGY,WAW,6
BGY,WMI,7
BGY,WRO,4
BGY,FAO,7
BGY,FNC,2
BGY,LIS,18
BGY,OPO,10
BGY,OTP,26
BGY,CLJ,20
BGY,CRA,6
BGY,IAS,14
BGY,SCV,8
BGY,TSR,6
BGY,BTS,8
BGY,ALC,8
BGY,OVD,3
BGY,BCN,23
BGY,FUE,3
BGY,LPA,3
BGY,IBZ,18
BGY,ACE,2
BGY,MAD,14
BGY,MAH,4
BGY,AGP,8
BGY,PMI,14
BGY,SDR,3
BGY,SCQ,2
BGY,SVQ,3
BGY,TFS,5
BGY,VLC,11
BGY,VIT,4
BGY,ZAZ,4
BGY,GOT,4
BGY,ARN,8
BGY,SAW,38
BGY,DXB,8
BGY,SHJ,5
BGY,BFS,3
BGY,BHX,3
BGY,BRS,7
BGY,EDI,4
BGY,LPL,5
BGY,LGW,4
BGY,STN,32
BGY,MAN,11
BGY,NCL,2
BGY,EMA,5
BFM,BTR,1
BFM,BHM,1
BFM,SYI,1
BFM,CHS,1
BFM,AFW,1
BFM,LZU,5
BFM,LOU,1
BFM,MEM,3
BFM,MCO,2
BFM,PIT,1
BUU,CGK,3
BOM,GYD,1
BOM,BAH,26
BOM,DAC,16
BOM,CTU,5
BOM,TFU,2
BOM,KMG,8
BOM,NNG,5
BOM,CGO,3
BOM,CAI,11
BOM,ADD,21
BOM,HEL,4
BOM,CDG,8
BOM,FRA,9
BOM,MUC,8
BOM,HKG,14
BOM,AGR,3
BOM,AMD,168
BOM,IXD,8
BOM,ATQ,31
BOM,IXU,17
BOM,BEK,4
BOM,IXG,8
BOM,BLR,314
BOM,BHU,7
BOM,BHO,24
BOM,BBI,45
BOM,BHJ,8
BOM,IXC,77
BOM,MAA,169
BOM,COK,88
BOM,CJB,32
BOM,DBR,7
BOM,DED,30
BOM,DEL,445
BOM,DIU,7
BOM,RDP,8
BOM,GOX,63
BOM,GOI,137
BOM,GOP,15
BOM,GAU,33
BOM,GWL,7
BOM,HBX,8
BOM,HYD,154
BOM,IDR,48
BOM,JLR,3
BOM,JAI,90
BOM,IXJ,15
BOM,JGA,8
BOM,JDH,16
BOM,IXY,7
BOM,KNU,8
BOM,IXK,4
BOM,KLH,8
BOM,CCU,121
BOM,CCJ,8
BOM,IXL,11
BOM,LKO,45
BOM,IXM,8
BOM,IXE,44
BOM,NAG,68
BOM,PAT,24
BOM,PNQ,7
BOM,RPR,24
BOM,RAJ,40
BOM,IXR,26
BOM,IXB,20
BOM,SDW,4
BOM,SXR,39
BOM,TIR,8
BOM,TRV,48
BOM,UDR,32
BOM,BDQ,39
BOM,VNS,41
BOM,VGA,1
BOM,VTZ,16
BOM,IKA,1
BOM,NJF,4
BOM,MXP,1
BOM,NRT,3
BOM,MBA,2
BOM,NBO,16
BOM,KWI,31
BOM,KUL,18
BOM,MLE,16
BOM,MRU,13
BOM,KTM,12
BOM,AMS,12
BOM,LOS,2
BOM,MCT,41
BOM,WAW,3
BOM,DOH,38
BOM,DMM,20
BOM,JED,34
BOM,RUH,23
BOM,SEZ,2
BOM,SIN,48
BOM,CMB,17
BOM,ZRH,8
BOM,TPE,2
BOM,DAR,4
BOM,DMK,8
BOM,BKK,35
BOM,HKT,8
BOM,IST,21
BOM,AUH,56
BOM,DXB,123
BOM,DWC,3
BOM,RKT,8
BOM,SHJ,24
BOM,LHR,45
BOM,JFK,8
BOM,EWR,4
BOM,SFO,5
BOM,HAN,9
BOM,SGN,8
BOM,ADE,1
BNA,ELH,1
BNA,YYC,7
BNA,YEG,2
BNA,YUL,3
BNA,YTZ,7
BNA,YYZ,34
BNA,YVR,3
BNA,YQG,1
BNA,CUN,9
BNA,SJU,1
BNA,LHR,4
BNA,CAK,2
BNA,ALB,2
BNA,ABE,2
BNA,ATW,2
BNA,AHN,1
BNA,ATL,87
BNA,AUO,1
BNA,AUS,60
BNA,BWI,40
BNA,BVX,1
BNA,XNA,2
BNA,BOS,56
BNA,BZN,5
BNA,CGI,14
BNA,CID,4
BNA,CHS,17
BNA,CLT,104
BNA,CHO,1
BNA,CHA,5
BNA,PWK,1
BNA,MDW,48
BNA,ORD,108
BNA,LUK,1
BNA,CVG,1
BNA,CKV,1
BNA,CLE,16
BNA,CMH,17
BNA,OSU,1
BNA,DFW,64
BNA,DAL,49
BNA,DEN,95
BNA,DSM,6
BNA,VPS,22
BNA,DTW,47
BNA,FAR,4
BNA,FNT,2
BNA,FXE,1
BNA,FLL,40
BNA,FSK,1
BNA,GRR,4
BNA,GSO,1
BNA,GUC,2
BNA,MDT,4
BNA,IAH,68
BNA,HOU,38
BNA,TYQ,1
BNA,IND,4
BNA,JAN,1
BNA,MKL,1
BNA,JAX,19
BNA,JBR,6
BNA,MCI,25
BNA,TYS,1
BNA,LAN,1
BNA,LAS,48
BNA,LBE,1
BNA,LZU,5
BNA,LIT,1
BNA,LGB,8
BNA,LAX,50
BNA,LOU,1
BNA,MWA,13
BNA,MFE,2
BNA,MEM,3
BNA,TMB,1
BNA,MIA,47
BNA,MKE,16
BNA,MSP,45
BNA,MYR,16
BNA,HVN,5
BNA,MSY,26
BNA,JFK,49
BNA,LGA,104
BNA,EWR,54
BNA,ORF,9
BNA,OAK,2
BNA,OKC,1
BNA,OMA,2
BNA,MCO,66
BNA,SFB,5
BNA,OWB,19
BNA,ECP,26
BNA,PNS,17
BNA,PIA,2
BNA,PHL,61
BNA,PHX,42
BNA,PIT,18
BNA,PTK,1
BNA,PSM,2
BNA,PVD,2
BNA,PVU,2
BNA,PGD,5
BNA,RDU,52
BNA,RIC,2
BNA,SMF,1
BNA,SLC,17
BNA,SAT,16
BNA,SAN,16
BNA,SFO,16
BNA,SJC,1
BNA,SNA,1
BNA,STS,1
BNA,SRQ,12
BNA,SAV,10
BNA,SEA,24
BNA,FSD,5
BNA,RSW,9
BNA,SUS,1
BNA,STL,30
BNA,PIE,3
BNA,SYR,3
BNA,TPA,57
BNA,TEB,1
BNA,TUP,17
BNA,IAD,29
BNA,DCA,70
BNA,TBN,5
BNA,HPN,1
BNA,BDL,8
BEO,NO,0
BVA,TIA,4
BVA,VIE,7
BVA,SOF,6
BVA,ZAD,3
BVA,ZAG,2
BVA,LCA,2
BVA,PFO,2
BVA,PRG,6
BVA,HEL,3
BVA,BZR,4
BVA,FSC,4
BVA,MRS,2
BVA,NCE,2
BVA,KUT,2
BVA,SKG,3
BVA,BUD,6
BVA,DUB,18
BVA,BRI,8
BVA,BLQ,9
BVA,BDS,2
BVA,CAG,4
BVA,BGY,13
BVA,MXP,2
BVA,NAP,2
BVA,PMO,3
BVA,PSA,5
BVA,CIA,16
BVA,TRN,3
BVA,TSF,9
BVA,RIX,2
BVA,VNO,4
BVA,MLA,2
BVA,KIV,3
BVA,AGA,6
BVA,FEZ,4
BVA,RAK,8
BVA,NDR,2
BVA,OUD,3
BVA,RBA,3
BVA,TNG,5
BVA,SKP,2
BVA,GDN,7
BVA,KRK,6
BVA,POZ,2
BVA,WMI,7
BVA,WRO,2
BVA,FAO,6
BVA,FNC,2
BVA,LIS,14
BVA,OPO,25
BVA,BAY,2
BVA,OTP,10
BVA,CLJ,12
BVA,CRA,3
BVA,IAS,10
BVA,SCV,2
BVA,TSR,2
BVA,BEG,5
BVA,ALC,5
BVA,BCN,9
BVA,GRO,4
BVA,IBZ,2
BVA,ACE,2
BVA,MAD,6
BVA,AGP,4
BVA,PMI,4
BVA,SDR,2
BVA,SCQ,2
BVA,SVQ,2
BVA,VLC,2
BVA,ZAZ,2
BVA,BFS,2
BVA,EDI,2
BVA,LBA,2
BVA,LPL,3
BVA,MAN,9
BBX,ABE,1
BBX,GAI,1
BBX,LCI,1
BBX,IAD,1
BBX,YNG,1
BPS,CNF,23
BPS,BSB,9
BPS,VCP,12
BPS,GYN,1
BPS,MOC,2
BPS,PPB,1
BPS,RAO,1
BPS,SDU,12
BPS,SSA,9
BPS,SJP,1
BPS,CGH,10
BPS,GRU,43
BPS,UDI,1
BPS,VIX,1
BPS,GTP,6
BPX,CTU,24
BPX,CKG,16
BPX,LXA,9
BPX,XIY,7
BPE,PVG,16
BPE,SJW,8
BAR,PEK,8
BAR,TFU,8
BAR,CAN,8
BAR,HGH,2
BAR,HFE,8
BAR,SWA,5
BAR,JMJ,3
BAR,PVG,8
BAR,TYN,8
BAR,WUH,8
BAR,WUX,1
BRC,AEP,82
BRC,EZE,29
BRC,COR,6
BRC,MDZ,2
BRC,ROS,3
BRC,VDM,2
BRC,SCL,0
BFF,CPR,2
BFF,STK,1
BFF,DEN,15
BFF,BJC,1
BFF,RKS,1
BFI,YUL,1
BFI,DUB,1
BFI,ANC,1
BFI,AUS,1
BFI,BOI,1
BFI,BOS,1
BFI,CLT,1
BFI,RFD,2
BFI,APA,3
BFI,ESD,26
BFI,FRD,27
BFI,GTF,1
BFI,SUN,1
BFI,JNU,1
BFI,ADQ,1
BFI,LGB,1
BFI,SDF,3
BFI,OAK,1
BFI,ONT,1
BFI,PSC,1
BFI,HIO,2
BFI,PDX,1
BFI,SMF,1
BFI,CLD,1
BFI,SFO,1
BFI,SJC,1
BFI,SBA,2
BFI,SMO,1
BFI,BFI,1
BFI,SEA,1
BFI,SIT,1
BFI,SFF,1
BFI,SBS,1
BFI,DLS,1
BFI,VCV,1
BFI,YKM,1
BWA,KTM,132
BWA,PKR,8
BJX,CUN,28
BJX,CJS,10
BJX,MID,4
BJX,MXL,6
BJX,MEX,47
BJX,MTY,32
BJX,PVR,8
BJX,SJD,7
BJX,TIJ,57
BJX,MDW,7
BJX,ORD,4
BJX,DFW,16
BJX,FAT,4
BJX,IAH,21
BJX,LRD,1
BJX,LAX,4
BJX,OAK,6
BJX,SMF,2
BJX,SAT,2
BJX,SJC,2
BIM,NAS,10
BIM,FLL,8
BIM,EYW,1
BMA,SZG,1
BMA,BRU,20
BMA,PRG,1
BMA,AAR,6
BMA,RKE,1
BMA,HEL,6
BMA,TKU,1
BMA,MUC,1
BMA,NUE,1
BMA,LIN,1
BMA,LUX,1
BMA,OSL,1
BMA,TRF,1
BMA,KTW,1
BMA,POZ,1
BMA,AGH,33
BMA,GOT,38
BMA,HAD,20
BMA,KLR,10
BMA,KID,16
BMA,MMX,47
BMA,OSD,7
BMA,RNB,20
BMA,SFT,2
BMA,ARN,2
BMA,THN,15
BMA,UME,23
BMA,VXO,12
BMA,VBY,50
BMA,BRN,1
BMA,DND,1
BMA,FAB,1
BMA,LTN,1
BMA,NHT,1
BBH,NO,0
BDR,NYS,2
BDR,EWR,1
BDR,TEB,1
BDR,IAD,1
BDR,HPN,2
BDQ,BLR,8
BDQ,MAA,2
BDQ,DEL,35
BDQ,GOX,3
BDQ,HYD,8
BDQ,BOM,39
BVH,CGB,3
BAF,NO,0
BEC,NO,0
BDL,YHU,1
BDL,YYZ,7
BDL,DUB,8
BDL,SJU,27
BDL,ATL,49
BDL,BWI,35
BDL,BED,1
BDL,BCT,1
BDL,CHS,8
BDL,CLT,37
BDL,GYY,1
BDL,MDW,16
BDL,ORD,42
BDL,RFD,1
BDL,CVG,1
BDL,CMH,2
BDL,DFW,16
BDL,DEN,9
BDL,DTW,31
BDL,JPX,1
BDL,ERI,1
BDL,FLL,9
BDL,MDT,1
BDL,IND,2
BDL,JAX,6
BDL,LAS,3
BDL,LAX,8
BDL,SDF,3
BDL,MEM,3
BDL,MIA,8
BDL,MSP,22
BDL,MYR,8
BDL,BNA,8
BDL,MSY,2
BDL,LGA,7
BDL,EWR,1
BDL,ORF,2
BDL,MCO,40
BDL,PHL,25
BDL,PHX,3
BDL,PIT,2
BDL,PTK,1
BDL,PWM,1
BDL,RDU,9
BDL,RIC,2
BDL,SRQ,2
BDL,SAV,3
BDL,RSW,3
BDL,STP,1
BDL,BDR,1
BDL,SYR,1
BDL,TPA,19
BDL,VRB,2
BDL,IAD,33
BDL,DCA,44
BDL,PBI,8
BDL,FOK,2
BJJ,AID,1
BJJ,SQI,1
BRT,NO,0
BYC,CBB,2
BYC,TJA,2
BTZ,NO,0
