Departure,Arrival,Number of flights
CAK,YHM,1
CAK,ACY,1
CAK,BED,1
CAK,TRI,1
CAK,BOS,1
CAK,BQK,1
CAK,CHS,8
CAK,CLT,31
CAK,ORD,22
CAK,CGF,1
CAK,FLL,2
CAK,TYQ,1
CAK,LAS,3
CAK,MMU,1
CAK,MYR,2
CAK,APF,1
CAK,BNA,2
CAK,ORF,2
CAK,MCO,5
CAK,SFB,2
CAK,PGD,3
CAK,SDM,1
CAK,SRQ,3
CAK,SAV,3
CAK,SUX,1
CAK,PIE,2
CAK,SVH,1
CAK,TPA,4
CAK,TEB,1
CAK,TUL,1
CAK,DCA,8
CAK,FOK,2
CAK,HPN,1
CAK,ZZV,1
CRK,SZX,1
CRK,HKG,16
CRK,NRT,4
CRK,MFM,1
CRK,BCD,4
CRK,USU,3
CRK,CGY,3
CRK,MPH,22
CRK,CEB,33
CRK,DVO,8
CRK,ENI,3
CRK,GES,3
CRK,ILO,5
CRK,DOH,8
CRK,SIN,18
CRK,PUS,7
CRK,ICN,31
CRK,TPE,12
CRK,BKK,8
CRK,DXB,8
CBH,ALG,7
CBH,CZL,1
CBH,ORN,4
CBH,TIN,2
CNF,AJU,1
CNF,AAX,6
CNF,BRA,6
CNF,BEL,19
CNF,BSB,77
CNF,CFB,6
CNF,CPV,2
CNF,VCP,68
CNF,CKS,6
CNF,CGB,10
CNF,CWB,12
CNF,FLN,5
CNF,FOR,9
CNF,GYN,24
CNF,GVR,12
CNF,GNM,6
CNF,IOS,9
CNF,IMP,5
CNF,IPN,25
CNF,JJD,1
CNF,JPA,1
CNF,IZA,3
CNF,TFL,3
CNF,LEC,3
CNF,MCZ,5
CNF,MAB,5
CNF,MOC,26
CNF,NAT,3
CNF,PMW,3
CNF,PYT,3
CNF,PHB,2
CNF,POJ,3
CNF,POA,10
CNF,BPS,23
CNF,REC,31
CNF,SDU,89
CNF,SSA,39
CNF,SLZ,8
CNF,CGH,167
CNF,GRU,99
CNF,UBA,7
CNF,UDI,35
CNF,VAG,3
CNF,VDC,6
CNF,VIX,30
CNF,BOG,5
CNF,PTY,8
CNF,LIS,7
CNF,GTP,6
CRL,TIA,8
CRL,ALG,2
CRL,VIE,8
CRL,BNX,2
CRL,SOF,11
CRL,VAR,3
CRL,PUY,3
CRL,RJK,3
CRL,ZAD,3
CRL,ZAG,7
CRL,PFO,2
CRL,PRG,7
CRL,BLL,4
CRL,HEL,2
CRL,AJA,4
CRL,BIA,3
CRL,EGC,3
CRL,BZR,4
CRL,BIQ,2
CRL,BOD,8
CRL,BVE,2
CRL,CCF,5
CRL,FSC,4
CRL,LRH,3
CRL,MRS,14
CRL,NTE,2
CRL,NCE,2
CRL,FNI,7
CRL,PGF,3
CRL,RDZ,2
CRL,LDE,2
CRL,TLS,3
CRL,KUT,2
CRL,ATH,8
CRL,CHQ,3
CRL,CFU,5
CRL,HER,2
CRL,RHO,4
CRL,SKG,3
CRL,BUD,16
CRL,DUB,3
CRL,TLV,5
CRL,AHO,4
CRL,AOI,5
CRL,BRI,10
CRL,BLQ,9
CRL,BDS,6
CRL,CAG,4
CRL,CTA,3
CRL,CUF,1
CRL,GOA,3
CRL,SUF,2
CRL,BGY,19
CRL,NAP,10
CRL,PMO,6
CRL,PEG,2
CRL,PSR,6
CRL,PSA,9
CRL,CIA,9
CRL,TPS,3
CRL,TRS,3
CRL,TRN,6
CRL,TSF,19
CRL,VRN,3
CRL,RIX,2
CRL,KUN,2
CRL,MLA,4
CRL,TGD,2
CRL,AGA,4
CRL,CMN,2
CRL,ESU,2
CRL,FEZ,4
CRL,RAK,4
CRL,NDR,5
CRL,OUD,7
CRL,RBA,3
CRL,TNG,4
CRL,TTU,2
CRL,RTM,1
CRL,SKP,3
CRL,KRK,9
CRL,LCJ,2
CRL,POZ,2
CRL,WAW,9
CRL,WMI,6
CRL,WRO,3
CRL,FAO,12
CRL,FNC,3
CRL,LIS,13
CRL,OPO,8
CRL,OTP,19
CRL,CLJ,11
CRL,CRA,3
CRL,IAS,8
CRL,SCV,3
CRL,TSR,2
CRL,BTS,4
CRL,ALC,16
CRL,LEI,3
CRL,OVD,2
CRL,BCN,13
CRL,CDT,2
CRL,GRO,12
CRL,LPA,1
CRL,IBZ,4
CRL,ACE,1
CRL,MAD,5
CRL,MAH,2
CRL,AGP,9
CRL,PMI,6
CRL,REU,3
CRL,SDR,3
CRL,SCQ,2
CRL,SVQ,6
CRL,TFS,3
CRL,VLC,4
CRL,VIT,2
CRL,ZAZ,2
CRL,ARN,7
CRL,DJE,0
CRL,TUN,2
CRL,SAW,14
CRL,EDI,8
CRL,GLA,2
CRL,LPL,2
CRL,MAN,16
CFD,EDC,1
CAH,HAN,3
CAH,SGN,6
CAB,LAD,28
CFB,CNF,6
CSL,CUL,0
CSL,BOI,0
CSL,DAL,2
CSL,HOU,2
CSL,LAX,2
CSL,CLD,2
CSL,SCF,1
CAD,PWK,0
CFR,AJA,4
CFR,BIA,2
CFR,FSC,4
CFR,LYN,1
CFR,LYS,20
CFR,MRS,5
CFR,MPL,2
CFR,NCE,5
CFR,CDG,1
CFR,LBG,1
CFR,TLS,2
CFR,IOM,1
CFR,GVA,1
CGY,CRK,3
CGY,CEB,64
CGY,DVO,4
CGY,MNL,91
CAG,VIE,4
CAG,CRL,4
CAG,PRG,2
CAG,BSL,3
CAG,BIA,1
CAG,CCF,2
CAG,LYS,1
CAG,MRS,1
CAG,NTE,1
CAG,BVA,4
CAG,ORY,5
CAG,TLS,1
CAG,DUS,3
CAG,FRA,3
CAG,HHN,4
CAG,HAM,1
CAG,HAJ,1
CAG,FKB,2
CAG,MUC,6
CAG,NUE,3
CAG,STR,2
CAG,NRN,4
CAG,ATH,3
CAG,BUD,2
CAG,DUB,2
CAG,AOI,2
CAG,BRI,4
CAG,BLQ,17
CAG,BZO,2
CAG,VBS,5
CAG,BDS,2
CAG,CTA,9
CAG,CUF,3
CAG,FLR,4
CAG,FRL,0
CAG,GOA,2
CAG,BGY,26
CAG,LIN,48
CAG,MXP,19
CAG,NAP,16
CAG,PMO,5
CAG,PMF,4
CAG,PEG,4
CAG,PSA,14
CAG,RMI,4
CAG,CIA,13
CAG,FCO,57
CAG,TRS,2
CAG,TRN,15
CAG,VCE,14
CAG,VRN,20
CAG,LUX,2
CAG,MLA,4
CAG,AMS,2
CAG,KTW,1
CAG,KRK,2
CAG,POZ,2
CAG,WMI,3
CAG,OPO,2
CAG,BCN,6
CAG,BIO,1
CAG,MAD,4
CAG,PMI,3
CAG,SVQ,2
CAG,VLC,2
CAG,GOT,2
CAG,GVA,2
CAG,ZRH,6
CAG,LGW,10
CAG,STN,4
CNS,ADL,11
CNS,AUU,5
CNS,AYQ,4
CNS,ABM,10
CNS,BNE,106
CNS,CNJ,1
CNS,CUQ,6
CNS,CTN,24
CNS,DRW,8
CNS,OOL,9
CNS,GOV,8
CNS,GTE,7
CNS,HID,21
CNS,KWM,12
CNS,IRG,10
CNS,MKY,3
CNS,MEL,49
CNS,MOV,1
CNS,ONG,1
CNS,ISA,6
CNS,NTN,7
CNS,PER,5
CNS,EDR,9
CNS,PPP,7
CNS,ROK,3
CNS,MCY,6
CNS,SYD,48
CNS,TSV,44
CNS,TQP,1
CNS,WEI,19
CNS,DPS,4
CNS,KIX,6
CNS,NRT,8
CNS,AKL,3
CNS,POM,8
CNS,SIN,4
CAI,ALG,11
CAI,VIE,15
CAI,BAH,24
CAI,DAC,3
CAI,BRU,5
CAI,OST,8
CAI,DLA,4
CAI,YUL,4
CAI,YYZ,6
CAI,NDJ,6
CAI,PEK,3
CAI,TFU,3
CAI,CAN,5
CAI,HGH,4
CAI,LCA,10
CAI,FIH,2
CAI,CPH,4
CAI,JIB,2
CAI,HBE,1
CAI,ATZ,5
CAI,ASW,76
CAI,HRG,77
CAI,LXR,68
CAI,RMF,5
CAI,SSH,82
CAI,HMB,4
CAI,ASM,3
CAI,ADD,16
CAI,MRS,2
CAI,CDG,19
CAI,ORY,7
CAI,BER,7
CAI,CGN,7
CAI,DUS,4
CAI,FRA,28
CAI,MUC,16
CAI,ACC,5
CAI,ATH,28
CAI,HKG,5
CAI,BUD,4
CAI,BOM,9
CAI,BGW,14
CAI,BSR,1
CAI,EBL,6
CAI,ISU,1
CAI,DUB,4
CAI,TLV,6
CAI,BGY,10
CAI,MXP,26
CAI,CIA,1
CAI,FCO,30
CAI,AMM,62
CAI,AQJ,4
CAI,NBO,9
CAI,KWI,91
CAI,BEY,41
CAI,BEN,15
CAI,MRA,1
CAI,MJI,16
CAI,BKO,1
CAI,CMN,26
CAI,RAK,1
CAI,AMS,8
CAI,ABV,2
CAI,KAN,3
CAI,LOS,5
CAI,MCT,24
CAI,WAW,6
CAI,DOH,52
CAI,OTP,5
CAI,DME,18
CAI,SVO,8
CAI,KGL,3
CAI,AHB,14
CAI,ELQ,31
CAI,DMM,61
CAI,HAS,7
CAI,JED,217
CAI,GIZ,7
CAI,MED,49
CAI,RUH,157
CAI,AJF,9
CAI,TUU,21
CAI,TIF,22
CAI,YNB,19
CAI,BEG,3
CAI,JNB,6
CAI,JUB,2
CAI,BCN,10
CAI,BIO,1
CAI,MAD,13
CAI,AGP,1
CAI,SCQ,2
CAI,VLC,1
CAI,KRT,31
CAI,PZU,2
CAI,ARN,2
CAI,GVA,4
CAI,ZRH,5
CAI,DAR,4
CAI,BKK,2
CAI,TUN,12
CAI,IST,56
CAI,SAW,6
CAI,EBB,2
CAI,AUH,50
CAI,AAN,4
CAI,DXB,59
CAI,DWC,2
CAI,RKT,5
CAI,SHJ,33
CAI,LHR,33
CAI,JFK,9
CAI,EWR,4
CAI,IAD,4
CAI,TAS,1
CAI,ADE,15
CAI,GXF,5
CCE,NO,0
CJA,LIM,48
CBQ,ABV,15
CBQ,LOS,15
CQF,NO,0
CJC,CCP,5
CJC,LSC,18
CJC,SCL,133
CYP,CEB,4
CYP,MNL,4
CLV,VCP,2
CLV,CGH,2
CLV,GTP,6
CDW,MMU,1
CDW,SEG,1
CXL,NO,0
CLO,ANF,4
CLO,SCL,4
CLO,BAQ,7
CLO,BOG,248
CLO,CTG,26
CLO,CUC,5
CLO,FLA,6
CLO,GPI,18
CLO,IPI,2
CLO,EOH,9
CLO,MDE,81
CLO,PSO,22
CLO,PUU,7
CLO,UIB,2
CLO,RCH,5
CLO,ADZ,15
CLO,SMR,12
CLO,TCO,21
CLO,VVC,3
CLO,SDQ,5
CLO,CUN,3
CLO,BLB,5
CLO,PTY,29
CLO,MAD,3
CLO,FLL,8
CLO,MIA,24
CLO,JFK,3
CUD,NO,0
CLY,SZG,1
CLY,VIE,1
CLY,AJA,2
CLY,NCY,1
CLY,BOD,1
CLY,LIL,1
CLY,MRS,16
CLY,NTE,2
CLY,NCE,8
CLY,ORY,13
CLY,CGN,1
CLY,OBF,1
CLY,LUX,2
CLY,SIR,1
CMW,HAV,2
CMW,CUN,3
CMW,MID,1
CMW,BON,1
CMW,MIA,8
CBG,VIE,1
CBG,CHR,1
CBG,GOT,4
CBG,LUG,1
CGE,NO,0
CDU,NO,0
CAL,GLA,13
CPE,MEX,18
CPV,CNF,2
CPV,FOR,3
CPV,REC,21
CPV,SDU,2
CPV,SSA,11
CPV,GRU,1
CGR,BSB,13
CGR,VCP,26
CGR,CGB,5
CGR,CWB,5
CGR,CGH,38
CGR,GRU,27
CGR,GTP,6
CBW,NO,0
CAW,VCP,6
CAW,SDU,20
CAW,VIX,7
CAJ,CCS,6
CAJ,PMV,1
CKZ,ESB,8
CBR,NO,0
CUN,EZE,3
CUN,BRU,3
CUN,BZE,16
CUN,YYC,7
CUN,YEG,3
CUN,YHM,2
CUN,YUL,25
CUN,YQB,3
CUN,YYZ,49
CUN,YVR,5
CUN,YKF,1
CUN,SCL,1
CUN,BOG,49
CUN,CLO,4
CUN,MDE,12
CUN,SJO,22
CUN,CMW,3
CUN,HAV,20
CUN,HOG,1
CUN,SNU,2
CUN,SDQ,7
CUN,UIO,0
CUN,SAL,5
CUN,CDG,3
CUN,ORY,1
CUN,FRA,8
CUN,FRS,2
CUN,GUA,14
CUN,FCO,1
CUN,ACA,2
CUN,AGU,5
CUN,CUU,14
CUN,CJS,19
CUN,CUL,4
CUN,GDL,73
CUN,MID,5
CUN,MXL,8
CUN,NLU,56
CUN,MEX,286
CUN,MTY,117
CUN,MLM,3
CUN,OAX,8
CUN,PBC,24
CUN,QRO,23
CUN,REX,6
CUN,SLP,8
CUN,BJX,28
CUN,TAM,2
CUN,TIJ,45
CUN,TLC,32
CUN,TRC,2
CUN,TGZ,16
CUN,VER,16
CUN,VSA,8
CUN,AMS,3
CUN,PTY,61
CUN,LIM,35
CUN,LIS,7
CUN,SJU,3
CUN,MAD,10
CUN,ZRH,2
CUN,IST,12
CUN,BHX,3
CUN,BRS,1
CUN,GLA,2
CUN,LGW,15
CUN,MAN,6
CUN,NCL,2
CUN,ATL,65
CUN,AUS,20
CUN,BWI,40
CUN,BOS,17
CUN,CLT,30
CUN,MDW,9
CUN,ORD,56
CUN,CVG,5
CUN,CLE,9
CUN,CMH,1
CUN,DFW,109
CUN,DAL,1
CUN,DEN,47
CUN,DTW,24
CUN,FLL,40
CUN,HRL,3
CUN,IAH,87
CUN,HOU,24
CUN,IND,2
CUN,MCI,6
CUN,LAX,49
CUN,MIA,56
CUN,MSP,11
CUN,BNA,9
CUN,MSY,10
CUN,JFK,41
CUN,EWR,40
CUN,MCO,37
CUN,PHL,33
CUN,PHX,17
CUN,PIT,1
CUN,RDU,8
CUN,SLC,8
CUN,SAT,11
CUN,SFO,17
CUN,SEA,16
CUN,STL,17
CUN,TPA,16
CUN,IAD,16
CUN,CCS,3
CEL,POA,4
CWJ,KMG,15
CEQ,INN,1
CEQ,LCA,1
CEQ,OSR,1
CEQ,BIA,1
CEQ,BOD,1
CEQ,LYN,2
CEQ,NCE,2
CEQ,LBG,2
CEQ,HAM,1
CEQ,OBF,1
CEQ,CIA,1
CEQ,FCO,1
CEQ,VCE,2
CEQ,AMS,2
CEQ,EIN,1
CEQ,MAD,1
CEQ,BMA,1
CEQ,GVA,1
CEQ,ZRH,1
CEQ,LTN,1
CIW,BQU,28
CIW,SVD,14
CIW,UNI,18
CSK,DSS,33
CAP,NAS,3
CAP,PAP,24
CAP,PLS,12
CAP,FLL,11
CGI,BNA,14
CPT,LAD,7
CPT,GBE,4
CPT,MUB,8
CPT,SHO,4
CPT,ADD,8
CPT,FRA,3
CPT,NBO,2
CPT,MRU,3
CPT,MPM,5
CPT,WVB,8
CPT,WDH,27
CPT,AMS,8
CPT,DOH,11
CPT,BFN,24
CPT,DUR,104
CPT,ELS,17
CPT,GRJ,21
CPT,HDS,16
CPT,HLA,62
CPT,JNB,377
CPT,KIM,19
CPT,MQP,8
CPT,PBZ,5
CPT,PLZ,31
CPT,SZK,8
CPT,UTN,6
CPT,IST,6
CPT,DXB,16
CPT,LHR,8
CPT,ATL,4
CPT,EWR,3
CPT,IAD,4
CPT,LVI,2
CPT,HRE,10
CPT,VFA,11
CCS,VVI,2
CCS,SCL,1
CCS,BOG,17
CCS,HAV,7
CCS,CUR,2
CCS,LRM,5
CCS,PUJ,2
CCS,SDQ,28
CCS,UIO,1
CCS,CUN,3
CCS,PTY,37
CCS,LIM,1
CCS,LIS,3
CCS,VKO,1
CCS,SVD,1
CCS,MAD,13
CCS,TFN,1
CCS,DAM,1
CCS,POS,6
CCS,IST,8
CCS,MRD,3
CCS,BLA,20
CCS,BNS,7
CCS,BRM,11
CCS,CAJ,6
CCS,CBL,1
CCS,CUM,2
CCS,VIG,16
CCS,LFR,8
CCS,LSP,9
CCS,LRV,33
CCS,MAR,31
CCS,MUN,9
CCS,PMV,61
CCS,PZO,44
CCS,SFD,1
CCS,STD,28
CCS,VLN,0
CKS,BEL,5
CKS,CNF,6
CSB,NO,0
CAF,CIZ,2
CAF,MAO,2
CCF,CRL,5
CCF,ORK,2
CCF,DUB,6
CCF,CAG,2
CCF,OPO,3
CCF,BOH,2
CCF,EDI,2
CCF,STN,8
CCF,MAN,6
CCF,EMA,3
CWL,BOJ,2
CWL,DBV,1
CWL,LCA,1
CWL,PFO,3
CWL,CDG,1
CWL,ORY,8
CWL,CFU,2
CWL,HER,1
CWL,EFL,1
CWL,KGS,3
CWL,RHO,3
CWL,ZTH,2
CWL,DUB,8
CWL,AMS,21
CWL,FAO,2
CWL,ALC,6
CWL,LPA,1
CWL,IBZ,3
CWL,ACE,2
CWL,MAH,2
CWL,AGP,8
CWL,PMI,5
CWL,REU,1
CWL,TFS,3
CWL,NBE,1
CWL,AYT,1
CWL,DLM,4
CWL,BHD,8
CWL,BFS,3
CWL,BRS,1
CWL,EDI,7
CWL,FAB,1
CWL,LHR,1
CAX,NO,0
CNM,ABQ,14
CNM,ATS,1
CNM,DFW,7
CNM,MAF,1
CVQ,PER,14
CZT,NO,0
CSN,LAS,1
CSN,SNA,1
CTG,SCL,2
CTG,BOG,230
CTG,BGA,5
CTG,CLO,25
CTG,MDE,76
CTG,PEI,8
CTG,ADZ,14
CTG,SJO,4
CTG,SDQ,5
CTG,GYE,3
CTG,AMS,8
CTG,BLB,5
CTG,PTY,24
CTG,LIM,5
CTG,MAD,4
CTG,FLL,8
CTG,MIA,22
CTG,JFK,11
CTG,MCO,4
CAU,REC,3
CGZ,NO,0
CMN,ALG,1
CMN,LAD,4
CMN,BAH,3
CMN,BRU,21
CMN,CRL,2
CMN,LGG,1
CMN,COO,1
CMN,OUA,6
CMN,DLA,4
CMN,NSI,2
CMN,YUL,18
CMN,RAI,3
CMN,BZV,2
CMN,ABJ,0
CMN,FIH,2
CMN,HBE,1
CMN,CAI,26
CMN,SSG,2
CMN,BSL,4
CMN,BOD,7
CMN,LIL,2
CMN,LYS,12
CMN,MRS,8
CMN,ETZ,2
CMN,MPL,6
CMN,NTE,8
CMN,NCE,4
CMN,CDG,34
CMN,ORY,57
CMN,SXB,2
CMN,TLS,8
CMN,LBV,3
CMN,BJL,6
CMN,FRA,15
CMN,ACC,5
CMN,CKY,8
CMN,OXB,2
CMN,TLV,7
CMN,BLQ,19
CMN,CTA,3
CMN,CUF,2
CMN,BGY,12
CMN,MXP,16
CMN,NAP,5
CMN,PSA,1
CMN,CIA,1
CMN,FCO,8
CMN,TRN,3
CMN,VCE,4
CMN,KWI,4
CMN,ROB,3
CMN,BKO,10
CMN,NKC,12
CMN,AGA,27
CMN,AHU,3
CMN,VIL,11
CMN,EUN,16
CMN,ERH,8
CMN,FEZ,5
CMN,GLN,8
CMN,RAK,36
CMN,NDR,5
CMN,OZZ,7
CMN,OUD,14
CMN,TNG,8
CMN,TTU,2
CMN,OZG,1
CMN,AMS,11
CMN,NIM,6
CMN,LOS,8
CMN,LIS,29
CMN,OPO,2
CMN,DOH,8
CMN,DME,4
CMN,JED,10
CMN,MED,13
CMN,RUH,5
CMN,DSS,16
CMN,FNA,3
CMN,BTS,1
CMN,BCN,16
CMN,LPA,2
CMN,MAD,31
CMN,AGP,15
CMN,RMU,2
CMN,SVQ,4
CMN,TFS,2
CMN,VLC,7
CMN,GVA,10
CMN,LFW,2
CMN,TUN,26
CMN,IST,17
CMN,SAW,18
CMN,AUH,5
CMN,DXB,11
CMN,LGW,8
CMN,LHR,11
CMN,MIA,4
CMN,JFK,12
CMN,IAD,7
CAT,BRU,1
CAT,LBG,1
CAT,ATH,1
CAT,MLA,1
CAT,LIS,1
CAT,PRM,14
CAT,VSE,14
CAT,MAD,1
CAT,SDR,1
CAT,GVA,1
CAC,VCP,12
CAC,CWB,11
CAC,GRU,16
CAC,GTP,6
CPR,BIL,1
CPR,APA,1
CPR,DEN,32
CPR,FNL,1
CPR,LAR,1
CPR,MEM,2
CPR,PWA,1
CPR,PVU,1
CPR,RAP,1
CPR,RKS,1
CPR,SLC,9
CPR,BFF,1
CST,NO,0
CDT,CRL,2
CDT,NRN,2
CDT,BUD,3
CDT,DUB,2
CDT,FCO,2
CDT,KTW,2
CDT,OPO,2
CDT,OTP,2
CDT,MAD,6
CDT,SVQ,2
CDT,TUN,1
CDT,STN,4
CXY,FLL,3
CTC,AEP,9
CTC,IRJ,4
CTA,TIA,4
CTA,VIE,13
CTA,BRU,5
CTA,CRL,3
CTA,SOF,5
CTA,PRG,6
CTA,CPH,3
CTA,LXR,1
CTA,SSH,1
CTA,HEL,1
CTA,BSL,8
CTA,LYS,2
CTA,MRS,6
CTA,NTE,3
CTA,CDG,10
CTA,ORY,4
CTA,LDE,2
CTA,TLS,1
CTA,BER,8
CTA,CGN,3
CTA,DTM,3
CTA,DUS,10
CTA,FRA,9
CTA,HHN,4
CTA,HAM,2
CTA,FMM,3
CTA,MUC,14
CTA,STR,10
CTA,ATH,6
CTA,HKG,1
CTA,BUD,7
CTA,TLV,8
CTA,AHO,2
CTA,AOI,8
CTA,BRI,7
CTA,BLQ,41
CTA,BZO,2
CTA,VBS,5
CTA,CAG,8
CTA,FLR,11
CTA,FOG,2
CTA,FRL,4
CTA,GOA,9
CTA,LMP,12
CTA,BGY,34
CTA,LIN,80
CTA,MXP,78
CTA,NAP,34
CTA,OLB,2
CTA,PNL,4
CTA,PEG,5
CTA,PSR,3
CTA,PSA,18
CTA,FCO,125
CTA,TRS,5
CTA,TRN,24
CTA,VCE,30
CTA,VRN,26
CTA,RIX,3
CTA,LUX,2
CTA,MLA,28
CTA,CMN,3
CTA,AMS,13
CTA,EIN,4
CTA,OSL,2
CTA,KTW,5
CTA,KRK,5
CTA,WAW,4
CTA,WMI,3
CTA,OTP,10
CTA,CLJ,2
CTA,IAS,2
CTA,RUH,2
CTA,BEG,2
CTA,BCN,8
CTA,MAD,3
CTA,SVQ,3
CTA,ARN,2
CTA,GVA,8
CTA,ZRH,10
CTA,IST,7
CTA,AUH,2
CTA,DXB,4
CTA,BHX,1
CTA,BRS,2
CTA,EDI,2
CTA,LBA,2
CTA,LGW,23
CTA,LTN,8
CTA,STN,4
CTA,MAN,5
CRM,MNL,5
CBT,LAD,16
CBT,SDD,3
CBT,SZA,5
CYZ,MNL,8
CAQ,NO,0
CXJ,VCP,7
CXJ,SDU,3
CXJ,CGH,7
CXJ,GRU,14
CXJ,GTP,6
CUK,BZE,40
CUK,TZA,32
CUK,CUK,6
CUK,SPR,37
CAY,BEL,1
CAY,SDQ,3
CAY,ORY,13
CAY,MPY,27
CAY,XAU,3
CAY,FDF,9
CYB,GCM,31
CYB,LYB,17
CCC,YUL,9
CCC,YQB,1
CCC,YYZ,12
CCC,HAV,4
CCC,SVO,2
CYO,YUL,1
CYO,YYZ,1
CEB,SZX,4
CEB,HKG,12
CEB,NRT,13
CEB,KUL,4
CEB,CRK,40
CEB,BCD,46
CEB,BAG,4
CEB,BPA,2
CEB,USU,25
CEB,BXU,45
CEB,CGY,63
CEB,CYP,4
CEB,MPH,55
CEB,CBO,3
CEB,DVO,76
CEB,IAO,39
CEB,DPL,8
CEB,DGT,16
CEB,ENI,5
CEB,GES,12
CEB,ILO,56
CEB,DRP,16
CEB,CGM,8
CEB,MNL,282
CEB,WNP,5
CEB,OZC,16
CEB,PAG,11
CEB,PPS,31
CEB,SUG,12
CEB,TAC,36
CEB,ZAM,19
CEB,DOH,4
CEB,SIN,31
CEB,PUS,11
CEB,TAE,3
CEB,ICN,53
CEB,TPE,25
CEB,BKK,2
CDC,LAS,2
CDC,SLC,13
CDC,SCF,1
CDK,NO,0
CID,ATL,8
CID,CLT,16
CID,ORD,62
CID,CVG,1
CID,CGF,1
CID,DFW,23
CID,DEN,19
CID,DSM,1
CID,HOU,1
CID,IND,2
CID,IOW,1
CID,MCI,1
CID,LAS,2
CID,LAX,2
CID,SDF,1
CID,MEM,2
CID,MSP,16
CID,BNA,4
CID,SFB,4
CID,AZA,3
CID,PHX,8
CID,PGD,3
CID,SAN,1
CID,PIE,3
CID,TEB,2
CID,AVW,1
CID,DCA,8
CED,ADL,8
CES,NO,0
CHH,LIM,4
CDR,DEN,13
CCN,NO,0
CIK,FYU,5
CMF,LYN,1
CMF,EBU,1
CMF,MAD,1
CMI,ORD,16
CMI,DFW,16
CMI,PIA,1
CMI,SPZ,1
CMI,SPI,1
CMI,HUF,1
CGQ,NBS,4
CGQ,PEK,40
CGQ,PKX,63
CGQ,CSX,30
CGQ,CZX,11
CGQ,CTU,24
CGQ,TFU,32
CGQ,CKG,24
CGQ,DOY,8
CGQ,CAN,34
CGQ,KWE,3
CGQ,HGH,57
CGQ,HFE,35
CGQ,HET,24
CGQ,HIA,8
CGQ,TNA,52
CGQ,KMG,1
CGQ,LHW,12
CGQ,LYG,11
CGQ,LFQ,10
CGQ,LYI,19
CGQ,KHN,16
CGQ,NKG,76
CGQ,NTG,12
CGQ,NGB,16
CGQ,DSN,8
CGQ,TAO,73
CGQ,RIZ,5
CGQ,SYX,7
CGQ,SHA,16
CGQ,PVG,144
CGQ,SHE,13
CGQ,SZX,33
CGQ,SJW,20
CGQ,TYN,27
CGQ,TSN,32
CGQ,WEF,14
CGQ,WEH,32
CGQ,WNZ,8
CGQ,WUH,26
CGQ,WHA,8
CGQ,WUX,16
CGQ,XIY,52
CGQ,XMN,5
CGQ,XFN,7
CGQ,XUZ,14
CGQ,YNZ,8
CGQ,YTY,18
CGQ,YNJ,8
CGQ,YNT,39
CGQ,INC,8
CGQ,YIW,5
CGQ,YCU,4
CGQ,CGO,32
CGQ,NRT,2
CGQ,ICN,14
CGQ,CXR,1
CGD,PKX,8
CGD,TFU,8
CGD,CKG,8
CGD,CAN,8
CGD,KWE,5
CGD,HAK,3
CGD,HGH,8
CGD,KMG,8
CGD,TAO,5
CGD,SHA,8
CGD,SZX,8
CGD,WNZ,5
CGD,XIY,5
CGD,ZUH,8
CSX,LGG,8
CSX,PNH,1
CSX,BSD,8
CSX,BAV,8
CSX,BHY,14
CSX,PEK,88
CSX,PKX,103
CSX,BPL,4
CSX,CGQ,30
CSX,CZX,11
CSX,CTU,56
CSX,TFU,72
CSX,CKG,64
CSX,DLU,15
CSX,DLC,32
CSX,DAT,5
CSX,DZH,5
CSX,FUG,5
CSX,FOC,31
CSX,KOW,4
CSX,CAN,14
CSX,KWE,5
CSX,HAK,81
CSX,HGH,27
CSX,HRB,47
CSX,HCJ,3
CSX,HZA,5
CSX,HET,26
CSX,HIA,13
CSX,HUZ,11
CSX,JGS,1
CSX,SWA,32
CSX,TNA,77
CSX,JHG,38
CSX,JNG,8
CSX,KMG,88
CSX,LHW,54
CSX,LXA,8
CSX,LYG,5
CSX,LJG,37
CSX,LYI,8
CSX,LCX,5
CSX,LZO,4
CSX,LUM,3
CSX,MIG,3
CSX,NAO,8
CSX,NKG,59
CSX,NNG,24
CSX,NTG,25
CSX,NGB,48
CSX,DSN,5
CSX,TAO,73
CSX,JJN,34
CSX,RIZ,5
CSX,SYX,79
CSX,SHA,72
CSX,PVG,60
CSX,WGN,5
CSX,SHE,53
CSX,SZX,8
CSX,TYN,65
CSX,TVS,8
CSX,TSN,54
CSX,TLQ,5
CSX,URC,56
CSX,WXN,8
CSX,WEF,3
CSX,WNZ,28
CSX,WUH,9
CSX,WHA,3
CSX,WUX,32
CSX,WUZ,8
CSX,XIY,100
CSX,XMN,62
CSX,XIC,8
CSX,ACX,3
CSX,XNN,41
CSX,WUT,8
CSX,XUZ,19
CSX,YNZ,11
CSX,YTY,4
CSX,YNT,11
CSX,YIH,2
CSX,INC,24
CSX,UYN,8
CSX,YCU,10
CSX,ZHA,8
CSX,HSN,3
CSX,ZUH,5
CSX,ADD,1
CSX,HKG,4
CSX,KIX,9
CSX,NBO,3
CSX,VTE,2
CSX,MNL,13
CSX,SIN,1
CSX,ICN,4
CSX,DMK,16
CSX,BKK,1
CSX,CNX,3
CSX,BOH,4
CSX,LHR,4
CSX,CXR,3
CHX,BOC,7
CHX,PAC,3
CIH,PEK,8
CIH,PKX,5
CIH,TFU,5
CIH,CKG,5
CIH,DLC,5
CIH,HGH,2
CIH,PVG,8
CIH,SZX,5
CIH,TSN,5
CIH,WUH,8
CIH,XIY,2
CZX,DAC,8
CZX,AKA,4
CZX,BHY,5
CZX,PEK,8
CZX,PKX,8
CZX,CGQ,11
CZX,CSX,11
CZX,CTU,8
CZX,TFU,32
CZX,CKG,32
CZX,DLC,17
CZX,DYG,8
CZX,FOC,4
CZX,KOW,4
CZX,CAN,32
CZX,KWE,13
CZX,HAK,12
CZX,HRB,20
CZX,HET,3
CZX,SWA,5
CZX,JNZ,4
CZX,KMG,24
CZX,LZH,4
CZX,NNG,4
CZX,DSN,4
CZX,TAO,10
CZX,JJN,8
CZX,SYX,8
CZX,SHE,13
CZX,SZX,24
CZX,JZH,4
CZX,WNZ,8
CZX,XIY,18
CZX,XMN,19
CZX,XNN,8
CZX,YIH,5
CZX,INC,8
CZX,ZUH,8
CZX,ZYI,3
CZX,MFM,7
CZX,BKK,4
CHQ,GRZ,1
CHQ,VIE,8
CHQ,BRU,7
CHQ,CRL,3
CHQ,OST,1
CHQ,SOF,3
CHQ,PFO,5
CHQ,PRG,5
CHQ,BLL,3
CHQ,CPH,12
CHQ,HEL,23
CHQ,MRS,2
CHQ,ORY,5
CHQ,BER,6
CHQ,BRE,1
CHQ,DUS,9
CHQ,FRA,7
CHQ,HHN,2
CHQ,HAM,6
CHQ,LEJ,1
CHQ,FMM,3
CHQ,MUC,5
CHQ,NUE,2
CHQ,STR,2
CHQ,NRN,2
CHQ,ATH,66
CHQ,HER,1
CHQ,SKG,9
CHQ,BUD,6
CHQ,KEF,3
CHQ,DUB,3
CHQ,TLV,8
CHQ,BRI,2
CHQ,BLQ,3
CHQ,BGY,5
CHQ,NAP,2
CHQ,PSA,3
CHQ,FCO,2
CHQ,TSF,2
CHQ,LUX,1
CHQ,MLA,3
CHQ,AMS,3
CHQ,BGO,2
CHQ,OSL,6
CHQ,SVG,1
CHQ,GDN,2
CHQ,KTW,2
CHQ,KRK,4
CHQ,POZ,3
CHQ,WAW,3
CHQ,WMI,2
CHQ,WRO,4
CHQ,OTP,6
CHQ,CLJ,2
CHQ,BEG,1
CHQ,GOT,5
CHQ,MMX,1
CHQ,ARN,11
CHQ,ZRH,1
CHQ,BHX,4
CHQ,LBA,2
CHQ,LGW,18
CHQ,LHR,7
CHQ,LTN,5
CHQ,STN,6
CHQ,MAN,12
CHQ,NCL,2
CHQ,EMA,4
CHG,PVG,8
CHG,TSN,4
CHS,MHH,1
CHS,,0
CHS,CAK,8
CHS,ANC,1
CHS,ATL,68
CHS,AUS,9
CHS,BWI,25
CHS,BCT,1
CHS,BOS,26
CHS,QQY,1
CHS,CRW,3
CHS,CLT,53
CHS,MDW,16
CHS,ORD,28
CHS,CVG,5
CHS,CMH,3
CHS,LCK,2
CHS,DFW,33
CHS,DAL,8
CHS,DEN,16
CHS,DTW,6
CHS,ESN,1
CHS,FRG,1
CHS,FLL,22
CHS,GSO,1
CHS,GMU,0
CHS,GSP,1
CHS,IAH,8
CHS,HOU,2
CHS,IND,2
CHS,ISP,5
CHS,TYS,1
CHS,LAX,8
CHS,SDF,2
CHS,IAB,1
CHS,MLB,1
CHS,MEM,1
CHS,MIA,16
CHS,MSP,6
CHS,BNA,17
CHS,HVN,2
CHS,MSY,4
CHS,JFK,40
CHS,LGA,44
CHS,EWR,39
CHS,ORF,2
CHS,MCO,10
CHS,PHL,31
CHS,PNE,1
CHS,PHX,3
CHS,PIT,7
CHS,PTK,1
CHS,PWM,2
CHS,PVD,6
CHS,RIC,3
CHS,SEA,8
CHS,RSW,3
CHS,STL,2
CHS,SYR,2
CHS,TPA,13
CHS,TEB,3
CHS,IAD,24
CHS,DCA,37
CHS,PBI,2
CHS,HPN,16
CHS,BDL,7
CRW,ATL,23
CRW,ACY,1
CRW,BKW,1
CRW,TRI,1
CRW,CHS,3
CRW,CLT,31
CRW,ORD,24
CRW,OSU,2
CRW,LOU,1
CRW,SDF,5
CRW,MGW,1
CRW,MCO,3
CRW,PHL,1
CRW,DCA,8
CRW,ZZV,1
CTL,BNE,5
CTL,ULP,2
CTL,RMA,8
CTL,WTB,2
CLT,ANU,1
CLT,AUA,13
CLT,FPO,1
CLT,GGT,8
CLT,MHH,1
CLT,NAS,17
CLT,ELH,8
CLT,BGI,1
CLT,BZE,1
CLT,BDA,8
CLT,YUL,15
CLT,YYZ,45
CLT,GCM,9
CLT,LIR,1
CLT,SJO,8
CLT,CUR,1
CLT,POP,1
CLT,PUJ,24
CLT,CDG,8
CLT,LBG,1
CLT,FRA,8
CLT,MUC,16
CLT,GND,1
CLT,DUB,8
CLT,FCO,8
CLT,MBJ,21
CLT,CUN,30
CLT,CZM,1
CLT,GDL,2
CLT,MEX,8
CLT,SJD,5
CLT,SXM,9
CLT,SJU,16
CLT,UVF,8
CLT,MAD,8
CLT,PLS,18
CLT,LHR,24
CLT,CAK,31
CLT,ALB,24
CLT,ABE,20
CLT,AVL,53
CLT,FTY,2
CLT,ATL,119
CLT,BLM,1
CLT,AGS,45
CLT,AUS,47
CLT,AVP,21
CLT,BWI,61
CLT,BGR,8
CLT,BTR,16
CLT,BKW,14
CLT,XNA,29
CLT,BHM,37
CLT,TRI,53
CLT,BOS,108
CLT,BUF,24
CLT,BTV,16
CLT,CID,16
CLT,JZI,0
CLT,CHS,53
CLT,CRW,32
CLT,CHO,52
CLT,CHA,42
CLT,MDW,21
CLT,ORD,94
CLT,CVG,38
CLT,CKB,13
CLT,CLE,48
CLT,CAE,60
CLT,CMH,37
CLT,USA,1
CLT,DFW,85
CLT,DAL,9
CLT,DAY,31
CLT,DAB,25
CLT,DEN,69
CLT,DSM,15
CLT,VPS,21
CLT,DTW,68
CLT,ELM,1
CLT,ERI,14
CLT,EVV,24
CLT,FAY,54
CLT,FLO,15
CLT,FLL,60
CLT,FWA,24
CLT,GNV,29
CLT,GRR,24
CLT,GSO,51
CLT,PGV,16
CLT,GSP,53
CLT,GPT,17
CLT,MDT,44
CLT,HHH,24
CLT,IAH,53
CLT,HOU,1
CLT,HTS,16
CLT,HSV,38
CLT,IND,39
CLT,JAN,27
CLT,OAJ,37
CLT,JAX,45
CLT,MCI,28
CLT,ENW,1
CLT,EYW,24
CLT,TYS,52
CLT,LFT,8
CLT,LAS,69
CLT,LWB,18
CLT,LEX,48
CLT,LIT,23
CLT,LAX,61
CLT,SDF,42
CLT,LYH,40
CLT,MSN,25
CLT,MHT,28
CLT,MLB,24
CLT,MEM,47
CLT,MIA,72
CLT,MKE,20
CLT,MSP,54
CLT,MOB,23
CLT,MGM,15
CLT,MSL,8
CLT,MYR,69
CLT,APC,1
CLT,BNA,103
CLT,EWN,39
CLT,MSY,36
CLT,JFK,80
CLT,LGA,123
CLT,EWR,100
CLT,PHF,37
CLT,ORF,53
CLT,OKC,16
CLT,OMA,16
CLT,ONT,8
CLT,MCO,114
CLT,PAH,14
CLT,ECP,17
CLT,PNS,37
CLT,PIA,16
CLT,PHL,71
CLT,PHX,54
CLT,PIT,37
CLT,PDX,8
CLT,PWM,17
CLT,PVD,32
CLT,RDU,71
CLT,RAP,16
CLT,RIC,52
CLT,ROA,53
CLT,ROC,24
CLT,SMF,8
CLT,SBY,24
CLT,SLC,29
CLT,SAT,29
CLT,SAN,37
CLT,SFO,37
CLT,SNA,8
CLT,SRQ,30
CLT,SAV,59
CLT,BFI,1
CLT,SEA,29
CLT,SHV,16
CLT,SBN,23
CLT,RSW,29
CLT,SGF,24
CLT,STL,44
CLT,SHD,13
CLT,SGR,1
CLT,SYR,24
CLT,TLH,29
CLT,TPA,69
CLT,TEB,3
CLT,TTN,3
CLT,TUL,16
CLT,IAD,60
CLT,DCA,61
CLT,PBI,31
CLT,HPN,29
CLT,ILM,53
CLT,BDL,37
CLT,STX,1
CLT,STT,9
CHO,ATL,23
CHO,CLT,53
CHO,LUK,1
CHO,FLL,1
CHO,MNZ,1
CHO,ASH,1
CHO,BNA,1
CHO,LGA,35
CHO,MCO,2
CHO,PHL,7
CHO,TEB,1
CHO,IAD,25
CHO,BDL,1
CHR,NO,0
CHT,AKL,2
CHT,CHC,1
CHT,WLG,2
CHA,ATL,53
CHA,CLT,42
CHA,ORD,22
CHA,DFW,24
CHA,DTW,7
CHA,GSO,4
CHA,GPT,1
CHA,HAO,1
CHA,CRG,1
CHA,JAX,0
CHA,LNK,1
CHA,MEM,2
CHA,MIA,1
CHA,CRE,1
CHA,SFB,2
CHA,SME,1
CHA,PIE,2
CHA,TEB,1
CHA,DCA,7
CHV,NO,0
CSY,VKO,9
CSY,AER,4
CSY,LED,3
CYF,BET,13
CYF,KPN,2
CLS,BOI,1
CLS,PSC,1
CEK,EVN,2
CEK,SSH,0
CEK,OSS,3
CEK,KZN,3
CEK,HMA,2
CEK,MCX,3
CEK,MRV,6
CEK,DME,16
CEK,SVO,48
CEK,VKO,9
CEK,NNM,2
CEK,GOJ,1
CEK,NSK,4
CEK,OVB,14
CEK,NUX,1
CEK,AER,26
CEK,LED,31
CEK,SGC,2
CEK,VOG,1
CEK,DYU,3
CEK,LBD,2
CEK,AYT,19
CEK,IST,2
CDE,CAN,5
CDE,HFE,5
CDE,SWA,1
CDE,SJW,16
CDE,XIY,5
CDE,YNT,5
CTU,BZX,8
CTU,BHY,3
CTU,PEK,190
CTU,PKX,100
CTU,BPL,8
CTU,YSQ,2
CTU,CGQ,24
CTU,CSX,56
CTU,CZX,8
CTU,DLU,9
CTU,DLC,16
CTU,DCY,8
CTU,DZH,13
CTU,FUG,8
CTU,FOC,37
CTU,CAN,118
CTU,HAK,24
CTU,HDG,8
CTU,HGH,152
CTU,HRB,16
CTU,HFE,32
CTU,HNY,8
CTU,HET,24
CTU,SWA,8
CTU,TNA,43
CTU,JHG,32
CTU,JNG,3
CTU,KGT,8
CTU,KHG,8
CTU,KMG,88
CTU,LHW,24
CTU,LXA,125
CTU,LYG,5
CTU,LJG,25
CTU,LYA,3
CTU,LUM,5
CTU,KHN,24
CTU,NKG,66
CTU,NNG,32
CTU,NTG,7
CTU,NGB,39
CTU,LZY,16
CTU,PZI,8
CTU,BPX,24
CTU,TAO,32
CTU,SQJ,0
CTU,SYX,24
CTU,SHA,88
CTU,PVG,117
CTU,SHE,19
CTU,SZX,138
CTU,RKZ,8
CTU,SJW,30
CTU,JZH,8
CTU,TYN,16
CTU,TSN,58
CTU,URC,40
CTU,WNZ,28
CTU,WUH,56
CTU,WUX,35
CTU,WUZ,5
CTU,XIY,5
CTU,XMN,42
CTU,XIC,13
CTU,ACX,8
CTU,XNN,27
CTU,YTY,16
CTU,YIH,8
CTU,INC,27
CTU,YYA,8
CTU,ZAT,5
CTU,CGO,32
CTU,ZUH,8
CTU,ZYI,3
CTU,PRG,3
CTU,ADD,1
CTU,HEL,1
CTU,HKG,8
CTU,BLR,1
CTU,MAA,7
CTU,DEL,2
CTU,BOM,6
CTU,CGK,2
CTU,TLV,2
CTU,ALA,2
CTU,MLE,8
CTU,KTM,5
CTU,AMS,2
CTU,LHE,1
CTU,SVO,9
CTU,SIN,2
CTU,ICN,5
CTU,BKK,2
CTU,CNX,8
CTU,KBV,8
CTU,HKT,1
CTU,BOH,2
CTU,ANC,13
CTU,SGN,4
CJJ,DYG,3
CJJ,KIX,7
CJJ,CJU,166
CJJ,DMK,8
CJJ,DAD,8
CJJ,CXR,4
CER,SNN,1
CEE,MSQ,3
CEE,ARH,1
CEE,KGD,6
CEE,KZN,2
CEE,MRV,2
CEE,DME,8
CEE,SVO,18
CEE,MMK,3
CEE,PES,1
CEE,AER,5
CEE,LED,16
CEE,VUS,4
CEE,SVX,2
CWC,NO,0
CEG,TLS,1
CEG,XFW,1
CEG,GLA,1
CTM,MEX,22
CYS,COD,1
CYS,CRP,1
CYS,DEN,1
CNX,PEK,2
CNX,PKX,5
CNX,CSX,3
CNX,CTU,8
CNX,TFU,2
CNX,CAN,3
CNX,HGH,5
CNX,JHG,3
CNX,KMG,8
CNX,PVG,13
CNX,XIY,4
CNX,HKG,16
CNX,KIX,4
CNX,LPQ,4
CNX,KUL,11
CNX,RGN,3
CNX,SIN,13
CNX,ICN,11
CNX,TPE,21
CNX,DMK,159
CNX,BKK,149
CNX,HDY,8
CNX,HHQ,5
CNX,KKC,13
CNX,USM,8
CNX,KBV,15
CNX,HKT,31
CNX,UTP,3
CNX,URT,7
CNX,UBP,3
CNX,UTH,3
CNX,DAD,8
CNX,HAN,8
CNX,SGN,8
CEI,KMG,2
CEI,DMK,66
CEI,BKK,47
CYI,KNH,3
CYI,MZG,8
CIX,PTY,2
CIX,LIM,66
CIC,MHR,1
CIF,BAV,20
CIF,ERL,8
CIF,HLD,8
CIF,HGH,8
CIF,HRB,16
CIF,HET,87
CIF,NKG,8
CIF,TAO,8
CIF,PVG,8
CIF,SZX,8
CIF,SJW,15
CIF,TYN,3
CIF,TSN,8
CIF,TGO,5
CIF,HLH,8
CIF,WUA,3
CIF,XIL,3
CIF,CGO,8
CUU,CUN,14
CUU,CUL,8
CUU,GDL,24
CUU,HMO,7
CUU,LAP,3
CUU,LMM,3
CUU,MZT,2
CUU,MEX,58
CUU,MTY,17
CUU,PVR,2
CUU,QRO,4
CUU,TIJ,11
CUU,TLC,1
CUU,DFW,16
CUU,DEN,2
CUU,LRD,1
CDS,NO,0
CCA,NO,0
CCL,BNE,3
CNO,LAX,1
CNO,SAT,1
CNO,CLD,1
CNO,MYF,1
CJL,ISB,1
CTD,PAC,4
CGP,DAC,142
CGP,CCU,8
CGP,KWI,3
CGP,MCT,20
CGP,DOH,3
CGP,JED,9
CGP,MED,1
CGP,AUH,6
CGP,DXB,9
CGP,SHJ,19
CFK,MRS,4
CFK,CDG,3
CKH,YKS,5
CET,NO,0
CKG,AKU,18
CKG,AQG,3
CKG,AEB,3
CKG,BSD,3
CKG,BAV,16
CKG,BHY,8
CKG,PEK,144
CKG,PKX,121
CKG,BFJ,3
CKG,CGQ,24
CKG,CGD,7
CKG,CSX,66
CKG,CIH,5
CKG,CZX,32
CKG,CTU,1
CKG,HCZ,3
CKG,DLU,27
CKG,DLC,8
CKG,DCY,3
CKG,DAT,2
CKG,DOY,3
CKG,DNH,3
CKG,EHU,5
CKG,FUG,5
CKG,FOC,63
CKG,KOW,3
CKG,CAN,145
CKG,HAK,67
CKG,HDG,8
CKG,HGH,158
CKG,HRB,20
CKG,HFE,60
CKG,HNY,7
CKG,HZA,3
CKG,HET,18
CKG,HTN,3
CKG,HIA,8
CKG,TXN,8
CKG,HYN,14
CKG,HUZ,14
CKG,JGS,7
CKG,SWA,31
CKG,TNA,78
CKG,JHG,43
CKG,JNG,8
CKG,KGT,2
CKG,KHG,2
CKG,KRL,16
CKG,KMG,38
CKG,LHW,14
CKG,LXA,91
CKG,LJG,42
CKG,LFQ,5
CKG,LYI,9
CKG,HZH,2
CKG,LZH,6
CKG,LNL,4
CKG,LYA,6
CKG,LLV,5
CKG,LUM,11
CKG,MXZ,2
CKG,KHN,60
CKG,NKG,151
CKG,NNG,42
CKG,NTG,33
CKG,NGB,52
CKG,LZY,18
CKG,DSN,11
CKG,PZI,2
CKG,SYM,2
CKG,BPX,16
CKG,JIQ,12
CKG,TAO,75
CKG,IQN,8
CKG,JJN,32
CKG,JUZ,11
CKG,RIZ,8
CKG,SQJ,5
CKG,SYX,72
CKG,SHA,112
CKG,PVG,118
CKG,SQD,2
CKG,DIG,4
CKG,HSC,3
CKG,WGN,5
CKG,SHE,32
CKG,SZX,189
CKG,RKZ,4
CKG,SJW,36
CKG,WDS,7
CKG,JZH,3
CKG,TYN,41
CKG,TCZ,6
CKG,TSN,56
CKG,URC,63
CKG,WEF,5
CKG,WNH,5
CKG,WNZ,42
CKG,WUA,3
CKG,WUH,70
CKG,WHA,8
CKG,WSK,2
CKG,WUX,72
CKG,XIY,22
CKG,XMN,70
CKG,XFN,5
CKG,XIC,3
CKG,ACX,8
CKG,XNN,21
CKG,XAI,5
CKG,WUT,3
CKG,XUZ,8
CKG,ENY,8
CKG,YNZ,6
CKG,YTY,16
CKG,YNT,13
CKG,YIH,5
CKG,YIC,3
CKG,INC,22
CKG,YIW,13
CKG,LLF,5
CKG,UYN,3
CKG,YCU,8
CKG,ZQZ,5
CKG,ZHA,11
CKG,CGO,46
CKG,ZHY,3
CKG,ZUH,47
CKG,WMT,3
CKG,HEL,4
CKG,FRA,5
CKG,HKG,17
CKG,BUD,2
CKG,BLR,1
CKG,DEL,2
CKG,CGK,1
CKG,FCO,2
CKG,KIX,3
CKG,VTE,12
CKG,MFM,4
CKG,KUL,5
CKG,AMS,10
CKG,SVO,5
CKG,SIN,7
CKG,ICN,7
CKG,MAD,2
CKG,TPE,9
CKG,DMK,15
CKG,BKK,4
CKG,KBV,4
CKG,HKT,15
CKG,DXB,3
CKG,LHR,3
CKG,ANC,4
CKG,JFK,1
CKG,SGN,4
CHC,BNE,17
CHC,OOL,5
CHC,MEL,20
CHC,SYD,33
CHC,NAN,6
CHC,AKL,149
CHC,BHE,29
CHC,CHT,1
CHC,DUD,51
CHC,HLZ,33
CHC,HKK,15
CHC,IVC,46
CHC,NPE,25
CHC,NSN,51
CHC,NPL,20
CHC,PMR,34
CHC,ZQN,31
CHC,ROT,16
CHC,TRG,26
CHC,WKA,13
CHC,WLG,81
CHC,SIN,8
CKW,PER,3
CHU,CKD,5
CCZ,FXE,1
CJM,DMK,8
CFG,NO,0
CVG,GYD,1
CVG,BAH,12
CVG,BRU,1
CVG,YYC,5
CVG,YEG,1
CVG,YHM,10
CVG,YMX,7
CVG,YYZ,16
CVG,YVR,7
CVG,YWG,6
CVG,CDG,4
CVG,LEJ,8
CVG,MXP,1
CVG,NGO,1
CVG,NRT,10
CVG,LUX,1
CVG,CUN,5
CVG,GDL,6
CVG,NLU,5
CVG,MEX,6
CVG,MTY,7
CVG,SJU,1
CVG,ICN,9
CVG,LHR,6
CVG,EMA,1
CVG,CAK,2
CVG,ABE,1
CVG,ANC,8
CVG,ATL,67
CVG,AUS,19
CVG,AVP,1
CVG,BWI,23
CVG,BOI,1
CVG,BOS,45
CVG,CID,1
CVG,CHS,4
CVG,CLT,36
CVG,MDW,29
CVG,ORD,75
CVG,RFD,1
CVG,DFW,45
CVG,DEN,51
CVG,VPS,13
CVG,DTW,33
CVG,DOV,1
CVG,ELP,1
CVG,FLL,16
CVG,GSO,1
CVG,HRL,1
CVG,MDT,2
CVG,HHH,1
CVG,QTB,1
CVG,HNL,1
CVG,IAH,28
CVG,JAX,3
CVG,EYW,2
CVG,LRD,1
CVG,LAS,22
CVG,LAX,14
CVG,SDF,1
CVG,MHT,1
CVG,MEM,3
CVG,MIA,32
CVG,MKE,1
CVG,MSP,42
CVG,MYR,6
CVG,BNA,1
CVG,MSY,2
CVG,JFK,54
CVG,LGA,57
CVG,EWR,60
CVG,ORF,2
CVG,ONT,1
CVG,MCO,35
CVG,SFB,10
CVG,PHL,29
CVG,AZA,2
CVG,PHX,2
CVG,PIT,1
CVG,PDX,1
CVG,PVD,4
CVG,PGD,9
CVG,RDU,12
CVG,RIC,4
CVG,ROC,1
CVG,SLC,17
CVG,SAT,1
CVG,SFO,4
CVG,SNA,3
CVG,SRQ,5
CVG,SAV,6
CVG,SEA,17
CVG,RSW,15
CVG,STL,2
CVG,PIE,10
CVG,SCK,2
CVG,TPA,17
CVG,TUL,1
CVG,IAD,24
CVG,DCA,46
CVG,PBI,2
CVG,HLG,1
CVG,ILN,1
CVG,BDL,1
CBL,CCS,1
CUA,NO,0
CME,MEX,23
CME,TAM,5
CME,VER,6
CJS,CUN,20
CJS,CUU,1
CJS,DGO,5
CJS,GDL,35
CJS,HMO,5
CJS,MZT,4
CJS,NLU,0
CJS,MEX,60
CJS,MTY,16
CJS,PVR,4
CJS,BJX,9
CJS,TIJ,8
CJS,TRC,5
CEN,GDL,8
CEN,LAP,5
CEN,MEX,15
CEN,MTY,3
CEN,TIJ,8
CQM,NO,0
CVM,MEX,6
CVM,MTY,12
CVM,SLW,1
CLP,DLG,7
CKB,ATL,1
CKB,CRW,1
CKB,CLT,13
CKB,VPS,1
CKB,LWB,1
CKB,MYR,2
CKB,CRE,1
CKB,SFB,2
CKB,PIE,2
CKM,NO,0
CKV,PWK,1
CKV,EKX,1
CKV,SIK,1
CEU,CLT,1
CEU,ORL,1
CEU,STL,1
CFE,AJA,1
CFE,NCY,2
CFE,GNB,1
CFE,LYN,1
CFE,CDG,23
CFE,LBG,2
CFE,LIN,1
CFE,MXP,1
CFE,FCO,1
CFE,VCE,1
CFE,LUX,1
CFE,FEZ,2
CFE,OPO,2
CLE,YHM,1
CLE,YYZ,24
CLE,PUJ,3
CLE,DUB,4
CLE,CUN,9
CLE,SJU,4
CLE,CAK,1
CLE,ATL,80
CLE,BWI,22
CLE,BOS,46
CLE,CLT,48
CLE,PWK,2
CLE,MDW,35
CLE,ORD,69
CLE,CLE,1
CLE,DFW,53
CLE,DEN,41
CLE,DTW,31
CLE,ERI,1
CLE,FLL,23
CLE,HAR,1
CLE,IAH,24
CLE,IND,2
CLE,QQQ,1
CLE,LAS,26
CLE,LAX,16
CLE,SDF,2
CLE,MEM,2
CLE,MIA,21
CLE,MSP,31
CLE,MYR,10
CLE,ACK,1
CLE,BNA,16
CLE,JFK,49
CLE,LGA,57
CLE,EWR,54
CLE,MCO,42
CLE,PHL,28
CLE,PHX,13
CLE,PWM,1
CLE,RDU,4
CLE,ROG,1
CLE,SAN,4
CLE,SFO,16
CLE,SEA,8
CLE,SOP,1
CLE,RSW,8
CLE,STL,15
CLE,TPA,17
CLE,TEB,1
CLE,IAD,34
CLE,DCA,38
CLE,BJJ,1
CGF,AID,1
CGF,MDW,1
CGF,UGN,1
CGF,CLE,1
CGF,LBT,1
CGF,MMU,1
CGF,CEF,1
CGF,TEB,1
CGF,VNY,1
CGF,IAD,1
CNJ,BNE,5
CNJ,CNS,1
CNJ,ISA,4
CNJ,TSV,8
CVN,DFW,6
CVN,DEN,6
CLJ,VIE,2
CLJ,CRL,11
CLJ,OST,1
CLJ,LCA,4
CLJ,BSL,6
CLJ,LYS,2
CLJ,NCE,2
CLJ,BVA,12
CLJ,LBG,1
CLJ,BER,3
CLJ,DTM,4
CLJ,FRA,11
CLJ,HHN,2
CLJ,FMM,4
CLJ,MUC,16
CLJ,NUE,2
CLJ,CHQ,2
CLJ,CFU,3
CLJ,HER,2
CLJ,RHO,1
CLJ,ZTH,0
CLJ,BUD,10
CLJ,DUB,6
CLJ,TLV,6
CLJ,BRI,4
CLJ,BLQ,7
CLJ,CTA,2
CLJ,BGY,20
CLJ,NAP,2
CLJ,CIA,4
CLJ,TSF,2
CLJ,MLA,3
CLJ,EIN,4
CLJ,WAW,7
CLJ,OTP,42
CLJ,TSR,4
CLJ,ALC,4
CLJ,BCN,6
CLJ,MAD,6
CLJ,AGP,3
CLJ,PMI,1
CLJ,VLC,3
CLJ,ZAZ,2
CLJ,MMX,4
CLJ,AYT,3
CLJ,IST,7
CLJ,AUH,1
CLJ,BHX,2
CLJ,LBA,2
CLJ,LPL,2
CLJ,LTN,19
CLJ,STN,5
CIZ,CAF,2
CIZ,MAO,8
CTH,ACY,1
CTH,MMU,1
CTH,OMA,1
CTH,PIT,1
CTH,PTK,1
CTH,SVH,1
CTH,SUA,1
CTH,TEB,1
CTH,FOK,1
CAZ,SYD,6
CIJ,CBB,6
CIJ,LPB,18
CIJ,VVI,4
CIJ,TDD,4
CBB,EZE,3
CBB,CIJ,5
CBB,LPB,88
CBB,ORU,8
CBB,VVI,109
CBB,SRE,30
CBB,TJA,27
CBB,TDD,29
CBB,BYC,2
CBB,GRU,3
COK,BAH,12
COK,AGX,8
COK,AMD,11
COK,BLR,126
COK,MAA,45
COK,DEL,71
COK,GOI,8
COK,HYD,41
COK,CNN,8
COK,CCU,8
COK,CCJ,3
COK,BOM,88
COK,PNQ,8
COK,TRV,8
COK,KWI,21
COK,KUL,20
COK,MLE,12
COK,MCT,32
COK,SLL,1
COK,DOH,29
COK,DMM,3
COK,JED,3
COK,RUH,5
COK,SIN,16
COK,CMB,9
COK,DMK,7
COK,AUH,46
COK,DXB,52
COK,SHJ,24
COK,LGW,4
CNC,SYU,11
CNC,XMY,13
CCK,XCH,1
CCK,PER,1
COD,BIL,1
COD,DEN,25
COD,RIW,1
CUQ,CNS,6
COE,APA,1
COE,MSO,1
CFS,ARM,0
CFS,BNE,2
CFS,MEL,8
CFS,MCY,2
CFS,SYD,56
CNG,NO,0
CJB,BLR,20
CJB,MAA,63
CJB,DEL,24
CJB,GOX,5
CJB,HYD,29
CJB,BOM,32
CJB,PNQ,8
CJB,SIN,8
CJB,CMB,4
CJB,SHJ,5
CBP,NO,0
CBK,NO,0
CDB,ANC,7
CDB,KFP,2
CDB,KVC,7
CDB,NLG,2
CDB,SDP,3
CDB,DUT,8
CXF,NO,0
CLQ,MEX,8
CLQ,TIJ,11
COL,OBN,4
COL,TRE,2
CRB,NO,0
CGS,NO,0
CLL,DFW,24
CLL,MTJ,1
CLL,OKC,1
CMR,MPL,1
CMR,FDH,1
CGN,TIA,3
CGN,EVN,1
CGN,INN,2
CGN,SZG,4
CGN,VIE,40
CGN,BRU,1
CGN,SJJ,4
CGN,TZL,2
CGN,BOJ,3
CGN,SOF,11
CGN,VAR,6
CGN,YHM,1
CGN,YYT,1
CGN,YYZ,1
CGN,SZX,1
CGN,DBV,2
CGN,PUY,2
CGN,RJK,1
CGN,SPU,6
CGN,ZAD,6
CGN,ZAG,9
CGN,LCA,2
CGN,PFO,3
CGN,OSR,3
CGN,PRG,4
CGN,AAR,1
CGN,BLL,3
CGN,CPH,3
CGN,CAI,7
CGN,HRG,6
CGN,RMF,1
CGN,TLL,1
CGN,BSL,3
CGN,BIQ,2
CGN,CLY,1
CGN,LYS,2
CGN,MRS,3
CGN,NCE,7
CGN,CDG,5
CGN,RNS,5
CGN,LDE,1
CGN,BER,39
CGN,BRE,1
CGN,CGN,2
CGN,DTM,1
CGN,DUS,1
CGN,HHN,1
CGN,HAM,17
CGN,LEJ,1
CGN,MUC,57
CGN,FMO,1
CGN,STR,1
CGN,ATH,11
CGN,CFU,8
CGN,HER,15
CGN,KVA,2
CGN,KGS,11
CGN,RHO,11
CGN,JTR,3
CGN,SKG,11
CGN,HKG,2
CGN,BUD,7
CGN,IKA,1
CGN,EBL,2
CGN,DUB,7
CGN,NOC,3
CGN,BRI,3
CGN,BLQ,10
CGN,BZO,1
CGN,BDS,1
CGN,CTA,3
CGN,SUF,1
CGN,BGY,18
CGN,MXP,16
CGN,NAP,3
CGN,OLB,7
CGN,PMO,7
CGN,PMF,1
CGN,PSA,3
CGN,FCO,13
CGN,VCE,11
CGN,VRN,6
CGN,PRN,1
CGN,RIX,2
CGN,KUN,7
CGN,LUX,1
CGN,MLA,2
CGN,RAK,2
CGN,NDR,6
CGN,TNG,0
CGN,SKP,4
CGN,GDN,3
CGN,KTW,7
CGN,POZ,1
CGN,WAW,1
CGN,WMI,4
CGN,WRO,4
CGN,FAO,9
CGN,LIS,10
CGN,OPO,9
CGN,CLJ,1
CGN,CRA,3
CGN,TSR,1
CGN,BEG,3
CGN,INI,2
CGN,LJU,1
CGN,ALC,8
CGN,BCN,27
CGN,FUE,6
CGN,LPA,7
CGN,IBZ,7
CGN,ACE,4
CGN,MAD,3
CGN,MAH,3
CGN,AGP,10
CGN,PMI,89
CGN,SVQ,3
CGN,TFS,6
CGN,VLC,5
CGN,VLL,1
CGN,VIT,6
CGN,MMX,3
CGN,ARN,7
CGN,GVA,1
CGN,ZRH,18
CGN,LFW,1
CGN,MIR,1
CGN,TUN,9
CGN,ADA,2
CGN,ESB,8
CGN,AYT,78
CGN,BJV,4
CGN,DLM,2
CGN,EZS,1
CGN,IST,27
CGN,SAW,38
CGN,ADB,16
CGN,ASR,1
CGN,KZR,0
CGN,DXB,1
CGN,SHJ,1
CGN,BRS,4
CGN,EDI,8
CGN,EXT,1
CGN,LHR,21
CGN,STN,23
CGN,MAN,7
CGN,NCL,4
CGN,EMA,5
CGN,NHT,1
CGN,ORD,1
CGN,SDF,3
CGN,JFK,2
CGN,EWR,1
CGN,PHL,1
CMB,MEL,8
CMB,SYD,3
CMB,DAC,8
CMB,PEK,1
CMB,CAN,2
CMB,KMG,3
CMB,PVG,8
CMB,CDG,4
CMB,HKG,2
CMB,BLR,16
CMB,MAA,65
CMB,COK,9
CMB,CJB,4
CMB,DEL,18
CMB,HYD,9
CMB,IXM,5
CMB,BOM,17
CMB,TRZ,8
CMB,TRV,7
CMB,CGK,8
CMB,NRT,4
CMB,KWI,12
CMB,KUL,33
CMB,GAN,2
CMB,MLE,62
CMB,KTM,6
CMB,MCT,11
CMB,KHI,4
CMB,LHE,4
CMB,DOH,41
CMB,SVO,2
CMB,DMM,8
CMB,RUH,8
CMB,SIN,12
CMB,ICN,2
CMB,BTC,0
CMB,TRR,0
CMB,DWO,7
CMB,BKK,9
CMB,IST,2
CMB,AUH,6
CMB,DXB,56
CMB,SHJ,11
CMB,LHR,8
CSA,ILY,1
CSA,OBN,3
COS,,0
COS,ATL,8
COS,TRI,1
COS,BUR,4
COS,CHS,1
COS,CYS,1
COS,MDW,15
COS,ORD,16
COS,LUK,1
COS,DFW,40
COS,DAL,22
COS,DEN,106
COS,YIP,1
COS,DRO,2
COS,EGE,2
COS,AFW,1
COS,GSP,1
COS,IAH,16
COS,MKC,1
COS,LAS,21
COS,MEM,2
COS,MSP,10
COS,MMU,1
COS,OMA,1
COS,PHL,1
COS,PHX,21
COS,HIO,1
COS,SLC,8
COS,SGR,1
COS,TEX,1
COS,AVW,1
COS,IAD,1
CAE,AHN,1
CAE,ATL,45
CAE,CHS,2
CAE,CLT,62
CAE,MDW,1
CAE,ORD,16
CAE,USA,1
CAE,DFW,16
CAE,FMY,1
CAE,GSO,1
CAE,GSP,1
CAE,GPT,1
CAE,HHH,1
CAE,LZU,5
CAE,SDF,5
CAE,MEM,2
CAE,MIA,1
CAE,MYR,9
CAE,LGA,15
CAE,PHL,18
CAE,ROA,1
CAE,SAV,6
CAE,PIE,1
CAE,TBR,1
CAE,QTS,1
CAE,IAD,16
CAE,DCA,22
CAE,ILM,1
COU,ORD,16
COU,DFW,22
COU,MEM,1
COU,PWA,1
CUB,EWR,1
CUB,QTT,1
CMH,YYZ,16
CMH,CUN,1
CMH,CAK,1
CMH,ATL,80
CMH,ACY,2
CMH,AUS,8
CMH,BWI,24
CMH,BOS,36
CMH,CHS,3
CMH,CLT,37
CMH,MDW,42
CMH,ORD,64
CMH,UGN,1
CMH,LUK,1
CMH,DFW,48
CMH,DAL,9
CMH,DEN,41
CMH,DSM,1
CMH,DET,1
CMH,DTW,31
CMH,FRG,1
CMH,FLL,19
CMH,IAH,16
CMH,HOU,8
CMH,HTS,1
CMH,QQQ,1
CMH,JAX,2
CMH,AZO,0
CMH,LAS,18
CMH,LAX,8
CMH,MSN,1
CMH,MIA,16
CMH,MSP,34
CMH,MGW,1
CMH,MYR,3
CMH,BNA,17
CMH,JFK,48
CMH,LGA,78
CMH,EWR,47
CMH,ORF,2
CMH,PWA,1
CMH,MCO,53
CMH,PLN,1
CMH,PHL,32
CMH,PHX,25
CMH,AGC,5
CMH,PTK,1
CMH,PVD,2
CMH,RDU,4
CMH,SFO,8
CMH,SNA,3
CMH,SRQ,3
CMH,SEA,8
CMH,RSW,11
CMH,STL,13
CMH,TPA,20
CMH,TEB,2
CMH,MJX,1
CMH,TUL,1
CMH,TCL,1
CMH,IAD,32
CMH,DCA,46
CMH,BDL,2
CMH,ZZV,1
CSG,AEX,1
CSG,PDK,1
CSG,ATL,23
CSG,CLT,1
CSG,MEM,2
CSG,EWR,1
CLU,AVL,1
CLU,IND,1
CLU,BFI,1
CIY,BLQ,6
CIY,CTA,1
CIY,BGY,12
CIY,FCO,14
CRD,AEP,49
CRD,EZE,6
CRD,COR,5
CRD,NQN,7
CRD,RGL,4
CRD,REL,3
CPM,NO,0
CKY,OUA,4
CKY,ABJ,0
CKY,CDG,14
CKY,OXB,1
CKY,ROB,2
CKY,BKO,8
CKY,NKC,3
CKY,CMN,8
CKY,DSS,25
CKY,TUN,3
CCP,ANF,9
CCP,CJC,6
CCP,IQQ,7
CCP,LSC,4
CCP,PMC,5
CCP,SCL,105
CCR,BUR,7
CCR,LAS,4
CCR,LVK,1
CCR,ONT,1
CCR,SMF,1
CCR,SAN,1
CCR,SNA,5
CON,CHO,1
CFO,NO,0
CXO,QRO,1
CXO,ATL,1
CXO,AUS,1
CXO,CUH,1
CXO,APA,2
CXO,DSI,1
CXO,OMA,1
CXO,PNS,1
CXO,PTK,1
CND,POZ,1
CND,AYT,1
CND,IST,3
CND,LTN,2
CZL,AZR,1
CZL,ALG,40
CZL,CBH,1
CZL,BJA,2
CZL,DJG,2
CZL,ELU,2
CZL,GHA,2
CZL,HME,1
CZL,ORN,5
CZL,OGX,1
CZL,TGR,1
CZL,TMR,1
CZL,TIN,2
CZL,MLH,2
CZL,BSL,2
CZL,LIL,3
CZL,LYS,5
CZL,MRS,16
CZL,ETZ,3
CZL,NCE,3
CZL,CDG,5
CZL,ORY,6
CZL,SXB,1
CZL,TLS,1
CZL,JED,1
CZL,MED,4
CZL,TUN,2
CZL,IST,10
CPD,ADL,4
CTN,CNS,24
CJF,BQB,1
CJF,ZNE,1
CJF,PER,20
CPH,VIE,44
CPH,BRU,51
CPH,LGG,1
CPH,SOF,4
CPH,VAR,1
CPH,YUL,5
CPH,YYZ,9
CPH,PEK,3
CPH,PVG,4
CPH,DBV,2
CPH,PUY,1
CPH,SPU,10
CPH,ZAG,8
CPH,LCA,5
CPH,PRG,24
CPH,AAL,123
CPH,AAR,32
CPH,BLL,2
CPH,RNN,65
CPH,KRP,19
CPH,SGD,32
CPH,CAI,4
CPH,HRG,1
CPH,TLL,7
CPH,FAE,27
CPH,HEL,66
CPH,TMP,4
CPH,BSL,7
CPH,BIA,1
CPH,BOD,2
CPH,LYN,1
CPH,LYS,2
CPH,MRS,2
CPH,MPL,2
CPH,NTE,3
CPH,NCE,25
CPH,CDG,86
CPH,LBG,1
CPH,ORY,11
CPH,BER,44
CPH,CGN,3
CPH,DUS,39
CPH,FRA,50
CPH,HAM,37
CPH,HAJ,7
CPH,LEJ,1
CPH,MUC,50
CPH,STR,7
CPH,NRN,3
CPH,PVK,2
CPH,ATH,17
CPH,CHQ,11
CPH,HER,4
CPH,AOK,1
CPH,KGS,2
CPH,RHO,5
CPH,JSI,1
CPH,SKG,2
CPH,ZTH,3
CPH,SFJ,5
CPH,UAK,1
CPH,THU,1
CPH,BUD,14
CPH,KEF,44
CPH,DEL,3
CPH,EBL,3
CPH,DUB,22
CPH,TLV,2
CPH,AHO,1
CPH,BLQ,18
CPH,CTA,3
CPH,FLR,4
CPH,BGY,14
CPH,MXP,30
CPH,NAP,6
CPH,PSA,3
CPH,FCO,29
CPH,TRN,3
CPH,VCE,12
CPH,HND,4
CPH,RIX,24
CPH,BEY,6
CPH,KUN,6
CPH,PLQ,14
CPH,VNO,16
CPH,LUX,12
CPH,TGD,3
CPH,RAK,2
CPH,AMS,109
CPH,EIN,4
CPH,RTM,1
CPH,SKP,4
CPH,AES,7
CPH,BGO,45
CPH,HAU,7
CPH,KRS,14
CPH,OSL,153
CPH,TRF,4
CPH,SVG,42
CPH,TRD,25
CPH,GDN,18
CPH,KRK,9
CPH,POZ,5
CPH,WAW,42
CPH,FAO,6
CPH,FNC,1
CPH,LIS,16
CPH,OPO,3
CPH,DOH,13
CPH,OTP,6
CPH,IAS,2
CPH,BEG,7
CPH,SIN,6
CPH,ALC,18
CPH,BCN,33
CPH,BIO,4
CPH,LPA,7
CPH,ACE,1
CPH,MAD,14
CPH,AGP,37
CPH,PMI,33
CPH,TFS,1
CPH,GOT,24
CPH,KID,1
CPH,NRK,1
CPH,ORB,1
CPH,ARN,133
CPH,GVA,24
CPH,ZRH,43
CPH,BKK,8
CPH,AYT,13
CPH,DLM,2
CPH,GZP,2
CPH,IST,24
CPH,SAW,19
CPH,ADB,4
CPH,KYA,4
CPH,DXB,8
CPH,ABZ,2
CPH,BHX,6
CPH,BRS,4
CPH,EDI,16
CPH,LGW,41
CPH,LHR,74
CPH,STN,24
CPH,MAN,37
CPH,BOS,7
CPH,ORD,8
CPH,LAX,8
CPH,JFK,16
CPH,EWR,10
CPH,SFO,8
CPH,IAD,8
CPO,SCL,42
COR,AEP,113
COR,EZE,19
COR,CRD,5
COR,FTE,2
COR,JUJ,5
COR,MDQ,2
COR,MDZ,16
COR,NQN,11
COR,PSS,4
COR,IGR,5
COR,RES,4
COR,SLA,13
COR,BRC,6
COR,UAQ,3
COR,REL,2
COR,TUC,4
COR,USH,3
COR,GIG,3
COR,GRU,3
COR,SCL,7
COR,PTY,12
COR,ASU,8
COR,LIM,5
CDV,ANC,15
CDV,YAK,9
CFU,GRZ,1
CFU,SZG,1
CFU,VIE,9
CFU,BRU,5
CFU,CRL,5
CFU,SOF,2
CFU,ZAG,2
CFU,BRQ,2
CFU,OSR,2
CFU,PRG,12
CFU,AAR,1
CFU,TLL,4
CFU,HEL,1
CFU,BOD,1
CFU,LIL,1
CFU,LYS,3
CFU,MRS,4
CFU,NTE,3
CFU,ORY,4
CFU,SXB,2
CFU,TLS,3
CFU,BER,6
CFU,CGN,9
CFU,DRS,1
CFU,DUS,15
CFU,FRA,12
CFU,HHN,2
CFU,HAM,8
CFU,HAJ,5
CFU,FKB,3
CFU,LEJ,4
CFU,LBC,1
CFU,FMM,1
CFU,MUC,10
CFU,FMO,2
CFU,NUE,4
CFU,STR,8
CFU,NRN,2
CFU,PVK,6
CFU,ATH,44
CFU,GPA,1
CFU,RHO,2
CFU,SKG,2
CFU,BUD,7
CFU,DEB,1
CFU,DUB,7
CFU,SNN,2
CFU,TLV,4
CFU,BRI,2
CFU,BLQ,5
CFU,BGY,9
CFU,MXP,7
CFU,NAP,3
CFU,PSA,3
CFU,CIA,4
CFU,TRN,2
CFU,TSF,3
CFU,VRN,3
CFU,RIX,2
CFU,VNO,4
CFU,LUX,3
CFU,TIV,1
CFU,AMS,6
CFU,RTM,2
CFU,GDN,2
CFU,KTW,5
CFU,KRK,3
CFU,POZ,3
CFU,WAW,7
CFU,WMI,2
CFU,WRO,3
CFU,OTP,7
CFU,CLJ,3
CFU,BEG,2
CFU,INI,3
CFU,BTS,5
CFU,BCN,2
CFU,ARN,2
CFU,ZRH,4
CFU,ABZ,1
CFU,BFS,4
CFU,BHX,15
CFU,BOH,2
CFU,BRS,12
CFU,CWL,2
CFU,EDI,6
CFU,EXT,2
CFU,FAB,1
CFU,GLA,4
CFU,LBA,5
CFU,LPL,1
CFU,LGW,36
CFU,LHR,17
CFU,LTN,10
CFU,STN,13
CFU,MAN,25
CFU,NCL,6
CFU,NWI,1
CFU,EMA,7
CFU,MME,1
CKO,NO,0
CZE,NO,0
CWW,NO,0
CZH,SPR,37
CZU,EOH,4
CRP,IFP,1
CRP,DFW,50
CRP,GPT,1
CRP,HRL,1
CRP,IAH,38
CRP,HOU,30
CRP,LRD,0
CRP,MFE,5
CRP,MSY,1
CRP,SAT,2
CRP,PBI,1
CNQ,AEP,21
CNQ,EZE,5
CRS,NO,0
CEZ,DEN,13
CEZ,PHX,13
CMG,BYO,5
CVO,PDX,1
CVU,FLW,4
CVU,HOR,8
CVU,PDL,2
CBO,CEB,2
CBO,MNL,23
CBO,TWT,2
CBO,ZAM,5
COO,BRU,1
COO,OUA,2
COO,DLA,3
COO,PNR,3
COO,ABJ,0
COO,SSG,5
COO,ADD,5
COO,CDG,8
COO,ORY,4
COO,LBV,9
COO,BKO,5
COO,CMN,2
COO,NIM,5
COO,MED,7
COO,DSS,2
COO,LFW,8
COO,IST,2
COT,NO,0
CBF,CBF,1
CVF,NO,0
CVT,NO,0
CXB,DAC,123
CZM,MEX,15
CZM,MTY,3
CZM,AUS,2
CZM,CLT,1
CZM,DFW,10
CZM,DEN,1
CZM,IAH,8
CZM,HOU,8
CZM,MIA,0
CIG,NO,0
CRA,NO,0
CSF,NO,0
CEC,NO,0
CEW,NO,0
CCM,NO,0
CRI,NAS,3
CRI,AXP,2
CKN,NO,0
CTY,NO,0
CSV,NO,0
CRV,BLQ,6
CRV,BGY,7
CRV,TSF,5
CZS,RBR,4
CUC,AUC,5
CUC,BOG,75
CUC,BGA,16
CUC,CLO,5
CUC,EOH,2
CUC,MDE,15
CUC,PTY,5
CUE,GYE,5
CUE,UIO,39
CVJ,NO,0
CGB,GGB,4
CGB,AFL,7
CGB,AIR,6
CGB,BPG,6
CGB,CNF,10
CGB,BSB,26
CGB,OAL,2
CGB,VCP,38
CGB,CGR,5
CGB,CWB,9
CGB,GYN,11
CGB,JPR,5
CGB,PVH,12
CGB,CGH,14
CGB,GRU,65
CGB,OPS,7
CGB,SMT,7
CGB,BVH,3
CGB,GTP,6
CUL,CUN,3
CUL,CUU,8
CUL,GDL,24
CUL,HMO,12
CUL,LAP,11
CUL,MXL,15
CUL,MEX,49
CUL,MTY,8
CUL,QRO,0
CUL,SJD,18
CUL,SLP,4
CUL,TIJ,67
CUL,TLC,1
CUL,PHX,1
CUM,CCS,2
CBE,NO,0
CUF,CRL,1
CUF,VBS,1
CUF,CAG,3
CUF,LIN,1
CUF,PMO,2
CUF,CMN,2
CMA,SGO,3
CMA,XTG,3
CWB,AEP,4
CWB,CNF,12
CWB,BSB,32
CWB,VCP,54
CWB,CGR,5
CWB,CAC,12
CWB,CGB,9
CWB,FLN,2
CWB,IGU,19
CWB,GGJ,3
CWB,LDB,16
CWB,MGF,16
CWB,PTO,5
CWB,POA,32
CWB,SDU,65
CWB,CGH,150
CWB,GRU,92
CWB,TEC,2
CWB,UMU,3
CWB,UVI,3
CWB,SCL,4
CWB,UIO,4
CWB,GTP,6
CUZ,AQP,12
CUZ,LIM,201
CUZ,PEM,5
CTB,NO,0
CYU,NO,0
CZW,NO,0
CFN,DUB,16
CAN,MEL,8
CAN,SYD,16
CAN,DAC,11
CAN,LGG,3
CAN,PNH,16
CAN,KOS,3
CAN,YYZ,8
CAN,YVR,6
CAN,AAT,0
CAN,AKA,5
CAN,AQG,8
CAN,AEB,5
CAN,BZX,3
CAN,BHY,8
CAN,PEK,156
CAN,PKX,187
CAN,CGQ,34
CAN,CGD,8
CAN,CSX,14
CAN,CZX,32
CAN,CDE,5
CAN,CTU,118
CAN,TFU,120
CAN,JUH,3
CAN,CKG,151
CAN,DLU,23
CAN,DLC,29
CAN,DYG,4
CAN,DZH,11
CAN,DOY,8
CAN,ENH,8
CAN,EHU,8
CAN,FUG,7
CAN,FOC,48
CAN,KOW,4
CAN,GYS,4
CAN,KWE,39
CAN,HAK,123
CAN,HDG,5
CAN,HGH,270
CAN,HZG,3
CAN,HRB,40
CAN,HCJ,3
CAN,HFE,74
CAN,HZA,8
CAN,HET,43
CAN,HIA,20
CAN,TXN,6
CAN,HYN,28
CAN,JGS,4
CAN,SWA,16
CAN,TNA,97
CAN,JDZ,8
CAN,JHG,30
CAN,SHS,8
CAN,JNG,8
CAN,KMG,122
CAN,LHW,44
CAN,LYG,16
CAN,LJG,47
CAN,LFQ,5
CAN,LYI,24
CAN,LCX,4
CAN,LYA,2
CAN,LZO,16
CAN,LUM,16
CAN,MXZ,8
CAN,MIG,8
CAN,KHN,22
CAN,NAO,8
CAN,NKG,170
CAN,NNG,7
CAN,NTG,34
CAN,NNY,15
CAN,NGB,76
CAN,LZY,5
CAN,PZI,7
CAN,JIQ,3
CAN,TAO,68
CAN,BAR,8
CAN,JJN,8
CAN,JUZ,8
CAN,SYX,87
CAN,SHA,294
CAN,PVG,104
CAN,SQD,4
CAN,DIG,7
CAN,HPG,3
CAN,SHE,47
CAN,SHF,3
CAN,SJW,40
CAN,WDS,8
CAN,TYN,53
CAN,TWC,5
CAN,TCZ,1
CAN,TSN,81
CAN,URC,80
CAN,WXN,8
CAN,WEF,8
CAN,WEH,8
CAN,WNH,4
CAN,WNZ,86
CAN,WUH,86
CAN,WHA,7
CAN,CQW,5
CAN,WSK,3
CAN,WUX,105
CAN,XIY,140
CAN,XMN,57
CAN,XFN,14
CAN,XIC,12
CAN,ACX,8
CAN,XNN,21
CAN,WUT,5
CAN,XUZ,22
CAN,ENY,3
CAN,YNZ,8
CAN,YTY,24
CAN,YNT,16
CAN,YBP,12
CAN,YIH,16
CAN,YIC,6
CAN,INC,21
CAN,YKH,5
CAN,YIW,24
CAN,YLX,4
CAN,UYN,4
CAN,YCU,12
CAN,ZHA,8
CAN,ZAT,0
CAN,CGO,116
CAN,ZHY,3
CAN,HSN,3
CAN,WMT,8
CAN,ZYI,5
CAN,CAI,6
CAN,ADD,15
CAN,CDG,6
CAN,FRA,9
CAN,HKG,16
CAN,DPS,4
CAN,CGK,10
CAN,MDC,2
CAN,IKA,2
CAN,KIX,6
CAN,HND,13
CAN,NRT,15
CAN,ALA,5
CAN,NBO,4
CAN,FRU,2
CAN,VTE,7
CAN,JHB,4
CAN,BKI,9
CAN,KUL,61
CAN,PEN,8
CAN,RGN,8
CAN,KTM,7
CAN,AMS,11
CAN,AKL,8
CAN,MNL,24
CAN,DOH,13
CAN,SVO,4
CAN,JED,4
CAN,RUH,2
CAN,SIN,34
CAN,ICN,39
CAN,CMB,2
CAN,TPE,37
CAN,ZNZ,4
CAN,DMK,42
CAN,BKK,53
CAN,CNX,3
CAN,HKT,15
CAN,DIL,2
CAN,IST,6
CAN,AUH,6
CAN,DXB,16
CAN,DWC,6
CAN,LHR,8
CAN,STN,12
CAN,ANC,19
CAN,LAX,13
CAN,JFK,4
CAN,SFO,4
CAN,HAN,22
CAN,SGN,23
CAN,CXR,5
CMX,ORD,16
CMX,MKE,2
CMX,SSM,1
CMX,STP,1
CPX,NRR,31
CPX,SIG,26
CPX,SJU,33
CRG,MHH,1
CRG,BCT,1
CRG,BKL,1
CRG,DAB,2
CRG,GNV,1
CRG,GUF,1
CRG,CRG,6
CRG,OPF,1
CRG,ORL,1
CRG,SFB,1
CRG,PNS,1
CRG,QTP,1
CRG,SAV,1
CRG,CLW,1
CGK,MEL,8
CGK,PER,5
CGK,SYD,10
CGK,BWN,6
CGK,PNH,5
CGK,PEK,4
CGK,CTU,2
CGK,TFU,3
CGK,CKG,1
CGK,FOC,10
CGK,CAN,11
CGK,HGH,3
CGK,KMG,2
CGK,NTG,5
CGK,PVG,11
CGK,SZX,10
CGK,WNZ,1
CGK,XMN,10
CGK,HKG,37
CGK,TRV,4
CGK,AMQ,24
CGK,BPN,141
CGK,BTJ,39
CGK,TKG,70
CGK,BDJ,105
CGK,BTH,116
CGK,BKS,47
CGK,BWX,17
CGK,DPS,499
CGK,GTO,13
CGK,DJB,75
CGK,DJJ,16
CGK,KDI,24
CGK,KOE,16
CGK,LBJ,16
CGK,LOP,80
CGK,LLJ,6
CGK,LUW,1
CGK,UPG,412
CGK,MLG,12
CGK,MDC,50
CGK,KNO,390
CGK,BUU,3
CGK,PDG,147
CGK,PKY,37
CGK,PLM,145
CGK,PLW,24
CGK,PGK,81
CGK,PKN,9
CGK,PKU,128
CGK,PNK,150
CGK,AAP,24
CGK,SMQ,8
CGK,SRG,90
CGK,DTB,35
CGK,SOQ,15
CGK,SUB,308
CGK,SOC,64
CGK,TJQ,47
CGK,TNJ,18
CGK,TRK,8
CGK,TTE,14
CGK,YIA,145
CGK,HND,16
CGK,NRT,24
CGK,JHB,8
CGK,KUL,169
CGK,SZB,7
CGK,KCH,0
CGK,PEN,29
CGK,AMS,2
CGK,MCT,8
CGK,MNL,15
CGK,DOH,24
CGK,JED,17
CGK,MED,15
CGK,RUH,3
CGK,SIN,232
CGK,ICN,19
CGK,CMB,8
CGK,TPE,16
CGK,DMK,44
CGK,BKK,27
CGK,IST,11
CGK,AUH,8
CGK,DXB,16
CGK,TAS,2
CGK,HAN,2
CGK,SGN,12
CJU,PEK,3
CJU,NKG,8
CJU,PVG,46
CJU,KIX,8
CJU,SIN,6
CJU,PUS,210
CJU,CJJ,161
CJU,TAE,96
CJU,KWJ,120
CJU,HIN,4
CJU,MWX,2
CJU,KPO,16
CJU,GMP,773
CJU,USN,16
CJU,WJU,16
CJU,YNY,15
CJU,RSU,24
CJU,TPE,11
CDP,BLR,3
CDP,MAA,5
CDP,HYD,8
CDP,VGA,5
CDP,VTZ,3
CNN,BAH,1
CNN,BLR,24
CNN,MAA,8
CNN,COK,8
CNN,HYD,8
CNN,IXE,2
CNN,TRV,8
CNN,KWI,1
CNN,MCT,3
CNN,DOH,13
CNN,JED,6
CNN,RUH,2
CNN,AUH,6
CNN,DXB,8
CNN,SHJ,8
CXI,NAN,2
CXI,HNL,1
CCU,CGP,8
CCU,DAC,50
CCU,PBH,9
CCU,KMG,4
CCU,HKG,3
CCU,IXA,72
CCU,AMD,24
CCU,AJL,8
CCU,ATQ,8
CCU,BLR,115
CCU,BBI,53
CCU,IXC,8
CCU,MAA,54
CCU,COK,8
CCU,COH,8
CCU,DBR,8
CCU,DED,5
CCU,DEL,199
CCU,DGH,8
CCU,DIB,8
CCU,DMU,11
CCU,GAY,8
CCU,GOI,8
CCU,GOX,3
CCU,GOP,10
CCU,GAU,92
CCU,HYD,64
CCU,IMF,33
CCU,IDR,8
CCU,JAI,24
CCU,IXW,8
CCU,JRG,8
CCU,JRH,8
CCU,IXI,8
CCU,LKO,27
CCU,BOM,120
CCU,NAG,10
CCU,PAT,24
CCU,IXZ,55
CCU,PNQ,23
CCU,RPR,24
CCU,IXR,29
CCU,RUP,12
CCU,SHL,7
CCU,IXS,26
CCU,IXB,53
CCU,STV,8
CCU,VNS,8
CCU,VTZ,8
CCU,KUL,14
CCU,RGN,3
CCU,KTM,5
CCU,DOH,8
CCU,MED,13
CCU,SIN,16
CCU,DMK,8
CCU,BKK,30
CCU,AUH,11
CCU,DXB,16
CCU,HAN,8
CCU,SGN,8
CCJ,BAH,14
CCJ,BLR,8
CCJ,MAA,16
CCJ,COK,3
CCJ,DEL,8
CCJ,HYD,8
CCJ,BOM,16
CCJ,TRV,4
CCJ,KWI,6
CCJ,MCT,24
CCJ,SLL,3
CCJ,DOH,16
CCJ,DMM,13
CCJ,JED,17
CCJ,RUH,13
CCJ,AUH,21
CCJ,AAN,2
CCJ,DXB,34
CCJ,RKT,2
CCJ,SHJ,19
CWF,SAT,1
CTT,LBG,1
CYA,PAP,32
CGM,CEB,8
CGM,MNL,2
COI,NO,0
CNY,DEN,8
CNY,SLC,5
CKL,NO,0
CNP,OBY,10
CNP,AEY,1
CNP,RKV,1
CXR,PEK,2
CXR,CGQ,1
CXR,CSX,4
CXR,TFU,2
CXR,DLC,0
CXR,CAN,5
CXR,HGH,3
CXR,KMG,1
CXR,LHW,1
CXR,NKG,3
CXR,NNG,2
CXR,PVG,4
CXR,SHE,1
CXR,SJW,1
CXR,TSN,2
CXR,WUH,2
CXR,WUX,2
CXR,XIY,0
CXR,HKG,5
CXR,ALA,2
CXR,NQZ,2
CXR,MFM,5
CXR,KUL,4
CXR,PUS,16
CXR,CJJ,4
CXR,ICN,64
CXR,DMK,4
CXR,DAD,10
CXR,HPH,24
CXR,HAN,173
CXR,SGN,104
CXR,PQC,5
CXR,VII,12
CRE,BFT,1
CRE,CKB,1
CRE,USA,1
CRE,SUA,1
CDG,TIA,4
CDG,ALG,72
CDG,AAE,7
CDG,BLJ,3
CDG,BJA,5
CDG,BSK,2
CDG,CFK,3
CDG,CZL,5
CDG,ELU,1
CDG,ORN,19
CDG,QSF,4
CDG,TLM,5
CDG,LAD,5
CDG,EZE,8
CDG,EVN,11
CDG,VIE,68
CDG,GYD,2
CDG,BAH,8
CDG,BRU,17
CDG,LGG,0
CDG,COO,8
CDG,FOR,3
CDG,GIG,8
CDG,GRU,24
CDG,SOF,8
CDG,OUA,3
CDG,DLA,8
CDG,NSI,5
CDG,YYC,8
CDG,YUL,54
CDG,YQB,7
CDG,YYZ,25
CDG,YVR,4
CDG,BGF,2
CDG,NDJ,3
CDG,SCL,8
CDG,PEK,11
CDG,PKX,2
CDG,TFU,3
CDG,CAN,5
CDG,TAO,2
CDG,PVG,19
CDG,SZX,2
CDG,XMN,4
CDG,BOG,8
CDG,BZV,5
CDG,SJO,4
CDG,ABJ,0
CDG,DBV,7
CDG,SPU,8
CDG,ZAG,16
CDG,HAV,4
CDG,LCA,10
CDG,BRQ,1
CDG,PRG,44
CDG,FIH,3
CDG,BLL,20
CDG,CPH,87
CDG,RKE,1
CDG,JIB,1
CDG,CAI,18
CDG,HRG,1
CDG,LXR,2
CDG,TLL,5
CDG,ADD,8
CDG,FAE,4
CDG,HEL,45
CDG,AJA,4
CDG,BSL,17
CDG,BIA,2
CDG,BIQ,32
CDG,BOD,65
CDG,BES,38
CDG,CFE,24
CDG,FSC,5
CDG,LIL,1
CDG,LYS,56
CDG,MRS,74
CDG,MPL,42
CDG,NTE,41
CDG,NCE,105
CDG,PUF,24
CDG,RNS,11
CDG,TLS,75
CDG,LBV,7
CDG,TBS,7
CDG,BER,69
CDG,CGN,5
CDG,DUS,45
CDG,FRA,101
CDG,HAM,40
CDG,HAJ,29
CDG,LEJ,1
CDG,MUC,82
CDG,NUE,28
CDG,RMS,1
CDG,STR,19
CDG,ACC,2
CDG,ATH,61
CDG,HER,8
CDG,JMK,1
CDG,JTR,1
CDG,SKG,4
CDG,PTP,4
CDG,CKY,3
CDG,HKG,19
CDG,BUD,27
CDG,KEF,34
CDG,BLR,8
CDG,MAA,6
CDG,DEL,24
CDG,BOM,8
CDG,IKA,2
CDG,ORK,8
CDG,DUB,62
CDG,TLV,48
CDG,BRI,7
CDG,BLQ,33
CDG,CTA,10
CDG,FLR,48
CDG,BGY,8
CDG,LIN,75
CDG,MXP,80
CDG,NAP,36
CDG,OLB,1
CDG,PMO,3
CDG,CIA,1
CDG,FCO,85
CDG,TRN,26
CDG,VCE,66
CDG,KIX,6
CDG,HND,22
CDG,NRT,7
CDG,AMM,11
CDG,NBO,13
CDG,KWI,8
CDG,RIX,13
CDG,BEY,24
CDG,KUN,1
CDG,VNO,5
CDG,LUX,24
CDG,TNR,7
CDG,BKO,12
CDG,MLA,11
CDG,FDF,4
CDG,NKC,2
CDG,MRU,11
CDG,DZA,6
CDG,CUN,3
CDG,MEX,26
CDG,KIV,5
CDG,TGD,5
CDG,CMN,34
CDG,FEZ,3
CDG,RAK,35
CDG,OUD,2
CDG,RBA,21
CDG,TNG,7
CDG,AMS,95
CDG,SXM,7
CDG,NIM,5
CDG,ABV,2
CDG,LOS,8
CDG,BGO,10
CDG,LYR,2
CDG,OSL,50
CDG,MCT,6
CDG,PTY,6
CDG,LIM,8
CDG,KTW,2
CDG,KRK,10
CDG,WAW,54
CDG,RDO,3
CDG,FAO,5
CDG,FNC,1
CDG,LIS,53
CDG,PDL,3
CDG,OPO,30
CDG,DOH,31
CDG,RUN,11
CDG,OTP,42
CDG,TSR,1
CDG,JED,8
CDG,RUH,8
CDG,DSS,16
CDG,BEG,16
CDG,FNA,3
CDG,SIN,22
CDG,LJU,13
CDG,JNB,8
CDG,ICN,25
CDG,BCN,73
CDG,BIO,29
CDG,LPA,7
CDG,IBZ,1
CDG,ACE,2
CDG,MAD,74
CDG,MAH,2
CDG,AGP,29
CDG,PMI,6
CDG,SCQ,3
CDG,SVQ,17
CDG,TFS,3
CDG,VLC,24
CDG,VIT,5
CDG,GOT,21
CDG,ARN,50
CDG,GVA,71
CDG,ZRH,63
CDG,TPE,8
CDG,ZNZ,4
CDG,BKK,11
CDG,LFW,3
CDG,DJE,19
CDG,MIR,10
CDG,SFA,3
CDG,TOE,1
CDG,TUN,46
CDG,ESB,2
CDG,AYT,6
CDG,IST,67
CDG,SAW,28
CDG,ADB,6
CDG,AUH,13
CDG,DXB,33
CDG,BFS,5
CDG,BHX,32
CDG,BRS,16
CDG,EDI,35
CDG,GLA,14
CDG,LBA,4
CDG,LPL,5
CDG,BQH,1
CDG,LGW,36
CDG,LHR,92
CDG,LTN,25
CDG,STN,2
CDG,MAN,53
CDG,NCL,18
CDG,EMA,2
CDG,ATL,42
CDG,BOS,20
CDG,CLT,8
CDG,ORD,31
CDG,CVG,3
CDG,DFW,22
CDG,DEN,4
CDG,DTW,16
CDG,IAH,8
CDG,LAX,39
CDG,MEM,2
CDG,MIA,11
CDG,MSP,13
CDG,JFK,88
CDG,EWR,25
CDG,PHL,8
CDG,RDU,8
CDG,SLC,8
CDG,SFO,21
CDG,SEA,13
CDG,IAD,29
CDG,TAS,2
CDG,UGC,1
CDG,HAN,7
CDG,SGN,7
CLM,YBL,1
CLM,PWT,1
CMJ,NO,0
CIA,INN,1
CIA,CRL,9
CIA,SOF,10
CIA,PFO,2
CIA,CAI,1
CIA,TLL,3
CIA,CEQ,1
CIA,LME,1
CIA,MPL,1
CIA,NCE,1
CIA,BVA,16
CIA,LBG,1
CIA,LDE,2
CIA,BER,1
CIA,CFU,4
CIA,RHO,2
CIA,SKG,6
CIA,BUD,12
CIA,BRI,1
CIA,BLQ,2
CIA,CAG,13
CIA,SUF,1
CIA,LIN,4
CIA,NAP,1
CIA,OLB,1
CIA,PEG,1
CIA,PSA,1
CIA,TRN,1
CIA,AMM,3
CIA,NQZ,1
CIA,BEY,1
CIA,LUX,1
CIA,MLA,12
CIA,FEZ,2
CIA,RAK,5
CIA,RBA,2
CIA,TNG,2
CIA,KTW,2
CIA,KRK,8
CIA,POZ,3
CIA,RZE,1
CIA,WMI,11
CIA,WRO,3
CIA,LIS,15
CIA,OPO,5
CIA,OTP,13
CIA,CLJ,4
CIA,CRA,2
CIA,IAS,6
CIA,BEG,5
CIA,BTS,2
CIA,BCN,2
CIA,MAD,1
CIA,SVQ,3
CIA,QYL,1
CIA,ZRH,1
CIA,EDI,8
CIA,FAB,1
CIA,LPL,2
CIA,BQH,1
CIA,LHR,1
CIA,STN,34
CIA,MAN,12
CIA,EMA,3
CLD,QTC,1
CLD,CNO,1
CLD,ELP,1
CLD,FLG,1
CLD,FUL,1
CLD,HOU,1
CLD,JAC,2
CLD,LAS,1
CLD,HSH,1
CLD,LGB,2
CLD,MMH,1
CLD,OAK,1
CLD,GYR,2
CLD,PUB,1
CLD,RNO,2
CLD,SAC,1
CLD,SLC,1
CLD,SAN,1
CLD,SFO,1
CLD,SJC,3
CLD,SNA,1
CLD,SMO,1
CLD,SCF,2
CLD,SHR,1
CPC,AEP,6
CPC,EZE,4
CSU,POA,3
CGH,CNF,168
CGH,BYO,2
CGH,BSB,206
CGH,CLV,2
CGH,CGR,37
CGH,CXJ,7
CGH,CGB,14
CGH,CWB,150
CGH,FLN,95
CGH,FOR,28
CGH,IGU,19
CGH,GYN,83
CGH,IOS,8
CGH,IPN,8
CGH,JJG,16
CGH,JOI,16
CGH,IZA,6
CGH,LDB,20
CGH,MCZ,8
CGH,MGF,5
CGH,MOC,8
CGH,NVT,83
CGH,POA,178
CGH,BPS,10
CGH,PPB,15
CGH,REC,66
CGH,RAO,30
CGH,RRJ,44
CGH,SDU,385
CGH,SSA,103
CGH,SJP,22
CGH,UDI,22
CGH,UNA,3
CGH,VIX,65
CGH,GTP,6
CTS,HKG,10
CTS,AXT,32
CTS,AOJ,40
CTS,FUK,53
CTS,FKS,8
CTS,HKD,16
CTS,HNA,24
CTS,HIJ,16
CTS,UKB,58
CTS,KMQ,8
CTS,KUH,24
CTS,MMJ,8
CTS,MMB,48
CTS,NGO,117
CTS,SHB,24
CTS,KIJ,40
CTS,OKJ,8
CTS,OKA,8
CTS,IBR,16
CTS,ITM,80
CTS,KIX,105
CTS,RIS,8
CTS,SDJ,152
CTS,FSZ,8
CTS,HND,500
CTS,NRT,139
CTS,TOY,8
CTS,WKJ,16
CTS,GAJ,8
CTS,PUS,3
CTS,ICN,45
CTS,TPE,38
CTS,ANC,1
CKT,NO,0
CIU,DTW,8
CIU,GRR,2
CIU,MSP,8
CQD,IKA,2
CQD,THR,5
CIT,KUT,3
CIT,DEL,2
CIT,SCO,13
CIT,AKX,2
CIT,ALA,43
CIT,NQZ,55
CIT,GUW,14
CIT,KOV,2
CIT,KSN,2
CIT,PLX,2
CIT,VKO,4
CIT,SVX,1
CIT,AYT,3
CIT,IST,3
CIT,SAW,2
CIT,DXB,3
CNL,NO,0
CEF,NO,0
CPS,AEX,1
CPS,CVG,1
CPS,MSN,1
CPS,TUL,1
CLW,ILM,1
CRZ,ASB,24
CCB,NO,0
CXH,YQQ,0
CXH,YGG,0
CXH,YAQ,0
CXH,ZNA,43
CXH,WPL,0
CXH,YHS,0
CXH,YTP,0
CXH,YVR,8
CXH,YWH,69
CXH,YWS,0
CXH,LKE,0
CNW,NO,0
CWA,ORD,16
CWA,MSN,2
CWA,MKE,2
CWA,MSP,17
CWA,ORF,1
CUR,AUA,105
CUR,YYZ,3
CUR,BAQ,2
CUR,BOG,11
CUR,MDE,7
CUR,JBQ,3
CUR,SDQ,4
CUR,KIN,3
CUR,AMS,15
CUR,BON,152
CUR,EIN,1
CUR,SXM,16
CUR,PTY,8
CUR,BQN,1
CUR,PBM,7
CUR,POS,2
CUR,CLT,1
CUR,MIA,17
CUR,JFK,5
CUR,CCS,2
CUR,LSP,2
CUR,VLN,2
CQW,TFU,4
CQW,CAN,5
CQW,PVG,4
CGO,SYD,2
CGO,GYD,10
CGO,DAC,8
CGO,BRU,1
CGO,LGG,5
CGO,PNH,1
CGO,AKU,16
CGO,BAV,21
CGO,RLK,5
CGO,BHY,4
CGO,PEK,16
CGO,PKX,1
CGO,BFJ,3
CGO,CGQ,32
CGO,CSX,8
CGO,CTU,32
CGO,TFU,57
CGO,CIF,8
CGO,CKG,45
CGO,DLU,3
CGO,DLC,40
CGO,DYG,2
CGO,DZH,3
CGO,DOY,5
CGO,ENH,3
CGO,FOC,61
CGO,GOQ,8
CGO,CAN,117
CGO,KWL,29
CGO,KWE,55
CGO,HAK,60
CGO,HLD,13
CGO,HMI,8
CGO,HGH,72
CGO,HRB,34
CGO,HNY,3
CGO,HET,57
CGO,HTN,8
CGO,HIA,14
CGO,TXN,3
CGO,HYN,8
CGO,HUZ,26
CGO,JGS,5
CGO,SWA,17
CGO,JHG,28
CGO,KHG,16
CGO,KRL,24
CGO,KMG,118
CGO,KCA,5
CGO,LHW,50
CGO,LXA,16
CGO,LJG,38
CGO,LZH,3
CGO,RQA,6
CGO,LZO,13
CGO,NKG,12
CGO,NNG,40
CGO,NGB,44
CGO,DSN,16
CGO,TAO,16
CGO,JJN,34
CGO,JUZ,8
CGO,SYX,46
CGO,SHA,32
CGO,PVG,75
CGO,SHE,71
CGO,SZX,146
CGO,SHF,3
CGO,JZH,3
CGO,TSN,2
CGO,TEN,3
CGO,URC,105
CGO,WNZ,47
CGO,WUA,3
CGO,WUX,9
CGO,XMN,78
CGO,XIC,2
CGO,ACX,0
CGO,XNN,44
CGO,ENY,3
CGO,YNT,31
CGO,YBP,5
CGO,INC,30
CGO,YIN,4
CGO,YIW,8
CGO,YLX,3
CGO,UYN,6
CGO,ZHA,8
CGO,HSN,16
CGO,ZUH,41
CGO,WMT,8
CGO,ZYI,8
CGO,HEL,2
CGO,HKG,8
CGO,DEL,1
CGO,BOM,1
CGO,MXP,3
CGO,KMQ,6
CGO,KIX,6
CGO,NRT,6
CGO,LUX,4
CGO,MNL,6
CGO,DOH,1
CGO,SVO,2
CGO,SIN,3
CGO,ICN,8
CGO,TPE,3
CGO,DMK,2
CGO,BKK,21
CGO,STN,2
CGO,ANC,3
CGO,ORD,3
CGO,LAX,8
CGO,TAS,3
CGO,HAN,15
