Departure,Arrival,Number of flights
DHF,NO,0
DYR,KHV,5
DYR,SVO,3
DYR,OVB,1
DYR,PKC,2
DYR,VVO,2
DIE,TNR,8
DIE,SVB,2
DIE,DZA,2
DIE,RUN,1
DNL,CHA,1
DNL,GPT,1
DNL,ISO,1
DNL,OCF,1
DNL,TPA,1
DBC,PKX,8
DBC,SJW,5
DBC,TSN,8
DMK,DAC,4
DMK,PNH,20
DMK,REP,21
DMK,CSX,16
DMK,TFU,17
DMK,CKG,15
DMK,FOC,2
DMK,CAN,41
DMK,KWE,5
DMK,HAK,1
DMK,HGH,20
DMK,HFE,5
DMK,SWA,8
DMK,TNA,5
DMK,KMG,8
DMK,LHW,1
DMK,KHN,5
DMK,NKG,16
DMK,NNG,5
DMK,NGB,8
DMK,PVG,22
DMK,SZX,24
DMK,TSN,1
DMK,WNZ,3
DMK,WUH,17
DMK,XIY,16
DMK,CGO,2
DMK,HKG,16
DMK,BLR,13
DMK,MAA,8
DMK,COK,7
DMK,HYD,3
DMK,JAI,5
DMK,CCU,8
DMK,LKO,4
DMK,BOM,8
DMK,DPS,32
DMK,CGK,44
DMK,KNO,8
DMK,IKA,1
DMK,FUK,8
DMK,LPQ,8
DMK,VTE,17
DMK,MFM,24
DMK,JHB,8
DMK,KUL,96
DMK,PEN,16
DMK,MLE,8
DMK,MDL,3
DMK,RGN,8
DMK,KTM,3
DMK,ILO,1
DMK,MNL,8
DMK,SIN,53
DMK,CJJ,8
DMK,ICN,8
DMK,TPE,28
DMK,BFV,19
DMK,CNX,160
DMK,CEI,66
DMK,CJM,8
DMK,HDY,121
DMK,KKC,45
DMK,KBV,54
DMK,LOE,12
DMK,MAQ,16
DMK,KOP,24
DMK,NST,80
DMK,NNT,16
DMK,NAW,8
DMK,PHS,30
DMK,HKT,163
DMK,UNN,8
DMK,ROI,22
DMK,SNO,29
DMK,URT,60
DMK,TST,40
DMK,UBP,56
DMK,UTH,73
DMK,DAD,24
DMK,HAN,16
DMK,SGN,25
DMK,CXR,4
DNZ,IKA,6
DNZ,JED,1
DNZ,IST,24
DNZ,SAW,13
DCM,ORY,13
DCM,TLS,1
DPA,YHM,1
DPA,CIA,1
DPA,BLM,1
DPA,MTN,1
DPA,MDW,1
DPA,CLE,1
DPA,FLL,1
DPA,GRR,1
DPA,QQQ,1
DPA,MKC,1
DPA,JCI,6
DPA,ENW,1
DPA,LWC,1
DPA,MMU,2
DPA,QQN,1
DPA,RAP,1
DPA,RST,1
DPA,STS,1
DPA,HAI,1
DPA,VPZ,1
DPA,HPN,1
DPA,WGO,1
DPA,ISW,1
DRK,SJO,0
DCN,NO,0
DLI,SJW,0
DLI,ICN,8
DLI,VCA,4
DLI,DAD,20
DLI,HPH,8
DLI,HAN,79
DLI,SGN,63
DLI,HUI,5
DLI,VII,12
DAD,REP,5
DAD,HKG,8
DAD,NRT,8
DAD,VTE,2
DAD,MFM,5
DAD,KUL,32
DAD,SIN,16
DAD,PUS,27
DAD,CJJ,8
DAD,TAE,8
DAD,MWX,2
DAD,ICN,116
DAD,KHH,6
DAD,TPE,38
DAD,DMK,24
DAD,BKK,24
DAD,CNX,8
DAD,BMV,10
DAD,VCA,16
DAD,DLI,20
DAD,HPH,20
DAD,HAN,350
DAD,SGN,268
DAD,CXR,10
DAD,PQC,11
DKR,NKC,1
DKR,LPA,1
DSS,ALG,6
DSS,BRU,8
DSS,COO,2
DSS,GRU,1
DSS,OUA,4
DSS,SID,3
DSS,RAI,12
DSS,ABJ,0
DSS,MRS,4
DSS,NTE,2
DSS,CDG,16
DSS,BJL,15
DSS,DUS,1
DSS,ACC,2
DSS,CKY,21
DSS,OXB,7
DSS,BUD,1
DSS,MXP,7
DSS,FCO,0
DSS,VRN,1
DSS,BKO,23
DSS,NKC,20
DSS,CMN,17
DSS,RAK,1
DSS,LOS,1
DSS,LIS,8
DSS,CSK,29
DSS,BCN,4
DSS,LPA,3
DSS,MAD,9
DSS,ZRH,3
DSS,LFW,10
DSS,TUN,1
DSS,IST,12
DSS,DXB,6
DSS,JFK,6
DLM,GYD,4
DLM,BRU,2
DLM,PDV,1
DLM,SOF,1
DLM,BLL,1
DLM,CPH,1
DLM,HEL,1
DLM,BER,2
DLM,CGN,2
DLM,DUS,5
DLM,FRA,6
DLM,HAM,2
DLM,HAJ,2
DLM,MUC,3
DLM,NUE,1
DLM,STR,3
DLM,IKA,4
DLM,DUB,2
DLM,TLV,7
DLM,AMS,2
DLM,KZN,4
DLM,DME,2
DLM,SVO,8
DLM,VKO,29
DLM,AER,7
DLM,LED,4
DLM,UFA,1
DLM,SVX,2
DLM,JED,1
DLM,BTS,3
DLM,ZRH,1
DLM,ESB,30
DLM,AYT,2
DLM,IST,80
DLM,SAW,104
DLM,ADB,2
DLM,ABZ,2
DLM,BFS,5
DLM,BHX,22
DLM,BRS,17
DLM,CWL,3
DLM,EDI,8
DLM,EXT,2
DLM,GLA,15
DLM,LBA,8
DLM,LPL,7
DLM,LGW,57
DLM,LHR,4
DLM,LTN,8
DLM,STN,15
DLM,MAN,60
DLM,NCL,10
DLM,NWI,2
DLM,EMA,12
DBY,NO,0
DHT,NO,0
DLU,PEK,19
DLU,PKX,8
DLU,CSX,16
DLU,CTU,9
DLU,TFU,40
DLU,CKG,28
DLU,FOC,3
DLU,CAN,24
DLU,HGH,8
DLU,JHG,16
DLU,KMG,16
DLU,LXA,3
DLU,LZO,5
DLU,MIG,3
DLU,KHN,10
DLU,NKG,6
DLU,NGB,5
DLU,SHA,8
DLU,PVG,8
DLU,SZX,8
DLU,WUH,13
DLU,WUX,3
DLU,XIY,13
DLU,ZAT,5
DLU,CGO,3
DLU,ZUH,3
DLC,NBS,3
DLC,BAV,5
DLC,PEK,70
DLC,PKX,67
DLC,CSX,32
DLC,CIH,5
DLC,CZX,17
DLC,CTU,16
DLC,TFU,13
DLC,CKG,8
DLC,DQA,5
DLC,DAT,2
DLC,DYG,7
DLC,DOY,8
DLC,EHU,5
DLC,FUG,3
DLC,FOC,0
DLC,KOW,4
DLC,CAN,29
DLC,HLD,8
DLC,HDG,3
DLC,HGH,73
DLC,HFE,35
DLC,HZA,8
DLC,HET,11
DLC,HIA,7
DLC,TXN,6
DLC,JGD,4
DLC,JMU,6
DLC,JSJ,8
DLC,TNA,64
DLC,JNG,7
DLC,JXA,8
DLC,LHW,11
DLC,LYG,8
DLC,LYI,4
DLC,LYA,6
DLC,LLV,8
DLC,MDG,14
DLC,KHN,14
DLC,NKG,82
DLC,NTG,8
DLC,NGB,35
DLC,DSN,8
DLC,PZI,3
DLC,TAO,69
DLC,IQN,2
DLC,NDG,4
DLC,RIZ,12
DLC,SHA,16
DLC,PVG,160
DLC,SZX,32
DLC,SJW,21
DLC,WDS,8
DLC,TYN,26
DLC,TVS,3
DLC,TSN,75
DLC,TNH,4
DLC,WEF,16
DLC,WEH,23
DLC,WNZ,11
DLC,WUH,32
DLC,WHA,7
DLC,WUX,16
DLC,XIY,54
DLC,XMN,7
DLC,XFN,5
DLC,XIL,3
DLC,XUZ,14
DLC,YNZ,8
DLC,YTY,17
DLC,YNJ,4
DLC,YNT,45
DLC,YIH,5
DLC,LDS,4
DLC,YIC,6
DLC,INC,5
DLC,UYN,8
DLC,YCU,8
DLC,ZQZ,5
DLC,CGO,40
DLC,HSN,5
DLC,HKG,3
DLC,FUK,3
DLC,NGO,2
DLC,KIX,12
DLC,NRT,24
DLC,ICN,26
DLC,CXR,0
DAL,SAQ,1
DAL,YVR,1
DAL,LIR,1
DAL,CSL,1
DAL,PVR,1
DAL,SJD,2
DAL,RAK,1
DAL,ABQ,38
DAL,AMA,30
DAL,ASE,3
DAL,FTY,1
DAL,ATL,86
DAL,AUS,81
DAL,AUM,1
DAL,BWI,39
DAL,BGR,1
DAL,BTL,1
DAL,BHM,17
DAL,BOI,2
DAL,BZN,1
DAL,BRO,1
DAL,BUR,8
DAL,CHS,8
DAL,CLT,8
DAL,PWK,2
DAL,MDW,54
DAL,ORD,31
DAL,LUK,1
DAL,CVG,1
DAL,COS,23
DAL,CMH,10
DAL,CRP,6
DAL,DFW,2
DAL,DAL,1
DAL,APA,2
DAL,DEN,83
DAL,BJC,14
DAL,DSM,1
DAL,VPS,8
DAL,YIP,1
DAL,EGE,1
DAL,ELP,43
DAL,EUG,1
DAL,FYV,1
DAL,FLL,19
DAL,AFW,1
DAL,FTW,2
DAL,GLS,1
DAL,GXY,1
DAL,GSP,1
DAL,HRL,2
DAL,HDN,1
DAL,EFD,1
DAL,IAH,35
DAL,QTA,1
DAL,HOU,118
DAL,IND,16
DAL,HKS,5
DAL,JAC,1
DAL,JAX,2
DAL,MKC,2
DAL,MCI,46
DAL,KTN,1
DAL,LAS,77
DAL,LIT,25
DAL,LGB,15
DAL,LAX,61
DAL,SDF,2
DAL,LBB,36
DAL,QQT,0
DAL,MEM,9
DAL,MIA,18
DAL,MAF,39
DAL,MKE,8
DAL,MSP,2
DAL,MLU,1
DAL,MYR,3
DAL,APC,1
DAL,APF,1
DAL,BNA,48
DAL,QQN,0
DAL,QQZ,1
DAL,MSY,54
DAL,LGA,30
DAL,ORF,2
DAL,OAK,16
DAL,PWA,1
DAL,OLV,1
DAL,OMA,9
DAL,ONT,8
DAL,MCO,71
DAL,PGA,1
DAL,ECP,23
DAL,PNS,11
DAL,PHL,1
DAL,PHX,62
DAL,PIT,8
DAL,PBG,2
DAL,PDX,3
DAL,RDU,9
DAL,RNO,1
DAL,RME,1
DAL,RSN,1
DAL,SMF,9
DAL,SLC,17
DAL,SJT,2
DAL,SAT,65
DAL,SAN,30
DAL,SFO,7
DAL,SJC,14
DAL,SNA,9
DAL,SBA,1
DAL,SRQ,1
DAL,SAV,11
DAL,SCF,2
DAL,SEA,8
DAL,RSW,2
DAL,SUS,1
DAL,STL,47
DAL,SGR,1
DAL,TPA,33
DAL,TEX,1
DAL,TEB,4
DAL,TUL,29
DAL,IAD,1
DAL,DCA,37
DAL,WVL,1
DAL,PBI,1
DFW,EZE,5
DFW,AUA,1
DFW,MEL,3
DFW,SYD,8
DFW,NAS,16
DFW,BRU,5
DFW,LGG,3
DFW,BZE,9
DFW,GRU,8
DFW,YYC,16
DFW,YUL,15
DFW,YYZ,42
DFW,YVR,16
DFW,GCM,8
DFW,SCL,3
DFW,PVG,5
DFW,BOG,8
DFW,LIR,8
DFW,SJO,11
DFW,PUJ,10
DFW,SAL,16
DFW,HEL,4
DFW,CDG,22
DFW,FRA,19
DFW,HHN,1
DFW,GUA,11
DFW,XPL,1
DFW,RTB,1
DFW,DUB,8
DFW,FCO,16
DFW,MBJ,20
DFW,HND,16
DFW,NRT,8
DFW,LUX,2
DFW,ACA,1
DFW,AGU,16
DFW,CUN,112
DFW,CUU,16
DFW,CZM,11
DFW,DGO,8
DFW,GDL,37
DFW,HUX,1
DFW,MZT,1
DFW,MID,5
DFW,MEX,44
DFW,MTY,50
DFW,MLM,8
DFW,OAX,8
DFW,PVR,32
DFW,QRO,16
DFW,SJD,38
DFW,SLP,16
DFW,BJX,16
DFW,TRC,8
DFW,ZCL,8
DFW,ZIH,1
DFW,AMS,8
DFW,SJU,25
DFW,DOH,16
DFW,ICN,13
DFW,MAD,16
DFW,IST,8
DFW,PLS,5
DFW,DXB,8
DFW,LHR,40
DFW,ABI,33
DFW,ABQ,49
DFW,AEX,24
DFW,AMA,50
DFW,ANC,31
DFW,AVL,17
DFW,ASE,25
DFW,ATL,156
DFW,ACY,1
DFW,AGS,8
DFW,AUS,107
DFW,BFL,16
DFW,BWI,36
DFW,BTR,40
DFW,BPT,16
DFW,XNA,66
DFW,BIL,16
DFW,BHM,40
DFW,BIS,16
DFW,BMI,16
DFW,TRI,16
DFW,BOI,16
DFW,BOS,84
DFW,BZN,17
DFW,BRO,30
DFW,BUF,16
DFW,BUR,16
DFW,CNM,7
DFW,CID,23
DFW,CMI,16
DFW,CHS,33
DFW,CLT,86
DFW,CHA,24
DFW,MDW,8
DFW,ORD,135
DFW,RFD,3
DFW,CVG,44
DFW,CLE,51
DFW,CVN,6
DFW,CLL,24
DFW,COS,39
DFW,CAE,16
DFW,COU,23
DFW,CMH,48
DFW,CRP,50
DFW,DAY,25
DFW,DEN,147
DFW,BJC,1
DFW,DSM,32
DFW,VPS,34
DFW,DTW,79
DFW,DRO,24
DFW,EGE,16
DFW,ELD,14
DFW,ELP,64
DFW,EUG,8
DFW,EVV,24
DFW,QTQ,1
DFW,FAR,16
DFW,FAY,8
DFW,FLG,8
DFW,FLL,63
DFW,FSM,24
DFW,FWA,24
DFW,AFW,1
DFW,FAT,37
DFW,GNV,8
DFW,GCK,16
DFW,GRI,16
DFW,GJT,24
DFW,GRR,27
DFW,GSO,18
DFW,GLH,9
DFW,GSP,16
DFW,GPT,24
DFW,HRL,32
DFW,MDT,8
DFW,HRO,14
DFW,HHH,1
DFW,HNL,17
DFW,HOT,16
DFW,IAH,161
DFW,HOU,51
DFW,HSV,38
DFW,IDA,16
DFW,IND,44
DFW,JAN,51
DFW,JAC,18
DFW,JAX,48
DFW,JEF,1
DFW,OGG,8
DFW,FCA,8
DFW,MKC,1
DFW,MCI,52
DFW,EYW,8
DFW,GRK,38
DFW,TYS,24
DFW,LFT,31
DFW,LCH,21
DFW,LRD,24
DFW,LAS,135
DFW,LAW,24
DFW,LEX,24
DFW,LIT,60
DFW,GGG,16
DFW,LAX,146
DFW,SDF,60
DFW,LBB,60
DFW,MSN,24
DFW,MFE,40
DFW,MEM,61
DFW,MIA,95
DFW,MAF,57
DFW,MKE,24
DFW,MSP,77
DFW,MSO,8
DFW,MOB,24
DFW,MLI,16
DFW,MLU,23
DFW,MRY,16
DFW,MGM,16
DFW,MTJ,16
DFW,MYR,17
DFW,BNA,64
DFW,MSY,60
DFW,JFK,40
DFW,LGA,133
DFW,EWR,91
DFW,ORF,24
DFW,OAK,9
DFW,OKC,68
DFW,OMA,33
DFW,ONT,56
DFW,MCO,118
DFW,PSN,1
DFW,PSP,16
DFW,ECP,17
DFW,PNS,37
DFW,PIA,16
DFW,PHL,85
DFW,PHX,99
DFW,PIT,34
DFW,PDX,53
DFW,PWM,1
DFW,RDU,45
DFW,RAP,25
DFW,RNO,27
DFW,RIC,24
DFW,ROW,16
DFW,SMF,37
DFW,SLC,82
DFW,SJT,24
DFW,SAT,82
DFW,SAN,74
DFW,SFO,87
DFW,SJC,32
DFW,SBP,13
DFW,SNA,79
DFW,SBA,16
DFW,SAF,33
DFW,STS,8
DFW,SRQ,8
DFW,SAV,24
DFW,SCF,1
DFW,SEA,103
DFW,SHV,40
DFW,FSD,16
DFW,SBN,24
DFW,RSW,25
DFW,GEG,16
DFW,SGF,55
DFW,CPS,1
DFW,STL,40
DFW,SWO,16
DFW,SYR,8
DFW,TLH,24
DFW,TPA,69
DFW,TXK,24
DFW,TRM,1
DFW,TVC,8
DFW,TTN,1
DFW,TUS,40
DFW,TUL,71
DFW,TYR,25
DFW,ACT,24
DFW,IAD,39
DFW,DCA,69
DFW,TBN,8
DFW,PBI,24
DFW,ICT,51
DFW,SPS,17
DFW,ILM,16
DFW,BDL,16
DFW,YUM,16
DFW,STT,1
DNN,GBG,1
DAM,ABJ,0
DAM,IKA,4
DAM,NJF,15
DAM,BGW,21
DAM,BSR,2
DAM,EBL,11
DAM,AMM,1
DAM,KWI,11
DAM,BEY,2
DAM,MRA,1
DAM,MCT,1
DAM,KHI,1
DAM,SVO,1
DAM,KRT,1
DAM,KAC,1
DAM,AUH,3
DAM,DXB,5
DAM,SHJ,13
DAM,CCS,0
DMM,TIA,4
DMM,VIE,2
DMM,GYD,4
DMM,BAH,31
DMM,DAC,3
DMM,HBE,6
DMM,CAI,61
DMM,HMB,2
DMM,ADD,4
DMM,TBS,1
DMM,HKG,4
DMM,BUD,3
DMM,MAA,2
DMM,COK,3
DMM,DEL,16
DMM,HYD,8
DMM,CCJ,13
DMM,LKO,5
DMM,IXE,4
DMM,BOM,19
DMM,TRV,4
DMM,BGW,2
DMM,FCO,2
DMM,AMM,10
DMM,KWI,22
DMM,BEY,4
DMM,CMN,2
DMM,KTM,4
DMM,AMS,5
DMM,MCT,27
DMM,ISB,4
DMM,KHI,1
DMM,LHE,6
DMM,MUX,1
DMM,SKT,1
DMM,MNL,6
DMM,DOH,42
DMM,AHB,34
DMM,ULH,2
DMM,ABT,7
DMM,ELQ,6
DMM,BHH,3
DMM,HAS,4
DMM,JED,156
DMM,GIZ,16
DMM,MED,32
DMM,EAM,16
DMM,NUM,3
DMM,AQI,3
DMM,RUH,94
DMM,TUU,3
DMM,TIF,11
DMM,YNB,8
DMM,CMB,8
DMM,KRT,2
DMM,IST,9
DMM,SAW,15
DMM,AUH,31
DMM,DXB,64
DMM,SHJ,25
DXR,BLM,1
DDG,PKX,8
DDG,PVG,5
DDG,YNT,11
DGA,BZE,146
DGA,TZA,74
DGA,INB,24
DGA,PLJ,71
DNV,SDF,5
DAN,USA,1
DAN,GMU,1
DCY,CTU,8
DCY,TFU,16
DCY,CKG,3
DCY,LZO,4
DCY,WXN,2
DCY,XIY,2
DQA,PEK,24
DQA,PKX,21
DQA,CGQ,1
DQA,DLC,5
DQA,TAO,13
DQA,PVG,11
DQA,SHE,2
DQA,TSN,4
DQA,WEH,8
DQA,XIY,3
DQA,YNT,8
DAR,CAN,3
DAR,HAH,12
DAR,CAI,3
DAR,ADD,17
DAR,CDG,1
DAR,BOM,5
DAR,NBO,41
DAR,BLZ,6
DAR,DZA,1
DAR,POL,2
DAR,AMS,8
DAR,KBH,3
DAR,DOH,8
DAR,KGL,1
DAR,JED,3
DAR,JNB,5
DAR,ARK,36
DAR,DOD,37
DAR,GIT,1
DAR,IRI,22
DAR,TKQ,6
DAR,JRO,59
DAR,MFA,47
DAR,NPY,2
DAR,MYW,3
DAR,MWZ,24
DAR,SGX,4
DAR,MBI,17
DAR,TGT,3
DAR,ZNZ,327
DAR,IST,8
DAR,EBB,7
DAR,DXB,8
DAR,LUN,4
DAR,NLA,3
DAR,HRE,7
DBR,BLR,7
DBR,DEL,16
DBR,HYD,3
DBR,CCU,8
DBR,BOM,7
DAU,UNG,4
DAU,POM,9
DRW,ADL,26
DRW,ASP,16
DRW,BNE,26
DRW,CNS,10
DRW,CBR,4
DRW,ELC,3
DRW,GOV,9
DRW,GTE,13
DRW,KTR,3
DRW,KNX,10
DRW,MNG,6
DRW,MCV,8
DRW,MEL,22
DRW,MGT,6
DRW,PER,14
DRW,SYD,22
DRW,TSV,4
DRW,DPS,5
DRW,SIN,3
DRW,XSP,1
DRW,DIL,15
DAT,CSX,5
DAT,TFU,8
DAT,JUH,1
DAT,CKG,2
DAT,DLC,2
DAT,HAK,3
DAT,HRB,8
DAT,KMG,7
DAT,LHW,3
DAT,NKG,8
DAT,TAO,3
DAT,PVG,14
DAT,SHE,5
DAT,TCZ,1
DAT,TSN,3
DAT,WUH,8
DAT,YNZ,1
DAT,INC,8
DVO,NNG,2
DVO,SZX,6
DVO,CRK,8
DVO,BCD,6
DVO,CGY,4
DVO,CEB,83
DVO,IAO,4
DVO,ILO,7
DVO,MNL,162
DVO,TAG,8
DVO,ZAM,8
DVO,DOH,1
DVO,SIN,4
DVN,DSM,0
DVN,OJC,1
DVN,AIZ,1
DVN,VYS,0
DAV,PAC,18
DAV,PTY,14
DWD,JED,2
DYG,PEK,8
DYG,PKX,3
DYG,CZX,8
DYG,TFU,19
DYG,DLC,6
DYG,CAN,4
DYG,HLD,2
DYG,HGH,8
DYG,HUZ,5
DYG,SWA,4
DYG,TNA,8
DYG,KMG,5
DYG,LHW,11
DYG,LYA,8
DYG,KHN,3
DYG,NKG,17
DYG,PVG,26
DYG,SZX,3
DYG,TYN,5
DYG,TSN,5
DYG,WNZ,3
DYG,XIY,16
DYG,YNZ,2
DYG,YTY,4
DYG,YYA,4
DYG,CGO,2
DYG,MNL,6
DYG,PUS,5
DYG,CJJ,3
DYG,TAE,4
DYG,MWX,2
DYG,ICN,3
DYG,BKK,8
DYG,HAN,6
DYG,SGN,7
DAY,CAK,1
DAY,ATL,28
DAY,AUM,1
DAY,BTV,1
DAY,CLT,30
DAY,ORD,68
DAY,DFW,25
DAY,TYS,3
DAY,MEM,2
DAY,LGA,14
DAY,MCO,2
DAY,SFB,2
DAY,PHL,8
DAY,PGD,3
DAY,PIE,3
DAY,SVH,1
DAY,ASN,1
DAY,FOE,1
DAY,IAD,15
DAY,DCA,30
DAB,YYZ,1
DAB,ATL,32
DAB,SSI,1
DAB,BTV,1
DAB,CLT,25
DAB,DAB,1
DAB,FXE,1
DAB,FPR,1
DAB,CRG,1
DAB,EYW,1
DAB,ISM,1
DAB,MLB,1
DAB,QQB,1
DAB,PHL,5
DAB,SAT,1
DAB,SRQ,1
DAB,SAV,1
DAB,SUA,1
DAB,TPF,1
DAB,STT,1
DZH,PEK,11
DZH,CSX,5
DZH,CTU,13
DZH,TFU,32
DZH,CAN,11
DZH,KWE,3
DZH,HAK,3
DZH,HFE,3
DZH,SWA,5
DZH,KMG,3
DZH,KHN,3
DZH,NNG,3
DZH,TAO,3
DZH,JJN,3
DZH,PVG,8
DZH,SZX,8
DZH,SJW,3
DZH,TYN,3
DZH,WEH,5
DZH,WNZ,4
DZH,XIY,5
DZH,XIC,5
DZH,YBP,2
DZH,CGO,3
DZH,HSN,5
DZH,ZUH,5
DOL,CDG,1
DOL,HER,1
DOL,OLB,1
DOL,PMO,1
DOL,PMI,3
DOL,ACH,1
DEB,BOJ,1
DEB,LCA,4
DEB,MUC,5
DEB,CFU,1
DEB,BUD,1
DEB,DEB,1
DEB,TLV,4
DEB,EIN,2
DEB,AYT,2
DEB,LTN,7
DEC,ORD,14
DEC,DNV,6
DEC,JLN,8
DEC,IAD,1
DCU,AVL,1
DCU,CVG,1
DCU,LIT,1
DCU,MGM,1
DCU,PNX,1
DRG,BKC,8
DRG,OTZ,11
DED,AMD,8
DED,IXD,12
DED,BLR,8
DED,DEL,45
DED,GOX,3
DED,HYD,8
DED,JAI,13
DED,IXJ,2
DED,CCU,5
DED,LKO,10
DED,BOM,30
DED,PNQ,7
DEX,DJJ,24
DRT,SAT,5
DEL,KBL,2
DEL,MEL,11
DEL,SYD,8
DEL,VIE,4
DEL,GYD,3
DEL,BAH,32
DEL,DAC,27
DEL,PBH,7
DEL,YUL,4
DEL,YYZ,16
DEL,YVR,8
DEL,CTU,9
DEL,TFU,6
DEL,CKG,2
DEL,KMG,5
DEL,NNG,5
DEL,SZX,9
DEL,CGO,4
DEL,CPH,4
DEL,ADD,13
DEL,HEL,8
DEL,CDG,24
DEL,CGN,1
DEL,FRA,23
DEL,LEJ,1
DEL,MUC,8
DEL,HKG,29
DEL,IXA,8
DEL,AMD,168
DEL,AJL,3
DEL,IXD,16
DEL,ATQ,76
DEL,IXU,16
DEL,BEK,4
DEL,BLR,308
DEL,BHO,40
DEL,BBI,76
DEL,IXC,65
DEL,MAA,142
DEL,COK,72
DEL,CJB,24
DEL,DBR,16
DEL,DED,44
DEL,DGH,8
DEL,DHM,58
DEL,DIB,19
DEL,DMU,5
DEL,RDP,8
DEL,GAY,9
DEL,GOX,21
DEL,GOI,118
DEL,GOP,27
DEL,GAU,108
DEL,GWL,8
DEL,HBX,8
DEL,HYD,181
DEL,IMF,8
DEL,IDR,58
DEL,JLR,16
DEL,JAI,58
DEL,IXJ,61
DEL,JRG,8
DEL,JDH,17
DEL,IXY,5
DEL,HJR,8
DEL,CCU,201
DEL,CCJ,8
DEL,KUU,4
DEL,KBK,7
DEL,IXL,113
DEL,LKO,101
DEL,IXM,8
DEL,IXE,8
DEL,BOM,443
DEL,NAG,31
DEL,PYG,6
DEL,PGH,16
DEL,PAT,96
DEL,IXZ,3
DEL,PNQ,189
DEL,RPR,46
DEL,RAJ,16
DEL,IXR,54
DEL,SHL,2
DEL,SLV,6
DEL,SAG,16
DEL,IXB,68
DEL,SXR,226
DEL,STV,32
DEL,TRV,32
DEL,UDR,39
DEL,BDQ,35
DEL,VNS,58
DEL,VGA,16
DEL,VTZ,41
DEL,IKA,2
DEL,BGW,4
DEL,BSR,1
DEL,TLV,5
DEL,MXP,5
DEL,FCO,3
DEL,HND,16
DEL,NRT,4
DEL,ALA,11
DEL,CIT,2
DEL,NBO,4
DEL,KWI,27
DEL,FRU,2
DEL,LUX,2
DEL,KUL,27
DEL,MRU,2
DEL,RGN,4
DEL,KTM,77
DEL,AMS,11
DEL,MCT,24
DEL,WAW,5
DEL,DOH,44
DEL,GDX,0
DEL,SVO,8
DEL,DMM,16
DEL,JED,18
DEL,RUH,20
DEL,SIN,48
DEL,ICN,12
DEL,CMB,22
DEL,ZRH,8
DEL,DYU,2
DEL,BKK,57
DEL,HKT,8
DEL,IST,22
DEL,ASB,3
DEL,AUH,32
DEL,DXB,107
DEL,SHJ,24
DEL,BHX,4
DEL,LHR,52
DEL,ORD,8
DEL,JFK,16
DEL,EWR,11
DEL,SFO,10
DEL,IAD,4
DEL,TAS,8
DEL,HAN,8
DEL,SGN,8
DMN,NO,0
DHR,NWI,1
DPS,ADL,11
DPS,BNE,20
DPS,CNS,4
DPS,DRW,5
DPS,OOL,5
DPS,MEL,60
DPS,PER,60
DPS,SYD,50
DPS,FOC,2
DPS,CAN,4
DPS,HGH,2
DPS,NKG,2
DPS,PVG,4
DPS,SZX,1
DPS,XMN,8
DPS,HKG,14
DPS,BPN,21
DPS,BDO,24
DPS,BMU,8
DPS,BWX,3
DPS,HLP,49
DPS,CGK,497
DPS,KOE,8
DPS,LBJ,37
DPS,LOP,64
DPS,UPG,52
DPS,MDC,2
DPS,SRG,4
DPS,SUB,117
DPS,SOC,24
DPS,TMC,28
DPS,WGP,16
DPS,YIA,41
DPS,NRT,2
DPS,KUL,105
DPS,AKL,3
DPS,MNL,14
DPS,DOH,16
DPS,SIN,139
DPS,ICN,12
DPS,TPE,16
DPS,DMK,32
DPS,BKK,8
DPS,DIL,21
DPS,IST,6
DPS,DXB,16
DPS,HAN,8
DPS,SGN,24
DEN,NAS,1
DEN,BZE,2
DEN,YYC,21
DEN,YEG,16
DEN,YUL,9
DEN,YYZ,32
DEN,YVR,40
DEN,GCM,1
DEN,LIR,4
DEN,SJO,3
DEN,CDG,3
DEN,FRA,16
DEN,MUC,16
DEN,RTB,1
DEN,KEF,13
DEN,MBJ,4
DEN,NRT,8
DEN,CUN,48
DEN,CUU,2
DEN,CZM,1
DEN,GDL,5
DEN,MEX,13
DEN,PVR,12
DEN,SJD,19
DEN,PTY,4
DEN,ZRH,2
DEN,LHR,24
DEN,ALS,13
DEN,ALB,1
DEN,ABQ,61
DEN,ABE,0
DEN,AIA,13
DEN,AMA,16
DEN,ANC,16
DEN,ATW,10
DEN,ACV,5
DEN,AVL,5
DEN,ASE,56
DEN,PDK,1
DEN,ATL,149
DEN,AUS,94
DEN,BFL,8
DEN,BWI,64
DEN,BLI,1
DEN,XNA,29
DEN,BIL,32
DEN,BHM,23
DEN,BIS,24
DEN,BMI,3
DEN,BOI,56
DEN,BOS,76
DEN,BZN,62
DEN,BUF,4
DEN,BUR,34
DEN,BTV,8
DEN,CPR,34
DEN,CID,19
DEN,CDR,13
DEN,CHS,16
DEN,CLT,69
DEN,MDW,79
DEN,ORD,146
DEN,RFD,2
DEN,CVG,50
DEN,CLE,40
DEN,CVN,6
DEN,COD,24
DEN,CBK,1
DEN,COS,104
DEN,CMH,41
DEN,CEZ,13
DEN,DFW,146
DEN,DAL,84
DEN,DEN,1
DEN,DSM,58
DEN,DTW,62
DEN,DVL,7
DEN,DIK,16
DEN,DDC,6
DEN,DRO,41
DEN,EGE,24
DEN,ELP,44
DEN,EUG,24
DEN,FAR,35
DEN,FLL,33
DEN,FAT,32
DEN,RIL,1
DEN,GCC,14
DEN,GJT,41
DEN,GRR,28
DEN,GBD,0
DEN,GTF,16
DEN,GRB,4
DEN,GSP,8
DEN,GUC,16
DEN,SUN,8
DEN,HDN,33
DEN,HLN,16
DEN,HOB,3
DEN,HNL,16
DEN,IAH,119
DEN,HOU,62
DEN,HSV,13
DEN,IDA,24
DEN,IND,57
DEN,JAC,32
DEN,JAX,19
DEN,JMS,8
DEN,JLN,5
DEN,OGG,9
DEN,FCA,24
DEN,MCI,98
DEN,OJC,1
DEN,EAR,13
DEN,TYS,22
DEN,KOA,8
DEN,LAR,14
DEN,LAS,198
DEN,LWS,8
DEN,LBL,8
DEN,LIH,8
DEN,LNK,24
DEN,LIT,36
DEN,LGB,24
DEN,LAX,151
DEN,SDF,28
DEN,LBB,16
DEN,MSN,20
DEN,MCK,14
DEN,MFR,16
DEN,MEM,32
DEN,MIA,50
DEN,MAF,32
DEN,MKE,53
DEN,MSP,151
DEN,MOT,16
DEN,MSO,32
DEN,CNY,8
DEN,MLI,8
DEN,MRY,8
DEN,MTJ,33
DEN,MYR,2
DEN,BNA,91
DEN,MSY,43
DEN,JFK,28
DEN,LGA,122
DEN,EWR,72
DEN,ORF,12
DEN,OTH,3
DEN,LBF,14
DEN,OAK,43
DEN,OKC,71
DEN,OMA,72
DEN,ONT,60
DEN,MCO,90
DEN,PSP,24
DEN,ECP,2
DEN,PSC,16
DEN,PNS,10
DEN,PIA,2
DEN,PHL,64
DEN,PHX,199
DEN,PIR,14
DEN,PIT,34
DEN,PDX,109
DEN,PWM,8
DEN,PRC,8
DEN,PUB,29
DEN,RDU,56
DEN,RAP,32
DEN,RWL,1
DEN,RDM,16
DEN,RNO,58
DEN,RIC,16
DEN,RIW,13
DEN,RKS,11
DEN,SMF,91
DEN,SLT,0
DEN,SLN,8
DEN,SLC,172
DEN,SAT,71
DEN,SAN,127
DEN,SFO,124
DEN,SJC,63
DEN,SBP,11
DEN,SNA,83
DEN,SBA,24
DEN,SAF,24
DEN,SAV,9
DEN,BFF,14
DEN,SEA,167
DEN,SHR,14
DEN,SHV,8
DEN,SNY,1
DEN,FSD,27
DEN,SUX,8
DEN,RSW,13
DEN,GEG,48
DEN,SGF,32
DEN,SGU,14
DEN,STL,94
DEN,STP,1
DEN,SYR,12
DEN,TPA,70
DEN,TEX,9
DEN,TVC,9
DEN,TAD,1
DEN,TUS,0
DEN,TUL,56
DEN,VEL,14
DEN,IAD,62
DEN,DCA,32
DEN,ATY,6
DEN,WYS,2
DEN,ICT,52
DEN,XWA,24
DEN,BDL,9
DGH,DEL,8
DGH,CCU,8
DGH,PAT,5
DGH,IXR,3
DPT,YKS,4
DEA,NO,0
DRB,BME,4
DSM,ABI,1
DSM,ATL,24
DSM,AUS,3
DSM,BKX,1
DSM,CID,1
DSM,CLT,15
DSM,MDW,1
DSM,ORD,56
DSM,DFW,32
DSM,DEN,58
DSM,VPS,2
DSM,DTW,22
DSM,FLL,2
DSM,AFW,1
DSM,IAH,16
DSM,HOU,2
DSM,IOW,1
DSM,LAS,6
DSM,LAX,2
DSM,SDF,2
DSM,MEM,3
DSM,MIA,1
DSM,FCM,1
DSM,MSP,23
DSM,MKG,1
DSM,BNA,6
DSM,LGA,20
DSM,EWR,2
DSM,CCY,1
DSM,OLV,1
DSM,SFB,5
DSM,AZA,5
DSM,PHX,8
DSM,PTK,1
DSM,PDX,2
DSM,PGD,3
DSM,SAN,2
DSM,SNA,2
DSM,SRQ,1
DSM,SUS,1
DSM,STL,15
DSM,PIE,5
DSM,TEB,1
DSM,DCA,16
DSM,ATY,1
DSM,ICT,1
DSE,ADD,48
DSI,PDK,1
DSI,FTY,1
DSI,BHM,1
DSI,CKM,1
DSI,DAL,1
DSI,QQD,1
DSI,DSI,1
DSI,GUF,1
DSI,LIT,1
DSI,ORL,1
DSI,PNS,0
DSI,MQY,1
DSI,SUS,1
DSI,TYR,1
DSI,VKS,1
DET,BMI,1
DET,BTV,1
DET,PWK,1
DET,CMH,0
DET,TYS,1
DET,FCM,1
DET,MIE,0
DTW,YYC,3
DTW,YUL,40
DTW,YYZ,48
DTW,PVG,2
DTW,CDG,16
DTW,FRA,16
DTW,MUC,8
DTW,KEF,9
DTW,FCO,8
DTW,HND,8
DTW,AMM,5
DTW,CUN,24
DTW,MEX,8
DTW,MTY,7
DTW,AMS,24
DTW,SJU,21
DTW,ICN,8
DTW,ZRH,1
DTW,LHR,14
DTW,ALB,31
DTW,ATW,16
DTW,AVL,1
DTW,ATL,108
DTW,ACY,1
DTW,AUS,39
DTW,BWI,40
DTW,BHM,15
DTW,BMI,2
DTW,BOS,54
DTW,BUF,31
DTW,IFP,1
DTW,BTV,8
DTW,CHS,6
DTW,CLT,68
DTW,CHA,7
DTW,MDW,53
DTW,ORD,106
DTW,RFD,2
DTW,CVG,33
DTW,CLE,31
DTW,CMH,31
DTW,LCK,1
DTW,DFW,79
DTW,DEN,63
DTW,DSM,22
DTW,VPS,1
DTW,ELM,16
DTW,ESC,8
DTW,FLL,39
DTW,GRR,32
DTW,GRB,20
DTW,GSO,7
DTW,GSP,15
DTW,GPT,2
DTW,MDT,8
DTW,HNL,5
DTW,IAH,62
DTW,HSV,6
DTW,IND,35
DTW,JAX,13
DTW,AZO,16
DTW,MCI,31
DTW,TYS,8
DTW,LAN,16
DTW,LAS,71
DTW,LEX,18
DTW,LAX,63
DTW,SDF,27
DTW,MSN,31
DTW,MQT,8
DTW,MEM,20
DTW,MIA,32
DTW,MKE,33
DTW,FCM,1
DTW,MSP,56
DTW,MYR,15
DTW,BNA,47
DTW,MSY,8
DTW,JFK,57
DTW,LGA,98
DTW,EWR,85
DTW,ORF,16
DTW,OMA,24
DTW,MCO,82
DTW,PLN,13
DTW,PHL,69
DTW,PHX,45
DTW,PIT,32
DTW,PDX,8
DTW,PWM,16
DTW,PVD,16
DTW,RDU,37
DTW,RIC,23
DTW,ROC,31
DTW,ROW,1
DTW,MBS,24
DTW,SLC,36
DTW,SAT,22
DTW,SAN,28
DTW,SFO,32
DTW,SNA,6
DTW,CIU,8
DTW,SAV,8
DTW,SEA,60
DTW,RSW,24
DTW,STL,45
DTW,SYR,31
DTW,TPA,37
DTW,TVC,32
DTW,IAD,48
DTW,DCA,63
DTW,PBI,8
DTW,HPN,24
DTW,BDL,31
DTL,NO,0
DVL,DEN,8
DVL,FWA,1
DVL,JMS,8
DPO,MEL,39
DEF,THR,6
DDD,MLE,37
DAC,GYD,1
DAC,BAH,10
DAC,BZL,11
DAC,CGP,148
DAC,CXB,123
DAC,JSR,46
DAC,RJH,26
DAC,SPD,94
DAC,ZYL,95
DAC,PBH,2
DAC,CZX,8
DAC,CAN,10
DAC,KMG,8
DAC,XIY,2
DAC,CGO,8
DAC,CAI,3
DAC,HKG,14
DAC,MAA,15
DAC,DEL,29
DAC,HYD,6
DAC,CCU,50
DAC,BOM,16
DAC,KWI,27
DAC,KUL,70
DAC,MLE,7
DAC,KTM,5
DAC,MCT,29
DAC,DOH,45
DAC,DMM,3
DAC,JED,23
DAC,MED,4
DAC,RUH,10
DAC,SIN,24
DAC,ICN,2
DAC,CMB,8
DAC,GVA,1
DAC,DMK,4
DAC,BKK,32
DAC,IST,13
DAC,AUH,20
DAC,DXB,55
DAC,RKT,1
DAC,SHJ,46
DAC,HAN,3
DHI,KTM,56
DHM,IXC,7
DHM,DEL,58
DHM,SLV,2
DRV,MLE,80
DIB,IXA,10
DIB,DEL,13
DIB,DMU,3
DIB,GAU,19
DIB,IMF,13
DIB,CCU,8
DIB,SHL,3
DIB,IXB,8
DIB,TEI,4
DIK,DEN,16
DIK,FAR,2
DIK,MSP,1
DIN,NO,0
DIJ,NO,0
DKS,NSK,1
DIL,DRW,14
DIL,CAN,2
DIL,DPS,21
DIL,KUL,1
DIL,SIN,1
DIL,OEC,6
DIL,UAI,1
DLG,ANC,33
DLG,BET,1
DLG,KEK,6
DLG,AKN,2
DLG,KGK,7
DLG,KLL,4
DLG,KMO,7
DLG,WSN,3
DLG,TOG,4
DLG,TWA,1
DLN,NO,0
DMU,DEL,5
DMU,DIB,3
DMU,GAU,8
DMU,IMF,4
DMU,CCU,11
DMU,SHL,3
DNR,LBG,1
DNR,RNS,1
DNR,GCI,1
DPL,CEB,8
DPL,MNL,20
DIR,JIB,9
DIR,ADD,79
DIU,BOM,8
DIQ,NO,0
DIY,DUS,2
DIY,FRA,1
DIY,HAJ,3
DIY,STR,1
DIY,JED,5
DIY,MED,2
DIY,ESB,24
DIY,AYT,10
DIY,YEI,2
DIY,ECN,3
DIY,IST,48
DIY,SAW,32
DIY,ADB,16
DIY,TZX,2
DJG,ALG,4
DJG,CZL,1
DJG,ELU,2
DJG,VVZ,1
DJG,ORN,1
DJG,OGX,2
DJG,TMR,2
DJE,VIE,1
DJE,BRU,4
DJE,SOF,1
DJE,PRG,1
DJE,BOD,1
DJE,CHR,1
DJE,LIL,3
DJE,LYS,12
DJE,MRS,5
DJE,NTE,6
DJE,NCE,2
DJE,CDG,19
DJE,ORY,24
DJE,SXB,2
DJE,TLS,2
DJE,BER,1
DJE,DUS,6
DJE,FRA,10
DJE,HAJ,4
DJE,LEJ,1
DJE,MUC,5
DJE,STR,3
DJE,BUD,1
DJE,MXP,1
DJE,VRN,1
DJE,MJI,2
DJE,LUX,5
DJE,KTW,5
DJE,POZ,1
DJE,WAW,3
DJE,WRO,1
DJE,LIS,3
DJE,OPO,2
DJE,BEG,1
DJE,BTS,0
DJE,LJU,2
DJE,GVA,1
DJE,ZRH,2
DJE,NBE,13
DJE,TUN,31
DNK,NO,0
DOB,LUV,8
DDC,DEN,8
DDC,LBL,6
DDC,ICT,2
DOD,DAR,37
DOH,ALG,7
DOH,LAD,4
DOH,EVN,12
DOH,ADL,8
DOH,BNE,8
DOH,MEL,16
DOH,PER,8
DOH,SYD,10
DOH,VIE,11
DOH,GYD,8
DOH,BAH,16
DOH,CGP,2
DOH,DAC,43
DOH,ZYL,2
DOH,MSQ,4
DOH,BRU,11
DOH,LGG,5
DOH,SJJ,4
DOH,GRU,16
DOH,SOF,3
DOH,PNH,2
DOH,YUL,8
DOH,PEK,1
DOH,PKX,8
DOH,CAN,13
DOH,HGH,5
DOH,PVG,11
DOH,SZX,12
DOH,XMN,2
DOH,CGO,1
DOH,ZAG,8
DOH,LCA,16
DOH,PRG,8
DOH,CPH,13
DOH,JIB,3
DOH,HBE,8
DOH,CAI,53
DOH,ADD,8
DOH,HEL,8
DOH,NCE,4
DOH,CDG,25
DOH,TBS,16
DOH,BER,13
DOH,DUS,8
DOH,FRA,41
DOH,MUC,18
DOH,ACC,5
DOH,ATH,24
DOH,JMK,4
DOH,HKG,27
DOH,BUD,10
DOH,AMD,10
DOH,ATQ,8
DOH,BLR,18
DOH,MAA,22
DOH,COK,29
DOH,DEL,44
DOH,GOI,8
DOH,HYD,35
DOH,CNN,13
DOH,CCU,8
DOH,CCJ,16
DOH,IXE,3
DOH,BOM,38
DOH,NAG,8
DOH,TRZ,1
DOH,TRV,8
DOH,DPS,16
DOH,CGK,24
DOH,BND,1
DOH,IFN,4
DOH,LFM,1
DOH,LRR,2
DOH,MHD,8
DOH,SYZ,6
DOH,IKA,24
DOH,NJF,8
DOH,BGW,21
DOH,BSR,8
DOH,EBL,16
DOH,ISU,8
DOH,DUB,16
DOH,MXP,24
DOH,FCO,18
DOH,KIX,5
DOH,HND,8
DOH,NRT,8
DOH,AMM,44
DOH,ALA,15
DOH,NQZ,1
DOH,NBO,16
DOH,KWI,60
DOH,BEY,36
DOH,LUX,13
DOH,MFM,2
DOH,KUL,22
DOH,MLE,24
DOH,CMN,8
DOH,MPM,6
DOH,RGN,2
DOH,WDH,3
DOH,KTM,41
DOH,AMS,19
DOH,MST,1
DOH,ABV,8
DOH,LOS,20
DOH,OSL,8
DOH,MCT,46
DOH,SLL,8
DOH,ISB,24
DOH,KHI,17
DOH,LHE,21
DOH,MUX,4
DOH,PEW,11
DOH,SKT,8
DOH,CRK,8
DOH,CEB,5
DOH,MNL,25
DOH,WAW,8
DOH,OTP,16
DOH,SVO,13
DOH,KGL,7
DOH,ELQ,8
DOH,DMM,42
DOH,JED,42
DOH,MED,20
DOH,RUH,49
DOH,TIF,8
DOH,BEG,8
DOH,SEZ,8
DOH,SIN,29
DOH,MGQ,4
DOH,CPT,12
DOH,JNB,23
DOH,ICN,12
DOH,BCN,16
DOH,MAD,30
DOH,AGP,3
DOH,ZAZ,5
DOH,CMB,41
DOH,KRT,8
DOH,ARN,11
DOH,GVA,8
DOH,ZRH,11
DOH,DAR,3
DOH,JRO,8
DOH,ZNZ,8
DOH,BKK,37
DOH,HKT,16
DOH,TUN,8
DOH,ADA,4
DOH,ESB,8
DOH,AYT,6
DOH,BJV,6
DOH,IST,33
DOH,SAW,29
DOH,EBB,5
DOH,AUH,67
DOH,DXB,48
DOH,DWC,5
DOH,SHJ,64
DOH,EDI,11
DOH,LGW,16
DOH,LHR,57
DOH,STN,5
DOH,MAN,20
DOH,ATL,8
DOH,BOS,8
DOH,ORD,8
DOH,DFW,16
DOH,IAH,8
DOH,LAX,11
DOH,MIA,8
DOH,JFK,21
DOH,PHL,8
DOH,SFO,8
DOH,SEA,8
DOH,IAD,12
DOH,HAN,23
DOH,SGN,18
DOH,LUN,6
DIA,STN,1
DLE,FEZ,3
DLE,RAK,2
DLE,OPO,4
DOP,NO,0
DOM,ANU,3
DOM,BGI,16
DOM,PTP,4
DOM,SXM,2
DOM,SJU,7
DOM,SKB,1
DOM,SLU,9
DOM,POS,2
DOM,MIA,5
DOM,EIS,2
DOM,STT,3
DSA,NO,0
DOK,NO,0
DOY,PEK,5
DOY,PKX,8
DOY,CGQ,8
DOY,TFU,3
DOY,CKG,3
DOY,DLC,8
DOY,CAN,8
DOY,HGH,5
DOY,HRB,3
DOY,KRY,1
DOY,SHA,8
DOY,PVG,3
DOY,SHE,3
DOY,SZX,8
DOY,WNZ,8
DOY,WUH,8
DOY,XIY,8
DOY,XMN,3
DOY,CGO,5
DMD,BUC,2
DMD,ONG,4
DMD,ISA,6
DTM,TIA,8
DTM,EVN,3
DTM,BNX,4
DTM,TZL,6
DTM,SOF,8
DTM,VAR,6
DTM,SPU,3
DTM,KUT,2
DTM,CGN,2
DTM,MUC,11
DTM,HER,2
DTM,KVA,2
DTM,RHO,2
DTM,SKG,5
DTM,BUD,5
DTM,CTA,3
DTM,FCO,3
DTM,PRN,4
DTM,VNO,2
DTM,TGD,2
DTM,OHD,2
DTM,SKP,8
DTM,GDN,8
DTM,KTW,24
DTM,KRK,3
DTM,SZY,2
DTM,WRO,3
DTM,OPO,4
DTM,OTP,8
DTM,CLJ,4
DTM,IAS,5
DTM,SBZ,5
DTM,SCV,4
DTM,TGM,3
DTM,TSR,4
DTM,BEG,6
DTM,INI,2
DTM,ALC,2
DTM,AGP,6
DTM,PMI,21
DTM,AYT,6
DTM,ADB,3
DTM,ONQ,1
DTM,FAB,1
DTM,STN,8
DHN,QQR,1
DHN,ATL,15
DHN,BHM,1
DHN,DHN,1
DHN,MEM,1
DHN,ECP,5
DHN,PPM,1
DLA,COO,3
DLA,OUA,1
DLA,BFX,4
DLA,GOU,5
DLA,MVR,3
DLA,NGE,1
DLA,NSI,52
DLA,BGF,13
DLA,NDJ,8
DLA,BZV,2
DLA,ABJ,0
DLA,CAI,4
DLA,BSG,1
DLA,SSG,20
DLA,ADD,4
DLA,CDG,8
DLA,LBV,15
DLA,NBO,4
DLA,CMN,4
DLA,ABV,3
DLA,LOS,3
DLA,PHC,2
DLA,KGL,6
DLA,LFW,8
DLA,IST,2
DOU,NO,0
DOV,NO,0
DYL,NO,0
DRS,SOF,1
DRS,VAR,2
DRS,HRG,4
DRS,CHR,2
DRS,BWE,1
DRS,DUS,7
DRS,FRA,37
DRS,HAM,1
DRS,LEJ,1
DRS,MUC,22
DRS,CFU,1
DRS,HER,3
DRS,KGS,2
DRS,RHO,2
DRS,SOB,2
DRS,AMS,5
DRS,LPA,1
DRS,PMI,16
DRS,TFS,1
DRS,ZRH,9
DRS,AYT,5
DRS,STN,2
DWC,EVN,5
DWC,DAC,1
DWC,BRU,4
DWC,PEK,3
DWC,CAN,5
DWC,PVG,7
DWC,XMN,1
DWC,PFO,1
DWC,CAI,2
DWC,ADD,4
DWC,FRA,16
DWC,ACC,2
DWC,HKG,34
DWC,AMD,2
DWC,MAA,1
DWC,BOM,1
DWC,CGK,2
DWC,EBL,6
DWC,MXP,1
DWC,KIX,3
DWC,EDL,1
DWC,NBO,4
DWC,LUX,6
DWC,LLW,1
DWC,KUL,3
DWC,AMS,10
DWC,LOS,2
DWC,MCT,1
DWC,DOH,5
DWC,MRV,1
DWC,VKO,2
DWC,AER,7
DWC,SIN,4
DWC,XSP,0
DWC,HGA,2
DWC,MGQ,1
DWC,MAD,2
DWC,ZAZ,2
DWC,TPE,4
DWC,BKK,2
DWC,IST,4
DWC,LHR,4
DWC,LTN,1
DWC,HAN,1
DXB,KBL,25
DXB,KDH,1
DXB,TIA,4
DXB,ALG,13
DXB,LAD,6
DXB,EVN,8
DXB,BNE,16
DXB,MEL,16
DXB,PER,8
DXB,SYD,24
DXB,SZG,4
DXB,VIE,16
DXB,GYD,24
DXB,BAH,124
DXB,CGP,11
DXB,DAC,53
DXB,ZYL,1
DXB,MSQ,10
DXB,BRU,13
DXB,SJJ,4
DXB,GIG,5
DXB,GRU,8
DXB,BWN,1
DXB,SOF,4
DXB,YYZ,16
DXB,PEK,16
DXB,TFU,4
DXB,CKG,3
DXB,CAN,16
DXB,KMG,3
DXB,TAO,4
DXB,PVG,15
DXB,SZX,4
DXB,ZAG,5
DXB,LCA,12
DXB,PRG,14
DXB,CPH,8
DXB,JIB,4
DXB,HBE,11
DXB,CAI,59
DXB,ASM,5
DXB,ADD,40
DXB,LYS,8
DXB,NCE,9
DXB,CDG,33
DXB,TBS,16
DXB,CGN,1
DXB,DUS,16
DXB,FRA,31
DXB,HAM,16
DXB,LEJ,1
DXB,MUC,16
DXB,ACC,8
DXB,ATH,16
DXB,CKY,5
DXB,HKG,14
DXB,BUD,20
DXB,AMD,28
DXB,ATQ,16
DXB,BLR,32
DXB,BBI,4
DXB,IXC,8
DXB,MAA,43
DXB,COK,51
DXB,DEL,107
DXB,GOI,5
DXB,HYD,51
DXB,IDR,1
DXB,JAI,13
DXB,CNN,8
DXB,CCU,17
DXB,CCJ,34
DXB,LKO,11
DXB,IXM,8
DXB,IXE,20
DXB,BOM,123
DXB,PNQ,8
DXB,TRZ,8
DXB,TRV,15
DXB,DPS,16
DXB,CGK,16
DXB,AWZ,7
DXB,BND,9
DXB,GSM,6
DXB,IFN,2
DXB,LRR,7
DXB,MHD,10
DXB,SYZ,10
DXB,IKA,72
DXB,IQA,1
DXB,NJF,10
DXB,BGW,34
DXB,BSR,22
DXB,EBL,13
DXB,ISU,5
DXB,DUB,16
DXB,TLV,61
DXB,BLQ,8
DXB,CTA,4
DXB,BGY,8
DXB,MXP,16
DXB,NAP,6
DXB,PSA,3
DXB,FCO,16
DXB,VCE,8
DXB,KIX,8
DXB,HND,8
DXB,NRT,8
DXB,AMM,43
DXB,ALA,24
DXB,NQZ,18
DXB,CIT,2
DXB,MBA,3
DXB,NBO,29
DXB,KWI,146
DXB,FRU,8
DXB,RIX,3
DXB,BEY,48
DXB,LLW,1
DXB,KUL,24
DXB,MLE,43
DXB,MRU,16
DXB,CMN,11
DXB,RGN,3
DXB,KTM,37
DXB,AMS,29
DXB,AKL,8
DXB,OSL,8
DXB,MCT,110
DXB,SLL,4
DXB,LYP,19
DXB,ISB,44
DXB,KHI,68
DXB,LHE,34
DXB,MUX,21
DXB,PEW,13
DXB,UET,5
DXB,SKT,21
DXB,CEB,8
DXB,MNL,44
DXB,KRK,6
DXB,WAW,16
DXB,LIS,16
DXB,DOH,48
DXB,OTP,10
DXB,KZN,8
DXB,MCX,11
DXB,MRV,5
DXB,DME,24
DXB,SVO,16
DXB,VKO,48
DXB,OVB,6
DXB,KUF,5
DXB,LED,16
DXB,UFA,4
DXB,SVX,8
DXB,KGL,5
DXB,AHB,14
DXB,ULH,2
DXB,ELQ,7
DXB,DMM,64
DXB,HAS,3
DXB,HOF,2
DXB,JED,124
DXB,GIZ,5
DXB,MED,25
DXB,EAM,3
DXB,NUM,2
DXB,AQI,2
DXB,RUH,219
DXB,TUU,8
DXB,TIF,4
DXB,YNB,3
DXB,BEG,16
DXB,SEZ,16
DXB,SIN,32
DXB,LJU,5
DXB,BSA,1
DXB,HGA,5
DXB,MGQ,8
DXB,CPT,16
DXB,DUR,8
DXB,JNB,24
DXB,ICN,16
DXB,JUB,4
DXB,BCN,16
DXB,MAD,8
DXB,CMB,56
DXB,KRT,16
DXB,ARN,8
DXB,GVA,16
DXB,ZRH,24
DXB,DAM,5
DXB,TPE,8
DXB,DYU,6
DXB,DAR,8
DXB,ZNZ,16
DXB,BKK,32
DXB,KBV,6
DXB,HKT,16
DXB,UTP,6
DXB,TUN,8
DXB,ESB,5
DXB,AYT,4
DXB,IST,71
DXB,SAW,27
DXB,ADB,2
DXB,ASB,8
DXB,EBB,26
DXB,DWC,1
DXB,BHX,16
DXB,GLA,8
DXB,LGW,24
DXB,LHR,71
DXB,STN,16
DXB,MAN,24
DXB,NCL,8
DXB,BOS,8
DXB,ORD,8
DXB,DFW,8
DXB,IAH,8
DXB,LAX,8
DXB,MIA,9
DXB,JFK,17
DXB,EWR,8
DXB,MCO,6
DXB,SFO,8
DXB,SEA,8
DXB,IAD,9
DXB,FEG,2
DXB,SKD,3
DXB,TAS,16
DXB,HAN,8
DXB,SGN,8
DXB,LUN,8
DBO,BRK,5
DBO,BNE,0
DBO,BHQ,7
DBO,MEB,0
DBO,OAG,0
DBO,SYD,55
DBO,WGE,3
DUB,VIE,14
DUB,BRU,34
DUB,CRL,3
DUB,LGG,2
DUB,OMO,1
DUB,BOJ,7
DUB,SOF,2
DUB,YYC,6
DUB,YUL,4
DUB,YYZ,27
DUB,YVR,4
DUB,DBV,13
DUB,SPU,11
DUB,ZAD,2
DUB,ZAG,6
DUB,PFO,2
DUB,PRG,11
DUB,BLL,6
DUB,CPH,22
DUB,CAI,4
DUB,HEL,8
DUB,BSL,5
DUB,BIQ,6
DUB,BOD,15
DUB,BES,2
DUB,CCF,6
DUB,LRH,4
DUB,LYS,11
DUB,MRS,6
DUB,NTE,15
DUB,NCE,17
DUB,FNI,2
DUB,BVA,18
DUB,CDG,63
DUB,ORY,15
DUB,PGF,6
DUB,RDZ,2
DUB,LDE,4
DUB,TLS,7
DUB,TUF,3
DUB,BER,30
DUB,CGN,6
DUB,DUS,20
DUB,FRA,48
DUB,HHN,5
DUB,HAM,16
DUB,FKB,1
DUB,LEJ,4
DUB,FMM,3
DUB,MUC,29
DUB,NUE,3
DUB,QCP,1
DUB,ATH,13
DUB,CHQ,3
DUB,CFU,6
DUB,HER,1
DUB,KGS,6
DUB,RHO,5
DUB,JTR,5
DUB,SKG,3
DUB,ZTH,2
DUB,GCI,3
DUB,BUD,12
DUB,KEF,22
DUB,CFN,16
DUB,KIR,16
DUB,SNN,7
DUB,IOM,18
DUB,TLV,4
DUB,AHO,2
DUB,BRI,2
DUB,BLQ,3
DUB,BDS,4
DUB,CAG,2
DUB,GOA,2
DUB,BGY,17
DUB,LIN,8
DUB,MXP,13
DUB,NAP,16
DUB,OLB,2
DUB,PMO,3
DUB,PSA,11
DUB,CIA,1
DUB,FCO,30
DUB,TRS,3
DUB,TRN,2
DUB,VCE,17
DUB,VRN,7
DUB,JER,5
DUB,RIX,7
DUB,KUN,4
DUB,PLQ,3
DUB,VNO,3
DUB,LUX,11
DUB,MLA,5
DUB,CUN,1
DUB,KIV,8
DUB,AGA,2
DUB,RAK,2
DUB,AMS,103
DUB,EIN,4
DUB,BGO,2
DUB,OSL,10
DUB,BZG,2
DUB,GDN,5
DUB,KTW,3
DUB,KRK,10
DUB,LCJ,2
DUB,LUZ,2
DUB,POZ,5
DUB,RZE,3
DUB,SZZ,3
DUB,WMI,11
DUB,WRO,4
DUB,FAO,58
DUB,FNC,3
DUB,LIS,44
DUB,OPO,7
DUB,DOH,16
DUB,OTP,11
DUB,CLJ,5
DUB,IAS,7
DUB,BTS,2
DUB,KSC,3
DUB,ALC,27
DUB,LEI,2
DUB,OVD,2
DUB,BCN,43
DUB,BIO,10
DUB,CDT,2
DUB,FUE,6
DUB,GRO,5
DUB,LPA,11
DUB,IBZ,7
DUB,ACE,32
DUB,MAD,30
DUB,MAH,2
DUB,AGP,58
DUB,RMU,5
DUB,PMI,34
DUB,REU,17
DUB,SDR,4
DUB,SCQ,8
DUB,SVQ,5
DUB,TFS,18
DUB,VLC,4
DUB,GOT,2
DUB,ARN,16
DUB,GVA,12
DUB,ZRH,29
DUB,AYT,2
DUB,BJV,3
DUB,DLM,2
DUB,IST,17
DUB,ADB,8
DUB,AUH,8
DUB,DXB,16
DUB,ABZ,15
DUB,BHX,67
DUB,BOH,3
DUB,BRS,47
DUB,CWL,8
DUB,EDI,75
DUB,EXT,6
DUB,GLA,58
DUB,INV,4
DUB,LBA,35
DUB,LPL,50
DUB,BQH,1
DUB,LCY,43
DUB,LGW,90
DUB,LHR,138
DUB,LTN,30
DUB,STN,66
DUB,MAN,88
DUB,NCL,26
DUB,NQY,12
DUB,EMA,16
DUB,SOU,14
DUB,ATL,13
DUB,BOS,24
DUB,CLT,8
DUB,ORD,39
DUB,CLE,5
DUB,DFW,8
DUB,LAX,8
DUB,JFK,24
DUB,EWR,24
DUB,MCO,7
DUB,PHL,16
DUB,SFO,9
DUB,SEA,9
DUB,IAD,32
DUB,BDL,8
DBN,NO,0
DUJ,JST,1
DUJ,PIT,22
DUJ,IAD,22
DBV,VIE,13
DBV,BRU,5
DBV,OSI,1
DBV,SPU,2
DBV,ZAG,32
DBV,PRG,5
DBV,CPH,2
DBV,TLL,2
DBV,HEL,10
DBV,BOD,3
DBV,LYS,2
DBV,MRS,2
DBV,NTE,2
DBV,CDG,8
DBV,ORY,4
DBV,TLS,3
DBV,BER,1
DBV,CGN,2
DBV,DUS,2
DBV,FRA,17
DBV,HAM,1
DBV,MUC,15
DBV,STR,1
DBV,ATH,10
DBV,ORK,3
DBV,DUB,13
DBV,BZO,2
DBV,LIN,1
DBV,NAP,3
DBV,FCO,9
DBV,RIX,2
DBV,VNO,2
DBV,LUX,1
DBV,TGD,1
DBV,AMS,3
DBV,RTM,3
DBV,OSL,2
DBV,KTW,1
DBV,WAW,5
DBV,WRO,2
DBV,OTP,1
DBV,BEG,3
DBV,BCN,4
DBV,MAD,8
DBV,ARN,4
DBV,GVA,2
DBV,ZRH,6
DBV,IST,5
DBV,BFS,1
DBV,BHX,5
DBV,BRS,6
DBV,CWL,1
DBV,EDI,5
DBV,GLA,1
DBV,LBA,3
DBV,LGW,31
DBV,LHR,4
DBV,LTN,2
DBV,STN,4
DBV,MAN,9
DBV,NCL,2
DBV,EMA,2
DBV,EWR,4
DBQ,DBQ,1
DBQ,EMP,1
DBQ,FCM,1
DBQ,MCO,2
DBQ,DMO,1
DBQ,RVS,1
DLH,ABR,1
DLH,ORD,16
DLH,DLH,1
DLH,INL,1
DLH,IMT,1
DLH,MKT,2
DLH,MSP,28
DLH,OWD,1
DLH,AUW,1
DGT,CEB,16
DGT,MNL,36
DUM,NO,0
DUC,HDN,0
DND,HAM,1
DND,BHD,3
DND,BHX,1
DND,KOI,2
DND,LHR,13
DND,LSI,2
DUD,AKL,28
DUD,CHC,48
DUD,WLG,21
DNH,PEK,8
DNH,TFU,5
DNH,CKG,3
DNH,HTT,4
DNH,KRL,3
DNH,LHW,51
DNH,LNL,4
DNH,TLQ,4
DNH,XIY,38
DNH,XNN,8
DNH,INC,12
DNH,YZY,8
DQM,MSH,1
DQM,MCT,6
DGO,CJS,4
DGO,GDL,4
DGO,MEX,29
DGO,TIJ,13
DGO,MDW,3
DGO,DFW,8
DRO,ABQ,2
DRO,DFW,24
DRO,DEN,40
DRO,BJC,1
DRO,PHX,23
DRO,TUL,1
DUA,CRP,1
DUA,DAL,1
DUA,QQD,1
DUR,SHO,8
DUR,BFN,10
DUR,CPT,102
DUR,ELS,6
DUR,HLA,31
DUR,JNB,269
DUR,MQP,4
DUR,PLZ,22
DUR,DXB,8
DUR,LUN,2
DUR,HRE,4
DYU,GYD,2
DYU,URC,5
DYU,MUC,1
DYU,DEL,2
DYU,MHD,1
DYU,IKA,1
DYU,ALA,6
DYU,KWI,4
DYU,FRU,1
DYU,CEK,3
DYU,IKT,1
DYU,KZN,8
DYU,KJA,4
DYU,MRV,3
DYU,DME,8
DYU,VKO,24
DYU,ZIA,26
DYU,OVB,6
DYU,REN,1
DYU,KUF,6
DYU,AER,4
DYU,LED,12
DYU,UFA,2
DYU,SVX,9
DYU,JED,10
DYU,LBD,3
DYU,IST,6
DYU,DXB,8
DYU,TAS,5
DUS,TIA,5
DUS,EVN,3
DUS,GRZ,7
DUS,SZG,13
DUS,VIE,52
DUS,BOJ,4
DUS,VAR,5
DUS,BVC,3
DUS,SID,1
DUS,DBV,2
DUS,PUY,2
DUS,RJK,2
DUS,SPU,15
DUS,ZAD,1
DUS,ZAG,2
DUS,LCA,5
DUS,PRG,15
DUS,CPH,39
DUS,MRW,1
DUS,CAI,4
DUS,HRG,18
DUS,RMF,5
DUS,SSH,1
DUS,HEL,13
DUS,BIA,1
DUS,BOD,2
DUS,LYS,6
DUS,MRS,3
DUS,NCE,15
DUS,CDG,45
DUS,TLN,1
DUS,TBS,3
DUS,BER,36
DUS,CGN,1
DUS,DRS,7
DUS,ERF,1
DUS,FRA,36
DUS,HAM,23
DUS,MUC,98
DUS,OBF,1
DUS,STR,1
DUS,GWT,7
DUS,PVK,3
DUS,ATH,19
DUS,CHQ,9
DUS,CFU,15
DUS,HER,40
DUS,KLX,2
DUS,AOK,1
DUS,KVA,6
DUS,EFL,1
DUS,KGS,19
DUS,JMK,2
DUS,GPA,2
DUS,RHO,20
DUS,SMI,3
DUS,JTR,1
DUS,JSI,2
DUS,SKG,17
DUS,VOL,1
DUS,ZTH,4
DUS,BUD,14
DUS,KEF,6
DUS,EBL,3
DUS,DUB,20
DUS,TLV,2
DUS,BRI,3
DUS,BLQ,9
DUS,BZO,6
DUS,BDS,1
DUS,CAG,3
DUS,CTA,10
DUS,SUF,6
DUS,BGY,7
DUS,LIN,13
DUS,MXP,16
DUS,NAP,8
DUS,OLB,12
DUS,PMO,3
DUS,FCO,14
DUS,VCE,10
DUS,VRN,3
DUS,JER,1
DUS,PRN,16
DUS,RIX,7
DUS,BEY,7
DUS,MLA,4
DUS,KIV,4
DUS,TIV,1
DUS,AGA,1
DUS,AMS,38
DUS,GRQ,1
DUS,LEY,1
DUS,BGO,1
DUS,OSL,18
DUS,TOS,1
DUS,GDN,3
DUS,KRK,3
DUS,WAW,19
DUS,WRO,2
DUS,FAO,14
DUS,FNC,6
DUS,LIS,22
DUS,OPO,4
DUS,DOH,8
DUS,OTP,4
DUS,SCV,1
DUS,BEG,10
DUS,LJU,1
DUS,ALC,14
DUS,LEI,1
DUS,BCN,26
DUS,BIO,7
DUS,FUE,15
DUS,LPA,14
DUS,IBZ,17
DUS,XRY,8
DUS,SPC,2
DUS,ACE,5
DUS,MAD,31
DUS,MAH,5
DUS,AGP,24
DUS,PMI,119
DUS,TFS,13
DUS,VLC,8
DUS,GOT,10
DUS,ARN,24
DUS,GVA,4
DUS,ZRH,49
DUS,DJE,7
DUS,MIR,5
DUS,TUN,8
DUS,ADA,6
DUS,ESB,13
DUS,AYT,101
DUS,BJV,4
DUS,DLM,5
DUS,DIY,3
DUS,EDO,1
DUS,EZS,2
DUS,GZT,4
DUS,IST,31
DUS,SAW,40
DUS,ADB,26
DUS,ASR,10
DUS,KYA,2
DUS,KZR,2
DUS,OGU,1
DUS,SZF,5
DUS,TZX,5
DUS,ONQ,8
DUS,DXB,16
DUS,BHX,17
DUS,EDI,5
DUS,LCY,20
DUS,LHR,57
DUS,MAN,16
DUS,NCL,2
DUS,NQY,1
DUS,NHT,1
DUS,ATL,4
DZA,AJN,5
DZA,HAH,6
DZA,CDG,5
DZA,NBO,8
DZA,DIE,2
DZA,MJN,4
DZA,NOS,3
DZA,POL,2
DZA,RUN,17
DZA,DAR,1
DBB,AMM,1
DWH,QQG,1
DWH,COS,0
DWH,CXO,1
DWH,DAL,1
DWH,HBG,1
DWH,QQZ,1
DWH,STL,1
DWH,RVS,1
DJB,BTH,15
DJB,CGK,74
DJJ,BIK,17
DJJ,DEX,24
DJJ,CGK,12
DJJ,UPG,26
DJJ,MKW,12
DJJ,MKQ,20
DJJ,NBX,16
DJJ,OKL,31
DJJ,ZRI,7
DJJ,SOQ,8
DJJ,TMH,8
DJJ,TIM,36
DJJ,WMX,201
DRP,CEB,16
DRP,MNL,66
DXE,GPT,1
DXE,MOB,0
DXE,ECP,1
DME,EVN,36
DME,GYD,21
DME,GNJ,3
DME,LLK,2
DME,BAH,8
DME,MSQ,36
DME,CAI,17
DME,ADD,5
DME,KUT,4
DME,TLV,7
DME,KWI,13
DME,FRU,18
DME,OSS,21
DME,IKU,3
DME,CMN,4
DME,ABA,8
DME,ARH,3
DME,BAX,16
DME,OGZ,32
DME,BQS,24
DME,BTK,8
DME,UUA,4
DME,CEK,16
DME,CEE,8
DME,HTA,24
DME,NER,5
DME,RGK,15
DME,GRV,24
DME,IKT,37
DME,IJK,24
DME,KGD,79
DME,KZN,30
DME,KEJ,8
DME,KJA,12
DME,KRO,8
DME,KYZ,6
DME,MCX,51
DME,MRV,46
DME,MJZ,3
DME,MMK,16
DME,NYM,7
DME,GOJ,8
DME,NSK,23
DME,NOZ,8
DME,OVB,61
DME,NUX,16
DME,NOJ,4
DME,OMS,24
DME,PEZ,32
DME,PEE,16
DME,PES,8
DME,SBT,1
DME,SLY,8
DME,KUF,18
DME,GSV,16
DME,AER,152
DME,LED,78
DME,RMZ,3
DME,TOF,8
DME,UFA,35
DME,UUD,32
DME,VOG,24
DME,SVX,54
DME,DYU,8
DME,LBD,20
DME,TJU,16
DME,ADA,3
DME,AYT,41
DME,DLM,2
DME,IST,21
DME,ADB,1
DME,ASB,10
DME,AUH,7
DME,DXB,24
DME,SHJ,25
DME,BHK,5
DME,FEG,3
DME,KSQ,1
DME,NMA,6
DME,NVI,2
DME,NCU,2
DME,SKD,4
DME,TAS,34
DME,UGC,10
DGE,SYD,6
DNA,NO,0
DSN,PEK,16
DSN,PKX,24
DSN,CGQ,8
DSN,CSX,5
DSN,CZX,4
DSN,TFU,15
DSN,CKG,11
DSN,DLC,8
DSN,EHU,5
DSN,HDG,8
DSN,HGH,8
DSN,HRB,5
DSN,HFE,8
DSN,HZA,2
DSN,HET,7
DSN,TNA,8
DSN,JNG,8
DSN,KMG,8
DSN,LHW,8
DSN,LFQ,5
DSN,NKG,16
DSN,NNY,5
DSN,TAO,8
DSN,PVG,12
DSN,SJW,12
DSN,WDS,3
DSN,TYN,8
DSN,WUH,8
DSN,WHA,6
DSN,XIY,39
DSN,XIL,8
DSN,XNN,8
DSN,ENY,5
DSN,YNT,8
DSN,INC,5
DSN,CGO,18
DVT,TLC,1
DVT,BLI,1
DVT,BRO,1
DVT,CGZ,1
DVT,OLS,1
DVT,RAL,1
DVT,SBA,1
DVT,SGR,1
DVT,TEX,1
DVT,IAD,1
DCF,NO,0
DIG,TFU,6
DIG,CKG,4
DIG,CAN,5
DIG,KMG,38
DIG,LXA,7
DTN,NO,0
DTB,BTH,2
DTB,HLP,6
DTB,CGK,35
DGX,NO,0
DMB,ALA,8
DMB,NQZ,8
DMB,GUW,2
DLS,YKM,1
DUT,KQA,7
DUT,ANC,48
DUT,AKB,2
DUT,IKO,1
DUT,STG,1
DCA,NAS,8
DCA,YHZ,1
DCA,YUL,24
DCA,YOW,8
DCA,YYZ,47
DCA,SJU,8
DCA,CAK,8
DCA,ALB,30
DCA,ATW,1
DCA,AVL,8
DCA,ATL,155
DCA,ACY,1
DCA,AGS,8
DCA,AUS,8
DCA,BWI,0
DCA,BGR,24
DCA,BTR,8
DCA,BED,2
DCA,XNA,7
DCA,BHM,22
DCA,BOS,224
DCA,BUF,23
DCA,BTV,32
DCA,CID,8
DCA,CHS,38
DCA,CRW,8
DCA,CLT,60
DCA,CHA,7
DCA,MDW,48
DCA,ORD,139
DCA,CVG,46
DCA,CLE,37
DCA,CAE,22
DCA,CMH,45
DCA,DFW,69
DCA,DAL,37
DCA,DAY,29
DCA,DEN,32
DCA,DSM,16
DCA,VPS,9
DCA,DTW,62
DCA,FLL,56
DCA,GRR,14
DCA,GSO,22
DCA,GSP,24
DCA,HHH,9
DCA,IAH,46
DCA,HOU,23
DCA,HSV,29
DCA,IND,46
DCA,JAN,8
DCA,JAX,31
DCA,MCI,44
DCA,EYW,8
DCA,TYS,22
DCA,LAN,8
DCA,LAS,8
DCA,LEX,7
DCA,LIT,8
DCA,LAX,32
DCA,SDF,23
DCA,MSN,15
DCA,MHT,23
DCA,MVY,3
DCA,MEM,31
DCA,MIA,67
DCA,MKE,15
DCA,MSP,56
DCA,MGM,7
DCA,MYR,8
DCA,ACK,8
DCA,BNA,71
DCA,EWN,1
DCA,MSY,40
DCA,JFK,48
DCA,LGA,110
DCA,EWR,73
DCA,PHF,1
DCA,ORF,38
DCA,NTU,1
DCA,OKC,15
DCA,OMA,15
DCA,MCO,89
DCA,ECP,9
DCA,PNS,16
DCA,PHL,36
DCA,PHX,24
DCA,PIT,54
DCA,PDX,8
DCA,PWM,23
DCA,PVD,60
DCA,RDU,68
DCA,ROC,23
DCA,SLC,8
DCA,SFO,16
DCA,SRQ,8
DCA,SAV,16
DCA,SEA,16
DCA,RSW,24
DCA,STL,52
DCA,SYR,23
DCA,TLH,8
DCA,TPA,49
DCA,TVC,2
DCA,TUL,8
DCA,ALO,1
DCA,PBI,33
DCA,HPN,37
DCA,ILM,16
DCA,BDL,44
DCA,ORH,1
DEE,UUS,8
DZN,ALA,6
DZN,NQZ,8
DZN,KGF,0
