Departure,Arrival,Number of flights
EJH,JED,2
EJH,RUH,2
ELQ,BAH,5
ELQ,SJJ,2
ELQ,CAI,31
ELQ,HMB,3
ELQ,KWI,3
ELQ,MUX,1
ELQ,DOH,8
ELQ,DMM,6
ELQ,JED,32
ELQ,RUH,16
ELQ,DXB,7
ELQ,SHJ,9
EDF,NO,0
ESB,KBL,1
ESB,VIE,11
ESB,GYD,13
ESB,BRU,3
ESB,CDG,2
ESB,ORY,2
ESB,TBS,4
ESB,BER,5
ESB,CGN,7
ESB,DUS,13
ESB,FRA,10
ESB,HAM,1
ESB,HAJ,1
ESB,MUC,8
ESB,STR,5
ESB,IKA,14
ESB,BGW,5
ESB,EBL,8
ESB,KIK,2
ESB,AMM,16
ESB,ALA,5
ESB,NQZ,4
ESB,FRU,5
ESB,AMS,2
ESB,WAW,1
ESB,DOH,8
ESB,OTP,2
ESB,VKO,8
ESB,JED,9
ESB,MED,6
ESB,BEG,7
ESB,BCN,1
ESB,ARN,3
ESB,ZRH,2
ESB,ADA,24
ESB,ADF,8
ESB,AJI,8
ESB,HTY,8
ESB,AYT,67
ESB,BAL,11
ESB,BGG,4
ESB,BJV,35
ESB,CKZ,8
ESB,DLM,31
ESB,DIY,24
ESB,EDO,4
ESB,EZS,16
ESB,ECN,41
ESB,ERC,8
ESB,ERZ,17
ESB,GZT,23
ESB,GZP,6
ESB,IGD,8
ESB,IST,114
ESB,ISL,2
ESB,SAW,98
ESB,ADB,60
ESB,KCM,6
ESB,KSY,8
ESB,MLX,11
ESB,MQM,8
ESB,MSR,8
ESB,OGU,12
ESB,RZV,16
ESB,SZF,7
ESB,GNY,12
ESB,SXZ,2
ESB,NKT,10
ESB,TEQ,2
ESB,TZX,23
ESB,VAN,23
ESB,YKO,5
ESB,AUH,4
ESB,DXB,4
ESB,STN,4
ESB,TAS,1
EDC,ELP,1
EDC,QTA,1
EDC,LBB,1
EDC,SJT,1
EJA,BOG,27
EIS,ANU,14
EIS,DOM,2
EIS,SDQ,12
EIS,SXM,22
EIS,SIG,1
EIS,SJU,98
EIS,SKB,1
EIS,MIA,9
EIS,STT,21
EGO,KGD,2
EGO,VKO,19
EGO,AER,1
EYK,EZV,1
EYK,HMA,4
EYK,KJA,1
EYK,NYA,4
EYK,OVS,1
EYK,SGC,2
EYK,TJM,2
EYK,SVX,2
EGC,CRL,3
EGC,BOD,1
EGC,RTM,5
EGC,OPO,2
EGC,BHX,1
EGC,BOH,3
EGC,BRS,2
EGC,LBA,1
EGC,LPL,2
EGC,LCY,0
EGC,STN,6
EGC,MAN,1
EGC,EMA,4
EGC,SOU,1
EZV,EYK,1
EZV,IRM,2
EZV,HMA,6
EZV,TJM,2
ESH,NO,0
EZE,BHI,2
EZE,CTC,1
EZE,CRD,6
EZE,COR,14
EZE,CNQ,1
EZE,FTE,11
EZE,JUJ,14
EZE,MDZ,17
EZE,NQN,13
EZE,PSS,5
EZE,IGR,25
EZE,PMY,1
EZE,RES,1
EZE,RGL,2
EZE,RGA,3
EZE,ROS,2
EZE,SLA,16
EZE,BRC,37
EZE,UAQ,1
EZE,CPC,2
EZE,SDE,1
EZE,REL,6
EZE,TUC,9
EZE,USH,21
EZE,CBB,1
EZE,VVI,11
EZE,VCP,1
EZE,FLN,3
EZE,MCZ,1
EZE,NAT,1
EZE,GIG,28
EZE,GRU,37
EZE,SCL,58
EZE,BOG,16
EZE,CCC,3
EZE,PUJ,6
EZE,UIO,8
EZE,CDG,8
EZE,FRA,10
EZE,FCO,13
EZE,CUN,3
EZE,MEX,8
EZE,AMS,8
EZE,PTY,32
EZE,ASU,5
EZE,LIM,32
EZE,BCN,6
EZE,MAD,33
EZE,LHR,5
EZE,ATL,8
EZE,DFW,5
EZE,IAH,8
EZE,MIA,27
EZE,JFK,11
EZE,MVD,2
EEA,VCP,5
EGE,BZN,1
EGE,ADS,1
EGE,DFW,16
EGE,APA,2
EGE,DEN,24
EGE,RIL,1
EGE,JAC,1
EGE,MWC,1
EGE,LOT,1
EGE,SNA,1
EGE,BFI,1
EGE,VNY,4
EAA,FAI,5
EGV,PWK,1
ELS,CPT,17
ELS,DUR,6
ELS,JNB,54
ESN,ACY,1
ESN,SSI,1
ESN,WWD,1
ESN,PWK,1
ESN,FRG,0
ESN,SBY,1
ESN,TPA,1
ESN,IAD,1
ESD,BYW,30
ESD,FRD,18
ESD,RCE,15
ESD,BFI,25
EAU,QQK,1
EAU,IFP,0
EAU,FMY,1
EAU,GRR,1
EAU,TYQ,1
EAU,MCI,1
EAU,MKT,1
EAU,MSP,3
EAU,MCO,2
ECH,NO,0
EOI,NO,0
EDE,PHN,1
EDI,VIE,2
EDI,BRU,8
EDI,CRL,8
EDI,SOF,4
EDI,YYC,3
EDI,YYZ,7
EDI,DBV,5
EDI,SPU,1
EDI,ZAD,3
EDI,LCA,2
EDI,PFO,6
EDI,PRG,6
EDI,BLL,4
EDI,CPH,16
EDI,FAE,2
EDI,HEL,6
EDI,BSL,6
EDI,BZR,2
EDI,BOD,4
EDI,CCF,2
EDI,LYS,3
EDI,MRS,3
EDI,NTE,2
EDI,NCE,8
EDI,FNI,3
EDI,BVA,2
EDI,CDG,35
EDI,ORY,2
EDI,PIS,2
EDI,TLS,3
EDI,BER,13
EDI,CGN,8
EDI,DUS,5
EDI,FRA,20
EDI,HAM,6
EDI,MUC,7
EDI,NRN,5
EDI,PVK,1
EDI,ATH,5
EDI,CFU,6
EDI,HER,6
EDI,KGS,2
EDI,RHO,5
EDI,JTR,2
EDI,JSI,1
EDI,SKG,1
EDI,ZTH,2
EDI,BUD,7
EDI,KEF,3
EDI,ORK,9
EDI,DUB,76
EDI,NOC,2
EDI,SNN,5
EDI,IOM,6
EDI,BRI,2
EDI,BLQ,3
EDI,CTA,2
EDI,FLR,3
EDI,BGY,4
EDI,MXP,4
EDI,NAP,6
EDI,PMO,2
EDI,PSA,3
EDI,CIA,8
EDI,TRN,2
EDI,VCE,6
EDI,VRN,0
EDI,JER,2
EDI,RIX,3
EDI,KUN,3
EDI,MLA,3
EDI,CUN,0
EDI,RAK,3
EDI,AMS,45
EDI,EIN,2
EDI,RTM,4
EDI,BGO,4
EDI,OSL,10
EDI,SVG,3
EDI,GDN,8
EDI,KRK,7
EDI,POZ,2
EDI,WAW,1
EDI,WMI,5
EDI,WRO,2
EDI,FAO,16
EDI,FNC,1
EDI,LIS,6
EDI,OPO,4
EDI,DOH,11
EDI,OTP,4
EDI,BTS,3
EDI,ALC,17
EDI,BCN,14
EDI,FUE,6
EDI,LPA,6
EDI,IBZ,6
EDI,ACE,11
EDI,MAD,14
EDI,MAH,2
EDI,AGP,11
EDI,PMI,23
EDI,REU,3
EDI,SDR,2
EDI,SCQ,2
EDI,SVQ,2
EDI,TFS,21
EDI,VLC,3
EDI,GOT,2
EDI,ARN,10
EDI,GVA,12
EDI,ZRH,6
EDI,AYT,12
EDI,BJV,4
EDI,DLM,9
EDI,IST,8
EDI,ADB,1
EDI,ABZ,1
EDI,BHD,29
EDI,BFS,44
EDI,BHX,16
EDI,BOH,4
EDI,BRS,34
EDI,CWL,7
EDI,EXT,8
EDI,INV,2
EDI,KOI,21
EDI,LBA,1
EDI,LCY,62
EDI,LGW,40
EDI,LHR,88
EDI,LTN,26
EDI,STN,43
EDI,NCL,1
EDI,NQY,6
EDI,EMA,2
EDI,NHT,1
EDI,SOU,30
EDI,SYY,8
EDI,LSI,14
EDI,ATL,9
EDI,BOS,8
EDI,ORD,8
EDI,MLB,1
EDI,JFK,8
EDI,EWR,16
EDI,IAD,8
EDO,DUS,1
EDO,JED,2
EDO,ESB,4
EDO,IST,9
EDO,SAW,18
EDO,SZF,1
EEK,BET,10
EEK,KWN,3
EGS,RKV,25
ETM,TLV,54
EIN,TIA,6
EIN,VIE,5
EIN,TZL,2
EIN,SOF,13
EIN,VAR,3
EIN,RJK,2
EIN,ZAD,2
EIN,ZAG,2
EIN,PRG,5
EIN,CPH,4
EIN,HRG,2
EIN,BOD,3
EIN,CEQ,1
EIN,MRS,4
EIN,NCE,7
EIN,BER,1
EIN,ATH,6
EIN,CFU,1
EIN,HER,9
EIN,KGS,4
EIN,RHO,5
EIN,SKG,3
EIN,ZTH,2
EIN,BUD,12
EIN,DEB,2
EIN,DUB,4
EIN,BLQ,7
EIN,BDS,3
EIN,CTA,4
EIN,BGY,12
EIN,NAP,3
EIN,PSA,10
EIN,FCO,16
EIN,TSF,3
EIN,VNO,7
EIN,MLA,3
EIN,FEZ,2
EIN,RAK,6
EIN,NDR,2
EIN,OUD,3
EIN,AMS,2
EIN,EIN,1
EIN,SKP,5
EIN,GDN,7
EIN,KTW,8
EIN,KRK,11
EIN,WAW,4
EIN,WMI,5
EIN,WRO,6
EIN,FAO,18
EIN,LIS,10
EIN,OPO,8
EIN,OTP,8
EIN,CLJ,4
EIN,IAS,2
EIN,SCV,2
EIN,BEG,8
EIN,BTS,2
EIN,ALC,20
EIN,BCN,12
EIN,BIO,4
EIN,GRO,5
EIN,LPA,5
EIN,IBZ,19
EIN,ACE,2
EIN,MAD,4
EIN,AGP,22
EIN,PMI,13
EIN,REU,6
EIN,SVQ,5
EIN,TFS,7
EIN,VLC,19
EIN,AYT,7
EIN,SAW,3
EIN,ADB,1
EIN,EDI,2
EIN,STN,24
EIN,MAN,3
ERN,TBT,3
EIB,NO,0
EUN,AGA,2
EUN,CMN,18
EUN,VIL,3
EUN,LPA,7
EBG,NO,0
ELD,BED,1
ELD,DFW,16
ELD,HRO,1
ELD,HOT,0
ELD,LIT,1
ELD,MEM,4
ELF,KRT,9
ELF,UYL,4
EMT,QTC,1
EMT,HSH,1
EMT,OXR,1
ENI,CRK,3
ENI,USU,3
ENI,MPH,5
ENI,CEB,5
ENI,MNL,60
ENI,TAG,3
EBD,NO,0
ELU,ALG,11
ELU,AAE,1
ELU,CZL,2
ELU,DJG,2
ELU,VVZ,1
ELU,ORN,2
ELU,TMR,1
ELU,CDG,1
EPA,NO,0
ELP,YHU,1
ELP,SAL,1
ELP,TLC,1
ELP,AEX,1
ELP,ALE,1
ELP,AMA,1
ELP,ATL,16
ELP,AUS,37
ELP,BOI,1
ELP,BUR,2
ELP,ORD,8
ELP,CVG,1
ELP,ADS,4
ELP,DFW,64
ELP,DAL,39
ELP,DEN,42
ELP,YIP,1
ELP,IAH,41
ELP,HOU,24
ELP,IND,2
ELP,MCI,1
ELP,LAS,28
ELP,LAX,31
ELP,SDF,6
ELP,LBB,1
ELP,MEM,3
ELP,MLI,1
ELP,MRY,1
ELP,OKC,1
ELP,ONT,2
ELP,PEQ,1
ELP,PHX,52
ELP,PTK,3
ELP,ROW,1
ELP,SJT,1
ELP,SAT,18
ELP,SAN,8
ELP,SEA,8
ELP,SVC,1
ELP,SUS,1
EZS,CGN,0
EZS,DUS,3
EZS,FRA,1
EZS,HAJ,1
EZS,STR,1
EZS,MED,1
EZS,ESB,16
EZS,IST,24
EZS,SAW,16
EZS,ADB,2
EBA,FLR,9
EBA,LIN,4
EBA,PSA,6
EBA,QIU,1
ELC,DRW,5
ELC,MNG,2
ELC,MGT,1
EDL,KIS,6
EDL,LOK,18
EDL,MBA,2
EDL,NBO,41
EDL,WIL,23
ELI,GLV,7
ELI,OME,12
ESL,NO,0
ECG,ECG,1
ECG,HPN,1
EKX,CKV,0
EKX,PTK,1
EKX,SHD,1
ELK,DWH,1
EKI,JZI,1
EKI,ENW,1
EKO,ELY,1
EKO,SLC,10
ELN,NO,0
ELM,BED,1
ELM,BOS,1
ELM,BUF,1
ELM,CDW,1
ELM,CLT,1
ELM,DTW,16
ELM,FRG,1
ELM,LAX,1
ELM,MMU,2
ELM,SFB,2
ELM,ROC,2
ELM,PIE,2
ELM,SYR,5
ELM,TEB,1
ELY,EKO,1
ELY,SLC,2
EME,BWE,1
EMD,BNE,39
EMD,MOV,1
EMD,MCY,1
EMK,AUK,11
EMK,ANC,4
EMK,BET,1
EMK,KOT,11
EMK,SXP,9
ENE,KOE,24
ENE,LBJ,8
ENK,NO,0
ENF,NO,0
ENS,LUX,1
ENS,BMA,1
ESE,NO,0
ENH,PKX,8
ENH,FOC,5
ENH,CAN,8
ENH,KWE,8
ENH,HAK,3
ENH,HGH,11
ENH,KMG,5
ENH,LHW,13
ENH,KHN,0
ENH,NKG,3
ENH,PVG,4
ENH,SZX,8
ENH,TSN,5
ENH,WNZ,8
ENH,WUH,48
ENH,XIY,11
ENH,XNN,8
ENH,INC,0
ENH,CGO,3
ENH,ZUH,3
EBB,BRU,8
EBB,LGG,0
EBB,BJM,5
EBB,BGF,2
EBB,FIH,6
EBB,CAI,5
EBB,ADD,24
EBB,KIS,5
EBB,MRE,3
EBB,MBA,5
EBB,NBO,68
EBB,AMS,7
EBB,DOH,5
EBB,KGL,16
EBB,MGQ,4
EBB,JNB,11
EBB,JUB,14
EBB,DAR,5
EBB,JRO,4
EBB,SEU,4
EBB,ZNZ,2
EBB,IST,10
EBB,RUA,2
EBB,KHX,8
EBB,MBQ,16
EBB,PAF,22
EBB,DXB,25
EBB,SHJ,8
ETS,NO,0
ENU,ADD,5
ENU,ABV,22
ENU,LOS,36
EPL,ETZ,1
EPL,RTM,1
EBL,EVN,1
EBL,VIE,7
EBL,GYD,2
EBL,CPH,2
EBL,CAI,6
EBL,CGN,2
EBL,DUS,3
EBL,FRA,4
EBL,HAJ,2
EBL,MUC,1
EBL,IKA,3
EBL,IQA,2
EBL,NJF,3
EBL,BGW,20
EBL,BSR,8
EBL,AMM,15
EBL,BEY,7
EBL,AMS,2
EBL,DOH,16
EBL,JED,7
EBL,ALP,2
EBL,DAM,11
EBL,ESB,8
EBL,AYT,5
EBL,IST,28
EBL,SAW,19
EBL,DXB,13
EBL,DWC,1
EBL,SHJ,8
ECN,ADA,38
ECN,ESB,41
ECN,AYT,25
ECN,DIY,3
ECN,GZT,14
ECN,IST,56
ECN,SAW,80
ECN,ADB,18
ECN,ASR,4
ECN,TZX,2
ERM,NO,0
ERL,BAV,5
ERL,PKX,8
ERL,CIF,8
ERL,HET,19
ERL,NZH,5
ERL,TGO,3
ERL,XIL,8
ERF,SZG,1
ERF,FRA,1
ERF,HER,2
ERF,BGY,1
ERF,TRN,1
ERF,RIX,1
ERF,AYT,3
ERI,CAK,1
ERI,BED,1
ERI,CLT,16
ERI,CLE,1
ERI,PIT,1
ERI,PTK,1
ERI,IAD,1
ERI,BJJ,1
ERI,YNG,1
ERH,CMN,10
ERC,JED,0
ERC,ESB,8
ERC,IST,16
ERC,SAW,13
ERZ,JED,1
ERZ,MED,2
ERZ,ESB,17
ERZ,YEI,3
ERZ,IST,24
ERZ,SAW,25
ERZ,ADB,4
ERZ,ASR,1
EBJ,GRQ,1
EBJ,SVG,7
EBJ,ABZ,6
EBJ,EDI,1
EBJ,HUY,4
ESC,DTW,8
ESC,IMT,8
ESC,MKE,2
EKT,VST,1
ESM,NO,0
EPR,PER,24
EQS,AEP,7
ESU,CRL,2
ESU,BOD,2
ESU,MRS,2
ESU,ORY,2
ESU,MAD,2
ESU,STN,2
ESS,CGN,1
ESS,ZRH,1
EUA,TBU,11
EUG,BUR,10
EUG,DFW,8
EUG,DEN,24
EUG,LAS,10
EUG,LAX,10
EUG,OAK,16
EUG,OLM,1
EUG,AZA,3
EUG,PHX,9
EUG,PDX,3
EUG,SLC,17
EUG,SAN,3
EUG,SFO,24
EUG,SJC,8
EUG,SNA,2
EUG,SEA,62
EKA,UKI,2
EVV,ATL,20
EVV,CRW,1
EVV,CLT,24
EVV,DFW,24
EVV,VPS,2
EVV,MEM,1
EVV,SFB,2
EVV,FSD,1
EVM,NO,0
EVX,NO,0
EXT,PFO,1
EXT,CGN,1
EXT,MUC,1
EXT,CFU,2
EXT,HER,1
EXT,RHO,3
EXT,ZTH,2
EXT,GCI,5
EXT,DUB,5
EXT,JER,8
EXT,FAO,3
EXT,ALC,2
EXT,ACE,1
EXT,MAH,2
EXT,AGP,2
EXT,PMI,5
EXT,DLM,2
EXT,BHD,8
EXT,EDI,10
EXT,GLA,5
EXT,ISC,23
EXT,LEQ,1
EXT,NCL,5
EXT,EMA,1
EXT,SOU,1
EHU,PKX,3
EHU,TFU,8
EHU,CKG,5
EHU,DLC,5
EHU,CAN,8
EHU,HAK,3
EHU,HRB,3
EHU,HET,3
EHU,KMG,4
EHU,NGB,3
EHU,DSN,5
EHU,TAO,4
EHU,PVG,8
EHU,WNZ,5
EHU,XMN,3
EHU,ZUH,3
EGN,KRT,15
EVE,ANX,21
EVE,BGO,2
EVE,BOO,21
EVE,OLA,2
EVE,OSL,54
EVE,TRD,8
EVE,BZZ,1
EFD,GPT,1
EAR,BIE,1
EAR,DEN,13
EAR,DDC,1
EAR,BNA,1
EAR,OMA,2
EEN,LWM,1
EFL,GRZ,0
EFL,LNZ,1
EFL,VIE,2
EFL,PRG,4
EFL,ORY,3
EFL,DUS,1
EFL,FRA,1
EFL,MUC,1
EFL,PVK,4
EFL,ATH,26
EFL,AOK,1
EFL,ZTH,4
EFL,BUD,0
EFL,BGY,6
EFL,NAP,1
EFL,PSA,2
EFL,FCO,2
EFL,AMS,2
EFL,POZ,1
EFL,OTP,2
EFL,BTS,1
EFL,BHX,7
EFL,BOH,1
EFL,BRS,7
EFL,CWL,1
EFL,GLA,2
EFL,LBA,4
EFL,LGW,16
EFL,LHR,3
EFL,STN,11
EFL,MAN,16
EFL,NCL,3
EFL,EMA,5
ENA,ANC,138
ENA,HOM,1
ENW,DPA,1
ENW,FNL,1
ENW,GRR,1
ENW,QTB,1
ENW,LAS,1
ENW,MBL,1
ENW,SUS,1
ERV,GUC,1
ERV,FCM,1
ERV,RKD,1
EYW,BIM,0
EYW,AEX,1
EYW,AVL,2
EYW,ATL,32
EYW,CLT,24
EYW,CVG,2
EYW,DFW,8
EYW,DAB,1
EYW,APA,1
EYW,FLL,11
EYW,IND,1
EYW,MIA,29
EYW,NEW,0
EYW,EWR,8
EYW,MCO,14
EYW,SFB,1
EYW,PHL,8
EYW,PIT,2
EYW,PIE,2
EYW,TPA,17
EYW,DCA,8
EDM,BOD,1
EDM,LIL,2
EDM,MPL,1
EDM,NCE,1
EDM,LBG,1
EDM,LUX,1
EOH,APO,55
EOH,AXM,11
EOH,BSC,13
EOH,BOG,38
EOH,BGA,11
EOH,CLO,8
EOH,CZU,4
EOH,CUC,2
EOH,IBE,11
EOH,MZL,11
EOH,MTR,24
EOH,NVA,3
EOH,NQU,5
EOH,RON,5
EOH,PSO,2
EOH,PEI,29
EOH,UIB,69
EOH,TLU,14
EOH,VUP,2
EOH,VVC,7
ETZ,ALG,6
ETZ,CZL,3
ETZ,ORN,1
ETZ,BLL,1
ETZ,EPL,1
ETZ,MRS,13
ETZ,TLS,8
ETZ,LUX,1
ETZ,CMN,2
EAM,DMM,16
EAM,JED,20
EAM,RUH,40
EAM,DXB,3
ENC,SXB,1
EUM,NO,0
EWB,OSU,1
EWB,BHB,1
EWB,ISP,1
EWB,MVY,5
EWB,ACK,6
EWB,PVD,1
EWB,WVL,1
EWN,PDK,1
EWN,CGE,1
EWN,CLT,41
EWN,OCE,1
EWN,DCA,1
EWN,ILM,1
EWR,ANU,1
EWR,AUA,16
EWR,VIE,8
EWR,NAS,16
EWR,BRU,8
EWR,BZE,1
EWR,BDA,14
EWR,GRU,8
EWR,YYC,8
EWR,YHZ,8
EWR,YUL,56
EWR,YOW,32
EWR,YQB,16
EWR,YTZ,0
EWR,YYZ,125
EWR,YVR,24
EWR,GCM,1
EWR,BOG,16
EWR,LIR,3
EWR,SJO,17
EWR,DBV,4
EWR,HAV,8
EWR,AAL,3
EWR,CPH,9
EWR,POP,2
EWR,PUJ,25
EWR,STI,32
EWR,SDQ,32
EWR,CAI,3
EWR,SAL,1
EWR,NCE,11
EWR,CDG,26
EWR,ORY,15
EWR,BER,8
EWR,FRA,24
EWR,MUC,16
EWR,ATH,16
EWR,GUA,1
EWR,SAP,1
EWR,KEF,8
EWR,DEL,12
EWR,BOM,3
EWR,DUB,24
EWR,SNN,9
EWR,TLV,29
EWR,MXP,13
EWR,NAP,8
EWR,FCO,16
EWR,VCE,8
EWR,MBJ,16
EWR,HND,8
EWR,NRT,8
EWR,CUN,40
EWR,MEX,16
EWR,PVR,1
EWR,SJD,2
EWR,AMS,8
EWR,BON,1
EWR,SXM,2
EWR,OSL,8
EWR,PTY,8
EWR,LIM,8
EWR,KRK,1
EWR,RZE,1
EWR,WAW,6
EWR,LIS,24
EWR,PDL,6
EWR,OPO,16
EWR,BQN,8
EWR,SJU,55
EWR,UVF,1
EWR,SIN,8
EWR,CPT,3
EWR,JNB,8
EWR,ICN,4
EWR,BCN,8
EWR,MAD,8
EWR,AGP,3
EWR,PMI,4
EWR,TFS,3
EWR,GOT,4
EWR,ARN,16
EWR,GVA,8
EWR,ZRH,16
EWR,LFW,6
EWR,IST,8
EWR,PLS,2
EWR,DXB,8
EWR,EDI,16
EWR,LHR,72
EWR,ALB,27
EWR,ANC,8
EWR,AVL,19
EWR,ATL,130
EWR,AUS,55
EWR,AVP,16
EWR,BWI,3
EWR,BGR,24
EWR,BOS,88
EWR,BZN,2
EWR,BUF,32
EWR,BTV,25
EWR,CHS,39
EWR,CLT,99
EWR,MDW,1
EWR,ORD,120
EWR,RFD,3
EWR,CVG,60
EWR,CLE,55
EWR,CMH,46
EWR,CSG,1
EWR,DFW,93
EWR,APA,1
EWR,DEN,72
EWR,DSM,2
EWR,VPS,2
EWR,DTW,85
EWR,YIP,1
EWR,FLL,96
EWR,GRR,26
EWR,GSO,24
EWR,GSP,23
EWR,GPT,0
EWR,MDT,18
EWR,HHH,8
EWR,HNL,8
EWR,IAH,79
EWR,HOU,1
EWR,IND,61
EWR,ITH,16
EWR,JAC,2
EWR,JAX,24
EWR,MCI,16
EWR,EYW,8
EWR,TYS,3
EWR,LAS,71
EWR,LAX,142
EWR,SDF,31
EWR,MSN,8
EWR,MHT,16
EWR,MEM,24
EWR,MIA,76
EWR,MKE,24
EWR,MSP,61
EWR,MYR,24
EWR,ACK,17
EWR,APF,1
EWR,BNA,55
EWR,MSY,24
EWR,PHF,1
EWR,ORF,30
EWR,OAK,10
EWR,ONT,2
EWR,OGB,1
EWR,MCO,149
EWR,PHL,17
EWR,PHX,48
EWR,AGC,1
EWR,PIT,63
EWR,PDX,23
EWR,PWM,40
EWR,PQI,16
EWR,PVD,25
EWR,RDU,60
EWR,RIC,41
EWR,ROC,38
EWR,SMF,8
EWR,SLC,24
EWR,SAT,16
EWR,SAN,39
EWR,SFO,95
EWR,SNA,24
EWR,SRQ,16
EWR,SAV,27
EWR,SEA,55
EWR,RSW,39
EWR,STL,32
EWR,SCE,16
EWR,SYR,24
EWR,TPA,56
EWR,TEB,2
EWR,TVC,8
EWR,VCV,1
EWR,IAD,46
EWR,DCA,73
EWR,PBI,56
EWR,FOK,1
EWR,HPN,2
EWR,ILM,16
EWR,BDL,1
EWR,STT,2
ECS,NO,0
EFK,NO,0
EWK,NO,0
ELH,NAS,56
ELH,BDA,1
ELH,ATL,6
ELH,CLT,8
ELH,FXE,2
ELH,FLL,14
ELH,MIA,17
ELH,MCO,1
ELH,SUA,1
ELH,PBI,1
EMA,GYD,1
EMA,BAH,1
EMA,BOJ,1
EMA,DBV,2
EMA,LCA,6
EMA,PFO,8
EMA,CPH,1
EMA,HRG,2
EMA,SSH,2
EMA,EGC,4
EMA,CCF,3
EMA,DNR,1
EMA,LIG,2
EMA,MRS,3
EMA,NTE,1
EMA,CDG,1
EMA,ORY,8
EMA,BER,4
EMA,CGN,11
EMA,LEJ,3
EMA,ATH,1
EMA,CHQ,3
EMA,CFU,7
EMA,HER,5
EMA,EFL,5
EMA,KGS,6
EMA,RHO,11
EMA,JTR,2
EMA,JSI,3
EMA,ZTH,8
EMA,GCI,10
EMA,BUD,0
EMA,KEF,1
EMA,ORK,3
EMA,DUB,15
EMA,NOC,4
EMA,SNN,1
EMA,IOM,5
EMA,BGY,5
EMA,MXP,2
EMA,NAP,2
EMA,PSA,2
EMA,CIA,2
EMA,TSF,2
EMA,VRN,2
EMA,JER,10
EMA,ALA,1
EMA,RIX,2
EMA,MLA,2
EMA,OSL,1
EMA,KRK,3
EMA,RZE,2
EMA,WRO,5
EMA,FAO,23
EMA,FNC,1
EMA,ALC,24
EMA,BCN,9
EMA,FUE,3
EMA,GRO,3
EMA,LPA,4
EMA,IBZ,10
EMA,ACE,14
EMA,MAD,1
EMA,MAH,9
EMA,AGP,23
EMA,RMU,4
EMA,PMI,39
EMA,REU,5
EMA,TFS,19
EMA,VLC,3
EMA,VIT,1
EMA,NBE,2
EMA,AYT,7
EMA,BJV,2
EMA,DLM,12
EMA,IST,1
EMA,ADB,1
EMA,ABZ,4
EMA,BWF,1
EMA,BHD,10
EMA,BFS,11
EMA,BHX,1
EMA,EDI,5
EMA,EXT,2
EMA,GLA,1
EMA,PIK,1
EMA,HUY,1
EMA,INV,2
EMA,BQH,1
EMA,NQY,4
EMA,NHT,1
EMA,JFK,6
EMA,PHL,1
ECP,CAK,1
ECP,ABY,1
ECP,QQR,1
ECP,ATL,44
ECP,AUS,11
ECP,BWI,2
ECP,BTR,1
ECP,BCT,1
ECP,BWG,1
ECP,CLT,17
ECP,MDW,3
ECP,ORD,3
ECP,DFW,18
ECP,DAL,21
ECP,DEN,2
ECP,GNV,1
ECP,IAH,24
ECP,HOU,16
ECP,HSV,0
ECP,IND,1
ECP,MCI,3
ECP,EYW,1
ECP,MIA,1
ECP,OPF,1
ECP,BNA,30
ECP,PNS,5
ECP,PHL,1
ECP,STL,12
ECP,SVH,1
ECP,DCA,9
ECP,PBI,1
EPU,HEL,4
EDR,AUU,1
EDR,CNS,6
EDR,KWM,13
EBU,DCM,1
EBU,LYN,1
EUX,SXM,22
EUQ,MNL,3
EAS,LBG,1
EAS,BCN,15
EAS,LPA,2
EAS,MAD,24
EAS,MAH,2
EAS,AGP,2
EAS,PMI,3
EAS,SVQ,2
EAS,VLC,2
ETR,UIO,14
EKS,KHV,2
EKS,UUS,8
EVG,ARN,17
EAT,EUG,1
EAT,SEA,8
EAT,GEG,2
ENV,NO,0
ETB,NO,0
EAN,BIS,1
EAN,RKS,0
ERS,MPA,8
ERS,OND,21
ERS,OMD,15
ERS,NDU,8
ERS,WVB,11
ENY,PEK,24
ENY,TFU,5
ENY,CKG,8
ENY,CAN,3
ENY,KWE,3
ENY,HGH,5
ENY,HET,8
ENY,DSN,5
ENY,SYX,3
ENY,SHE,3
ENY,SZX,4
ENY,TYN,5
ENY,TSN,5
ENY,WUH,5
ENY,XIY,8
ENY,XNN,5
ENY,XAI,3
ENY,INC,5
ENY,CGO,3
ENY,ZYI,5
EVN,VIE,12
EVN,MSQ,3
EVN,BRU,3
EVN,LGG,1
EVN,SOF,3
EVN,LCA,22
EVN,HRG,3
EVN,SSH,6
EVN,LYS,2
EVN,CDG,11
EVN,ORY,4
EVN,TBS,28
EVN,CGN,1
EVN,DTM,3
EVN,DUS,3
EVN,FRA,13
EVN,ATH,7
EVN,SKG,1
EVN,IKA,9
EVN,BGW,4
EVN,EBL,1
EVN,TLV,3
EVN,MXP,7
EVN,FCO,8
EVN,VCE,4
EVN,SCO,1
EVN,RIX,3
EVN,BEY,2
EVN,KIV,16
EVN,WAW,8
EVN,DOH,12
EVN,OGZ,2
EVN,CEK,2
EVN,KLF,1
EVN,KZN,2
EVN,MRV,17
EVN,DME,35
EVN,SVO,57
EVN,VKO,68
EVN,ZIA,3
EVN,GOJ,4
EVN,OVB,7
EVN,PEE,3
EVN,KUF,9
EVN,RTW,1
EVN,AER,31
EVN,LED,21
EVN,SGC,1
EVN,TJM,3
EVN,UFA,5
EVN,VOG,2
EVN,VOZ,1
EVN,SVX,9
EVN,MIR,0
EVN,AYT,5
EVN,IST,6
EVN,SAW,6
EVN,AUH,8
EVN,DXB,8
EVN,DWC,3
EVN,SHJ,5
EIK,NO,0
EYP,BOG,51
EYP,BGA,3
