Departure,Arrival,Number of flights
FTY,GCM,1
FTY,FTY,1
FTY,AGS,1
FTY,AUS,1
FTY,CLT,1
FTY,CAE,1
FTY,COU,1
FTY,DNN,1
FTY,APA,0
FTY,FSM,1
FTY,ISM,1
FTY,TYS,2
FTY,LNS,1
FTY,LOU,1
FTY,OPF,2
FTY,BNA,1
FTY,ONH,1
FTY,ORL,1
FTY,PNS,1
FTY,PTK,1
FTY,RKR,1
FTY,SRQ,1
FTY,SAV,1
FTY,SBN,1
FTY,UST,1
FTY,STP,1
FTY,PIE,1
FTY,IAD,1
FRU,JAA,1
FRU,CAN,3
FRU,PVG,1
FRU,URC,3
FRU,XIY,2
FRU,SSH,1
FRU,HKG,2
FRU,DEL,2
FRU,ALA,11
FRU,NQZ,2
FRU,KWI,13
FRU,OSS,80
FRU,ISB,2
FRU,LHE,2
FRU,GRV,1
FRU,IKT,5
FRU,KZN,5
FRU,KRR,2
FRU,KJA,7
FRU,MCX,3
FRU,DME,18
FRU,SVO,16
FRU,VKO,5
FRU,ZIA,8
FRU,OVB,12
FRU,KUF,1
FRU,AER,2
FRU,LED,8
FRU,SGC,1
FRU,TJM,1
FRU,SVX,9
FRU,ICN,1
FRU,TPE,1
FRU,DYU,1
FRU,ESB,5
FRU,AYT,8
FRU,IST,46
FRU,ISL,1
FRU,SAW,16
FRU,AUH,3
FRU,DXB,8
FRU,SHJ,5
FRU,TAS,6
FCN,FMO,1
FTE,AEP,19
FTE,EZE,8
FTE,COR,2
FTE,USH,5
FIE,LWK,13
FAI,YDA,1
FAI,FRA,0
FAI,MNT,3
FAI,AET,2
FAI,AKP,7
FAI,MRI,1
FAI,ANC,70
FAI,BTI,8
FAI,WBQ,4
FAI,BET,1
FAI,BTT,5
FAI,KBC,3
FAI,CEM,3
FAI,ORD,8
FAI,DJN,5
FAI,EAA,5
FAI,FYU,16
FAI,GBH,1
FAI,GAL,21
FAI,HKB,6
FAI,HSL,6
FAI,KAL,3
FAI,LMA,2
FAI,MSP,8
FAI,PDX,1
FAI,RBY,4
FAI,SEA,48
FAI,TAL,9
FAI,VEE,3
FAI,HPN,1
FFD,NO,0
FRM,NO,0
FAV,PPT,7
FAV,RGI,1
FKQ,MKW,3
FKQ,SOQ,10
FAH,NO,0
FAR,ABR,1
FAR,BJI,3
FAR,BIS,7
FAR,ORD,31
FAR,DFW,16
FAR,DEN,35
FAR,DVL,1
FAR,DIK,3
FAR,GRB,0
FAR,LAS,2
FAR,SDF,2
FAR,MSN,2
FAR,MEM,3
FAR,QQA,1
FAR,FCM,1
FAR,MSP,43
FAR,MOT,5
FAR,BNA,4
FAR,SFB,2
FAR,AZA,3
FAR,PHX,1
FAR,ROX,0
FAR,FSD,1
FAR,GEG,0
FAR,STP,1
FAR,TEX,1
FAR,XWA,4
FBL,NO,0
FRG,YUL,1
FRG,ALB,1
FRG,AND,1
FRG,MTN,1
FRG,BED,1
FRG,BCT,1
FRG,BOS,1
FRG,BUF,1
FRG,CLE,1
FRG,CMH,1
FRG,DTW,1
FRG,GSO,1
FRG,PGV,1
FRG,HYA,1
FRG,ISP,1
FRG,MCI,1
FRG,OXC,1
FRG,ECP,1
FRG,PHL,1
FRG,BBX,0
FRG,PTK,1
FRG,RIC,1
FRG,SRQ,1
FRG,TEB,1
FRG,IAD,2
FRG,DCA,0
FRG,ART,1
FRG,HPN,1
FMN,QQT,1
FAM,NO,0
FAB,GRZ,1
FAB,VIE,2
FAB,BRU,1
FAB,KJK,1
FAB,YYZ,1
FAB,PRG,3
FAB,CEQ,1
FAB,LME,2
FAB,NCE,1
FAB,LBG,4
FAB,TUF,1
FAB,AGB,1
FAB,BER,2
FAB,CGN,1
FAB,FKB,1
FAB,OBF,1
FAB,ATH,1
FAB,SKG,1
FAB,LIN,1
FAB,MLA,1
FAB,AMS,1
FAB,EIN,1
FAB,LOS,1
FAB,GDN,1
FAB,CQM,1
FAB,AGP,1
FAB,PMI,1
FAB,GVA,1
FAB,ZRH,4
FAB,IST,2
FAB,ISL,1
FAB,BWF,2
FAB,BOH,1
FAB,CBG,1
FAB,INV,1
FAB,SEN,1
FAB,STN,1
FAB,MAN,1
FAB,EMA,1
FAB,WRT,2
FAB,TEB,1
FAO,VIE,4
FAO,BRU,14
FAO,CRL,12
FAO,YYZ,1
FAO,AAR,2
FAO,CPH,6
FAO,BSL,6
FAO,BOD,7
FAO,FSC,1
FAO,LIL,2
FAO,LYS,10
FAO,MRS,6
FAO,NTE,7
FAO,BVA,6
FAO,CDG,4
FAO,ORY,25
FAO,SXB,1
FAO,TLS,5
FAO,BER,9
FAO,BRE,1
FAO,CGN,9
FAO,DUS,15
FAO,FRA,17
FAO,HHN,3
FAO,HAM,9
FAO,HAJ,3
FAO,FKB,3
FAO,LEJ,1
FAO,FMM,3
FAO,MUC,12
FAO,NUE,2
FAO,STR,8
FAO,NRN,3
FAO,KEF,1
FAO,ORK,14
FAO,DUB,58
FAO,KIR,3
FAO,NOC,3
FAO,SNN,4
FAO,FLR,1
FAO,BGY,7
FAO,FCO,3
FAO,VCE,1
FAO,LUX,9
FAO,AMS,22
FAO,EIN,18
FAO,RTM,12
FAO,OSL,2
FAO,WAW,1
FAO,WMI,2
FAO,CAT,1
FAO,LIS,33
FAO,OPO,24
FAO,BCN,5
FAO,BIO,3
FAO,MAD,6
FAO,VLC,2
FAO,ARN,6
FAO,GVA,8
FAO,ZRH,3
FAO,ABZ,3
FAO,BFS,25
FAO,BHX,18
FAO,BOH,5
FAO,BRS,28
FAO,CWL,3
FAO,EDI,16
FAO,EXT,4
FAO,GLA,12
FAO,PIK,6
FAO,LBA,18
FAO,LPL,22
FAO,LCY,3
FAO,LGW,77
FAO,LHR,15
FAO,LTN,31
FAO,SEN,5
FAO,STN,36
FAO,MAN,40
FAO,NCL,11
FAO,NQY,4
FAO,EMA,23
FAO,NHT,1
FAO,SOU,1
FAO,MME,3
FAY,ATL,16
FAY,CLT,53
FAY,CAE,1
FAY,DFW,8
FAY,GSO,1
FYV,DAL,1
FYV,MDD,1
FYV,TUL,1
FYM,NO,0
FEC,REC,6
FEG,GYD,1
FEG,IKT,1
FEG,KZN,2
FEG,DME,3
FEG,SVO,3
FEG,VKO,3
FEG,OVB,4
FEG,LED,1
FEG,SGC,1
FEG,IST,5
FEG,DXB,2
FEG,TAS,9
FFM,OFK,1
FEN,NAT,1
FEN,REC,47
FEN,GTP,6
FEZ,BRU,5
FEZ,CRL,4
FEZ,BOD,6
FEZ,CFE,2
FEZ,DLE,3
FEZ,LYS,3
FEZ,MRS,13
FEZ,MPL,5
FEZ,NTE,4
FEZ,FNI,4
FEZ,BVA,4
FEZ,CDG,3
FEZ,ORY,9
FEZ,SXB,2
FEZ,TLS,7
FEZ,HHN,3
FEZ,FKB,3
FEZ,NRN,4
FEZ,BLQ,2
FEZ,BGY,4
FEZ,CIA,2
FEZ,TSF,3
FEZ,AGA,2
FEZ,CMN,6
FEZ,ERH,1
FEZ,RAK,2
FEZ,RBA,1
FEZ,AMS,2
FEZ,EIN,2
FEZ,RTM,2
FEZ,MED,1
FEZ,ALC,4
FEZ,BCN,8
FEZ,MAD,5
FEZ,AGP,8
FEZ,PMI,2
FEZ,VLC,4
FEZ,IST,1
FEZ,STN,3
FSC,CRL,4
FSC,BIA,1
FSC,BOD,6
FSC,BES,1
FSC,CFR,4
FSC,LIL,6
FSC,LYS,6
FSC,MRS,19
FSC,NTE,10
FSC,NCE,11
FSC,BVA,4
FSC,CDG,5
FSC,LBG,1
FSC,ORY,14
FSC,SXB,2
FSC,TLS,6
FSC,FLR,1
FSC,FCO,2
FSC,LUX,2
FSC,FAO,1
FSC,MMX,1
FSC,GVA,4
FSC,SIR,1
FSC,ZRH,1
FSC,LHR,2
FDY,ACB,1
FIZ,BME,0
FIZ,HCQ,0
FLG,BUR,1
FLG,DFW,8
FLG,HSH,2
FLG,PHX,22
FLG,SAF,1
FLG,SCF,1
FLF,NO,0
FLS,HBA,0
FLS,LST,0
FLS,MEB,0
FNT,APN,3
FNT,ORD,40
FNT,JAX,2
FNT,LAS,2
FNT,MEM,3
FNT,BNA,2
FNT,SFB,4
FNT,AZA,3
FNT,PGD,5
FNT,SRQ,2
FNT,PIE,4
FLR,TIA,3
FLR,LNZ,1
FLR,SZG,2
FLR,VIE,17
FLR,BRU,8
FLR,CRL,1
FLR,PRG,2
FLR,CPH,4
FLR,BOD,2
FLR,LYS,2
FLR,MRS,2
FLR,NTE,2
FLR,CDG,48
FLR,LBG,1
FLR,ORY,15
FLR,TLS,2
FLR,FRA,31
FLR,MUC,24
FLR,ATH,2
FLR,DUB,1
FLR,BRI,4
FLR,BLQ,1
FLR,CAG,4
FLR,CTA,11
FLR,EBA,9
FLR,LIN,2
FLR,OLB,6
FLR,PMO,7
FLR,FCO,34
FLR,LUX,3
FLR,AMS,38
FLR,LIS,9
FLR,BEG,2
FLR,BCN,24
FLR,BIO,5
FLR,LPA,1
FLR,MAD,15
FLR,GVA,1
FLR,ZRH,32
FLR,EDI,3
FLR,LCY,16
FLR,LGW,17
FLR,LHR,8
FLO,CLT,16
FLO,USA,1
FLO,STL,1
FLA,BOG,24
FLA,CLO,6
FLA,LQM,1
FRS,GUA,54
FRS,CUN,3
FRS,MID,3
FLW,CVU,4
FLW,HOR,13
FLW,TER,4
FLW,PDL,13
FLN,AEP,6
FLN,EZE,3
FLN,CNF,5
FLN,BSB,22
FLN,VCP,32
FLN,XAP,5
FLN,CWB,2
FLN,IGU,3
FLN,POA,13
FLN,SDU,45
FLN,CGH,93
FLN,GRU,60
FLN,SCL,3
FLN,GTP,6
FLN,MVD,2
FRO,BGO,43
FRO,OSL,21
FRO,TRF,1
FOG,OMO,1
FOG,CTA,2
FOG,LIN,1
FOG,MXP,8
FOG,TQR,6
FOG,TRN,3
FOG,VRN,1
FLD,OLM,1
FDE,OSL,35
FRL,VIE,1
FRL,OMO,0
FRL,HAM,1
FRL,CAG,0
FRL,CTA,4
FRL,NAP,4
FRL,OLB,2
FRL,PMO,5
FRL,TPS,0
FRL,KTW,3
FRL,OMR,0
FMA,AEP,9
FNL,APA,0
FNL,BJC,1
FNL,EGE,1
FNL,EWN,1
FNL,PWA,1
FOD,ORD,6
FOD,MCW,8
FHU,PHX,2
FLL,AUA,3
FLL,NSB,23
FLL,CXY,3
FLL,FPO,12
FLL,GGT,12
FLL,GHB,1
FLL,GHC,3
FLL,MHH,9
FLL,NAS,61
FLL,ELH,14
FLL,ZSA,1
FLL,BIM,8
FLL,BEL,2
FLL,VCP,11
FLL,MAO,2
FLL,REC,2
FLL,,0
FLL,YUL,20
FLL,YQB,1
FLL,YYZ,35
FLL,GCM,8
FLL,AXM,3
FLL,BAQ,8
FLL,BOG,21
FLL,BGA,4
FLL,CLO,8
FLL,CTG,8
FLL,MDE,13
FLL,SJO,24
FLL,HAV,40
FLL,PUJ,33
FLL,STI,8
FLL,SDQ,22
FLL,GYE,16
FLL,UIO,8
FLL,SAL,8
FLL,GUA,12
FLL,CAP,11
FLL,PAP,13
FLL,XPL,13
FLL,SAP,8
FLL,KIN,24
FLL,MBJ,32
FLL,CUN,40
FLL,CMN,1
FLL,SXM,3
FLL,MGA,8
FLL,OSL,2
FLL,PTY,6
FLL,LIM,16
FLL,BQN,8
FLL,SJU,61
FLL,POS,2
FLL,PLS,8
FLL,LGW,3
FLL,CAK,2
FLL,ALB,4
FLL,ABE,2
FLL,AVL,11
FLL,ATL,170
FLL,ACY,8
FLL,AUS,23
FLL,BWI,94
FLL,BED,1
FLL,XNA,2
FLL,BOS,51
FLL,SSI,1
FLL,BUF,9
FLL,JZI,1
FLL,CHS,21
FLL,CLT,60
FLL,MDW,25
FLL,ORD,37
FLL,CVG,16
FLL,CLE,23
FLL,CMH,20
FLL,LCK,2
FLL,USA,4
FLL,DFW,65
FLL,DAL,20
FLL,DEN,34
FLL,DSM,2
FLL,DTW,40
FLL,FXE,1
FLL,FLL,1
FLL,AFW,1
FLL,GSO,2
FLL,GSP,2
FLL,MDT,0
FLL,IAH,45
FLL,HOU,25
FLL,IND,18
FLL,ISP,8
FLL,JAX,23
FLL,MCI,8
FLL,EYW,12
FLL,ISM,1
FLL,TYS,8
FLL,LAS,19
FLL,LEX,3
FLL,LAX,46
FLL,SDF,12
FLL,MTH,2
FLL,MEM,8
FLL,MIA,2
FLL,OPF,0
FLL,MSP,17
FLL,MYR,8
FLL,APF,2
FLL,BNA,41
FLL,HVN,7
FLL,MSY,38
FLL,JFK,88
FLL,LGA,93
FLL,EWR,95
FLL,ORF,10
FLL,OCA,1
FLL,ORL,1
FLL,MCO,45
FLL,PNS,8
FLL,PHL,57
FLL,PHX,1
FLL,PIT,18
FLL,PBG,3
FLL,PVD,9
FLL,RDU,36
FLL,RIC,13
FLL,ROA,1
FLL,SLC,13
FLL,SAT,8
FLL,SAN,9
FLL,SFO,24
FLL,SAV,7
FLL,SEA,16
FLL,STL,12
FLL,SYR,3
FLL,TLH,8
FLL,TPA,43
FLL,TEB,1
FLL,TTN,5
FLL,IAD,17
FLL,DCA,56
FLL,FOK,1
FLL,HPN,18
FLL,ILM,2
FLL,ILG,2
FLL,BDL,9
FLL,ORH,8
FLL,STX,9
FLL,STT,9
FXE,ASD,2
FXE,CCZ,1
FXE,TZN,1
FXE,GHB,2
FXE,MHH,1
FXE,NAS,1
FXE,TBI,1
FXE,ELH,2
FXE,SAQ,3
FXE,PUJ,1
FXE,BWI,1
FXE,CLT,1
FXE,CSG,1
FXE,DAB,1
FXE,ELM,1
FXE,FXE,2
FXE,FLL,1
FXE,GNV,1
FXE,HYA,1
FXE,IND,1
FXE,JAX,1
FXE,MKC,1
FXE,ISM,2
FXE,LZU,7
FXE,TMB,1
FXE,OPF,3
FXE,MKE,1
FXE,ORF,1
FXE,ORL,1
FXE,PNS,1
FXE,SRQ,1
FXE,VRB,1
FXE,PBI,2
FME,FME,1
FMY,PDK,1
FMY,FMY,2
FMY,HOU,1
FMY,HSV,0
FMY,ISM,1
FMY,APF,1
FPR,MHH,0
FPR,CSV,0
FPR,FPR,1
FPR,GUF,1
FPR,LAL,1
FPR,SRQ,1
FPR,TLH,1
FPR,PBI,1
FSM,DFW,24
FSM,SAT,1
FSM,SPZ,1
FST,NO,0
FWA,QQK,1
FWA,ATL,20
FWA,BTL,1
FWA,CLT,24
FWA,AUZ,1
FWA,MDW,1
FWA,ORD,47
FWA,CVG,1
FWA,LCK,1
FWA,DFW,24
FWA,YIP,1
FWA,AFW,1
FWA,LAS,2
FWA,MFD,1
FWA,MZZ,1
FWA,MEM,2
FWA,FCM,1
FWA,MSP,8
FWA,MLU,1
FWA,MYR,2
FWA,OMA,1
FWA,SFB,3
FWA,AZA,3
FWA,PGD,3
FWA,SRQ,2
FWA,SBN,3
FWA,PIE,4
FWA,TEB,1
FTW,SLW,1
FTW,ATW,1
FTW,ASE,1
FTW,AUS,1
FTW,BMT,1
FTW,CVG,1
FTW,CXO,1
FTW,ADS,1
FTW,DAL,1
FTW,FTW,1
FTW,JAX,1
FTW,JCI,1
FTW,LAS,1
FTW,LGU,1
FTW,GGG,1
FTW,LBB,1
FTW,TMB,1
FTW,OPF,1
FTW,OFK,0
FTW,OKC,2
FTW,PMD,1
FTW,RNO,1
FTW,RKD,1
FTW,SJT,1
FTW,SBA,1
FTW,SCF,1
FTW,TEB,1
FTW,RVS,1
FTW,VKS,1
FTW,IAD,1
FYU,KBC,3
FYU,CIK,5
FYU,FAI,17
FYU,VEE,4
FDF,BGI,3
FDF,YUL,4
FDF,HAV,2
FDF,SDQ,3
FDF,CDG,3
FDF,ORY,24
FDF,CAY,9
FDF,PTP,88
FDF,SLU,3
FDF,MIA,3
FOR,ARX,3
FOR,BEL,21
FOR,CNF,9
FOR,BSB,40
FOR,CPV,3
FOR,VCP,17
FOR,QIG,2
FOR,JJD,4
FOR,JDO,3
FOR,MCZ,8
FOR,MAO,9
FOR,NAT,8
FOR,REC,48
FOR,GIG,23
FOR,SSA,14
FOR,JSB,2
FOR,SLZ,18
FOR,CGH,28
FOR,GRU,71
FOR,JSO,4
FOR,THE,16
FOR,VIX,8
FOR,CDG,4
FOR,LIS,8
FOR,GTP,6
FOR,MIA,2
FUO,PKX,6
FUO,TFU,8
FUO,FUG,8
FUO,FOC,8
FUO,HDG,2
FUO,HFE,5
FUO,HYN,8
FUO,NNY,5
FUO,JJN,1
FUO,SHA,8
FUO,PVG,8
FUO,WDS,8
FUO,TYN,4
FUO,TVS,3
FUO,WNZ,8
FUO,WHA,8
FUO,ACX,3
FRC,NO,0
FBE,NO,0
FRW,GBE,4
FRW,BBK,4
FFT,NO,0
FRA,TIA,13
FRA,ALG,20
FRA,LAD,4
FRA,EZE,8
FRA,EVN,13
FRA,GRZ,28
FRA,INN,20
FRA,LNZ,14
FRA,SZG,27
FRA,VIE,96
FRA,GYD,4
FRA,BAH,8
FRA,BRU,65
FRA,SJJ,10
FRA,VCP,4
FRA,CWB,1
FRA,GRU,17
FRA,SOF,29
FRA,VAR,2
FRA,YYC,14
FRA,YEG,2
FRA,YHZ,8
FRA,YUL,16
FRA,YYZ,29
FRA,YVR,21
FRA,YXY,1
FRA,BVC,1
FRA,SID,5
FRA,PEK,31
FRA,CTU,4
FRA,TFU,3
FRA,CAN,12
FRA,PVG,55
FRA,SZX,2
FRA,WUH,2
FRA,BOG,6
FRA,SJO,3
FRA,DBV,16
FRA,PUY,4
FRA,RJK,2
FRA,SPU,19
FRA,ZAD,4
FRA,ZAG,34
FRA,HAV,2
FRA,HOG,3
FRA,VRA,3
FRA,LCA,14
FRA,PRG,33
FRA,BLL,26
FRA,CPH,51
FRA,POP,3
FRA,PUJ,8
FRA,CAI,26
FRA,SPX,2
FRA,HRG,14
FRA,RMF,4
FRA,SSH,2
FRA,TLL,21
FRA,ADD,8
FRA,HEL,37
FRA,BSL,38
FRA,BIA,2
FRA,BIQ,1
FRA,BOD,9
FRA,LME,1
FRA,LYS,27
FRA,MRS,21
FRA,NTE,9
FRA,NCE,31
FRA,CDG,94
FRA,LBG,1
FRA,RNS,5
FRA,SXB,1
FRA,TLS,27
FRA,TBS,2
FRA,BER,100
FRA,BRE,34
FRA,DRS,36
FRA,DUS,38
FRA,FRA,0
FRA,HHN,1
FRA,FDH,27
FRA,HAM,92
FRA,HAJ,34
FRA,HDF,1
FRA,KSF,1
FRA,LEJ,35
FRA,MUC,92
FRA,FMO,28
FRA,NUE,33
FRA,STR,35
FRA,GWT,6
FRA,PVK,3
FRA,ATH,33
FRA,CHQ,7
FRA,CFU,12
FRA,HER,36
FRA,KLX,1
FRA,KVA,5
FRA,EFL,1
FRA,KGS,13
FRA,JMK,2
FRA,GPA,1
FRA,RHO,12
FRA,SMI,1
FRA,JTR,3
FRA,JSI,1
FRA,SKG,16
FRA,ZTH,4
FRA,HKG,16
FRA,BUD,37
FRA,SOB,1
FRA,KEF,25
FRA,BLR,10
FRA,MAA,8
FRA,DEL,23
FRA,BOM,8
FRA,IKA,11
FRA,EBL,3
FRA,ORK,3
FRA,DUB,41
FRA,SNN,1
FRA,TLV,35
FRA,BRI,4
FRA,BLQ,27
FRA,CAG,3
FRA,CTA,9
FRA,FLR,29
FRA,SUF,2
FRA,LIN,57
FRA,MXP,48
FRA,NAP,20
FRA,OLB,10
FRA,PMO,4
FRA,PEG,1
FRA,PSA,14
FRA,FCO,50
FRA,TRS,14
FRA,TRN,22
FRA,VCE,30
FRA,TSF,1
FRA,VRN,14
FRA,HND,24
FRA,NRT,17
FRA,AMM,15
FRA,ALA,5
FRA,NQZ,11
FRA,URA,2
FRA,MBA,6
FRA,NBO,8
FRA,PRN,4
FRA,KWI,9
FRA,RIX,26
FRA,BEY,22
FRA,VNO,13
FRA,LUX,35
FRA,MLE,2
FRA,MLA,21
FRA,MRU,4
FRA,CUN,9
FRA,MEX,17
FRA,KIV,4
FRA,UBN,5
FRA,TGD,4
FRA,TIV,1
FRA,AGA,1
FRA,CMN,15
FRA,RAK,3
FRA,WDH,11
FRA,AMS,84
FRA,ABV,6
FRA,LOS,6
FRA,SKP,11
FRA,BGO,14
FRA,OSL,34
FRA,SVG,13
FRA,TOS,2
FRA,MCT,8
FRA,GDN,18
FRA,KTW,20
FRA,KRK,34
FRA,POZ,22
FRA,RZE,1
FRA,WAW,52
FRA,WRO,28
FRA,FAO,16
FRA,FNC,8
FRA,LIS,52
FRA,PDL,2
FRA,OPO,21
FRA,DOH,36
FRA,ARW,1
FRA,BCM,1
FRA,BBU,1
FRA,OTP,33
FRA,CLJ,12
FRA,TSR,11
FRA,JED,5
FRA,RUH,14
FRA,BEG,30
FRA,SIN,27
FRA,BTS,1
FRA,LJU,20
FRA,CPT,3
FRA,JNB,8
FRA,ICN,43
FRA,ALC,8
FRA,OVD,4
FRA,BCN,57
FRA,BIO,21
FRA,FUE,13
FRA,LPA,14
FRA,IBZ,9
FRA,XRY,8
FRA,ACE,4
FRA,MAD,72
FRA,MAH,3
FRA,AGP,24
FRA,PMI,68
FRA,SCQ,3
FRA,SVQ,5
FRA,TFS,14
FRA,VLC,19
FRA,CMB,4
FRA,GOT,34
FRA,KLR,2
FRA,ARN,42
FRA,GVA,55
FRA,ZRH,69
FRA,TPE,9
FRA,BKK,16
FRA,DJE,11
FRA,MIR,5
FRA,TUN,21
FRA,ADA,4
FRA,ESB,10
FRA,AYT,67
FRA,BJV,4
FRA,DLM,6
FRA,DIY,1
FRA,EZS,1
FRA,GZT,2
FRA,IST,67
FRA,SAW,24
FRA,ADB,29
FRA,ASR,2
FRA,SZF,1
FRA,TZX,1
FRA,ASB,2
FRA,AUH,17
FRA,DXB,31
FRA,DWC,8
FRA,BHD,5
FRA,BHX,32
FRA,BRS,11
FRA,EDI,18
FRA,FAB,1
FRA,GLA,15
FRA,LPL,6
FRA,LCY,49
FRA,LGW,16
FRA,LHR,120
FRA,LTN,1
FRA,STN,2
FRA,MAN,28
FRA,NCL,7
FRA,ANC,3
FRA,ATL,22
FRA,AUS,3
FRA,BWI,2
FRA,BOS,15
FRA,CLT,8
FRA,ORD,39
FRA,DFW,15
FRA,DEN,16
FRA,DTW,16
FRA,GSP,1
FRA,IAH,16
FRA,LAS,7
FRA,LAX,19
FRA,MIA,8
FRA,MSP,2
FRA,JFK,40
FRA,EWR,24
FRA,MCO,8
FRA,PHL,6
FRA,PHX,3
FRA,PDX,2
FRA,SLC,2
FRA,SFO,28
FRA,SEA,14
FRA,RSW,2
FRA,STL,4
FRA,TPA,6
FRA,TEB,1
FRA,IAD,33
FRA,TAS,5
FRA,HAN,7
FRA,SGN,4
FKL,TYS,1
FDK,CGE,1
FDK,CHS,1
FDK,FXE,1
FDK,FDK,1
FDK,LAS,1
FDK,RDU,1
FDK,BAF,0
FDR,NO,0
FPO,NAS,63
FPO,BWI,1
FPO,CLT,1
FPO,FLL,13
FPO,MIA,13
FPO,RDU,2
FPO,PBI,1
FNA,OUA,3
FNA,BJL,13
FNA,ACC,13
FNA,CKY,3
FNA,ROB,5
FNA,CMN,3
FNA,LOS,4
FET,NO,0
FAT,GDL,16
FAT,MLM,4
FAT,BJX,4
FAT,BUR,1
FAT,QTC,1
FAT,ORD,8
FAT,DFW,37
FAT,DEN,32
FAT,HHR,1
FAT,MIT,1
FAT,LAS,36
FAT,LGB,2
FAT,LAX,8
FAT,SDF,2
FAT,OTH,1
FAT,ONT,2
FAT,PHX,30
FAT,PDX,16
FAT,SAC,1
FAT,SLC,24
FAT,SBD,2
FAT,SAN,20
FAT,SFO,33
FAT,SNA,2
FAT,SEA,16
FAT,VNY,1
FCH,NO,0
FRD,YYJ,14
FRD,OTS,15
FRD,ESD,6
FRD,PAE,28
FRD,LPS,15
FRD,BFI,26
FRD,TIW,1
FDH,VIE,1
FDH,TZL,2
FDH,ERF,1
FDH,FRA,27
FDH,FDH,1
FDH,FKB,1
FDH,QES,1
FDH,HER,1
FDH,OLB,1
FDH,SKP,4
FDH,PMI,3
FDH,BRN,1
FDH,QYG,1
FDH,ACH,1
FDH,AYT,3
FRY,NO,0
FUE,VIE,2
FUE,BRU,3
FUE,BRQ,1
FUE,PRG,2
FUE,BSL,2
FUE,NTE,2
FUE,ORY,3
FUE,BER,4
FUE,BRE,2
FUE,CGN,6
FUE,DUS,15
FUE,FRA,11
FUE,HAM,8
FUE,HAJ,5
FUE,LEJ,2
FUE,MUC,7
FUE,FMO,1
FUE,NUE,3
FUE,PAD,2
FUE,SCN,1
FUE,STR,6
FUE,NRN,2
FUE,BUD,1
FUE,DUB,6
FUE,SNN,3
FUE,BLQ,2
FUE,BGY,3
FUE,MXP,4
FUE,PSA,1
FUE,VRN,1
FUE,LUX,2
FUE,AMS,5
FUE,RTM,1
FUE,KTW,1
FUE,WAW,1
FUE,OVD,1
FUE,BCN,7
FUE,BIO,2
FUE,LPA,144
FUE,ACE,4
FUE,MAD,25
FUE,SCQ,4
FUE,SVQ,6
FUE,TFN,58
FUE,TFS,1
FUE,VLC,1
FUE,ARN,1
FUE,ZRH,7
FUE,BFS,1
FUE,BHX,9
FUE,BRS,9
FUE,EDI,5
FUE,GLA,2
FUE,LBA,5
FUE,LPL,1
FUE,LGW,13
FUE,LTN,5
FUE,STN,11
FUE,MAN,14
FUE,NCL,4
FUE,EMA,3
FJR,NO,0
FUJ,FUK,34
FUJ,NGS,26
FUK,DLC,3
FUK,PVG,6
FUK,GUM,2
FUK,HKG,44
FUK,AXJ,44
FUK,ASJ,8
FUK,FUJ,35
FUK,HNA,8
FUK,ISG,8
FUK,IZO,16
FUK,KOJ,8
FUK,KCZ,16
FUK,KMQ,42
FUK,MMJ,16
FUK,MYJ,32
FUK,KMI,130
FUK,NGO,109
FUK,NKM,40
FUK,KIJ,34
FUK,OKA,184
FUK,IBR,8
FUK,ITM,93
FUK,KIX,32
FUK,CTS,53
FUK,SDJ,81
FUK,FSZ,32
FUK,TKS,16
FUK,HND,448
FUK,NRT,108
FUK,TSJ,51
FUK,KUM,13
FUK,MNL,14
FUK,SIN,3
FUK,PUS,39
FUK,TAE,8
FUK,ICN,155
FUK,KHH,6
FUK,TPE,48
FUK,DMK,8
FUK,BKK,16
FUK,HNL,4
FUK,HAN,7
FUK,SGN,3
FUL,MYF,1
FUL,TOA,1
FND,MLE,2
FUN,SUV,4
FNC,VIE,4
FNC,BRU,2
FNC,CRL,3
FNC,PRG,4
FNC,CPH,1
FNC,HEL,1
FNC,LYS,3
FNC,MRS,2
FNC,NTE,3
FNC,BVA,2
FNC,CDG,1
FNC,ORY,8
FNC,BER,5
FNC,DUS,6
FNC,FRA,7
FNC,HAM,1
FNC,HAJ,2
FNC,LEJ,1
FNC,MUC,7
FNC,NUE,2
FNC,PAD,1
FNC,STR,1
FNC,BUD,2
FNC,DUB,3
FNC,BGY,2
FNC,MXP,2
FNC,VNO,3
FNC,LUX,3
FNC,AMS,10
FNC,OSL,1
FNC,KTW,5
FNC,WAW,5
FNC,LIS,111
FNC,PDL,14
FNC,OPO,49
FNC,PXO,16
FNC,LPA,2
FNC,MAD,3
FNC,TFN,2
FNC,GVA,2
FNC,ZRH,4
FNC,BHX,3
FNC,BRS,4
FNC,EDI,1
FNC,GLA,1
FNC,LBA,1
FNC,LGW,15
FNC,LHR,7
FNC,STN,9
FNC,MAN,10
FNC,NCL,1
FNC,EMA,1
FNC,JFK,1
FTA,AWD,1
FUT,WLS,15
FVM,KDO,8
FVM,MLE,8
FUG,PEK,5
FUG,CSX,5
FUG,CTU,8
FUG,CKG,5
FUG,DLC,3
FUG,FUO,8
FUG,CAN,7
FUG,HAK,8
FUG,KMG,5
FUG,NNG,3
FUG,PVG,5
FUG,SZX,8
FUG,TSN,5
FUG,WNZ,3
FUG,XIY,3
FUG,XMN,5
FUG,HSN,5
FYJ,HRB,8
FYJ,JMU,8
FYN,URC,7
FOC,AQG,3
FOC,PEK,66
FOC,PKX,55
FOC,CSX,31
FOC,CZX,4
FOC,CTU,37
FOC,TFU,39
FOC,CKG,63
FOC,DLU,3
FOC,DLC,0
FOC,ENH,5
FOC,FUO,8
FOC,CAN,48
FOC,KWL,5
FOC,KWE,48
FOC,HAK,15
FOC,HGH,9
FOC,HNY,2
FOC,HIA,10
FOC,JGS,5
FOC,TNA,26
FOC,JHG,2
FOC,SHS,2
FOC,JNG,2
FOC,KMG,54
FOC,LHW,8
FOC,LYG,8
FOC,LYI,5
FOC,LZH,4
FOC,LUM,0
FOC,NAO,2
FOC,NKG,44
FOC,NNG,35
FOC,NTG,15
FOC,NNY,3
FOC,TAO,28
FOC,RIZ,0
FOC,SYX,16
FOC,SHA,44
FOC,PVG,40
FOC,SHE,16
FOC,SZX,25
FOC,WDS,3
FOC,TYN,15
FOC,TSN,34
FOC,TEN,2
FOC,WXN,2
FOC,WEH,8
FOC,WNZ,8
FOC,WUH,34
FOC,WHA,3
FOC,WUX,13
FOC,WUZ,5
FOC,XIY,40
FOC,XMN,2
FOC,XFN,10
FOC,ACX,3
FOC,XUZ,10
FOC,YNZ,4
FOC,YTY,3
FOC,YNT,11
FOC,YBP,8
FOC,YIH,4
FOC,YIC,4
FOC,INC,8
FOC,ZHA,3
FOC,CGO,61
FOC,HSN,13
FOC,ZUH,19
FOC,WMT,0
FOC,HKG,16
FOC,DPS,2
FOC,CGK,10
FOC,MDC,3
FOC,NRT,7
FOC,KUL,8
FOC,MNL,6
FOC,SIN,8
FOC,KHH,1
FOC,TSA,7
FOC,TPE,4
FOC,DMK,2
FOC,BKK,0
FOC,BOH,3
FOC,JFK,1
FZL,NO,0
FMI,GOM,2
FMI,FBM,2
FCA,BIL,4
FCA,BZN,1
FCA,BUR,2
FCA,ORD,15
FCA,DFW,8
FCA,DEN,24
FCA,GTF,2
FCA,HLN,1
FCA,LAS,2
FCA,LAX,8
FCA,MLS,1
FCA,MSP,11
FCA,OAK,0
FCA,PSC,1
FCA,AZA,0
FCA,SLC,24
FCA,SFO,8
FCA,SAF,1
FCA,SCF,1
FCA,BFI,1
FCA,SEA,24
FCA,DMO,1
FCA,GEG,0
FKB,KFZ,2
FKB,TIA,2
FKB,KHB,1
FKB,TZL,2
FKB,SOF,3
FKB,VAR,4
FKB,ZAD,5
FKB,ZAG,3
FKB,CEQ,1
FKB,NCE,1
FKB,LBG,2
FKB,FRA,1
FKB,QEF,1
FKB,NUE,1
FKB,STR,1
FKB,CFU,3
FKB,HER,1
FKB,DUB,1
FKB,TLV,2
FKB,BRI,4
FKB,CAG,2
FKB,SUF,3
FKB,BGY,2
FKB,PMO,2
FKB,TPS,2
FKB,PRN,2
FKB,MLA,1
FKB,FEZ,3
FKB,SKP,3
FKB,FAO,3
FKB,OPO,4
FKB,SBZ,2
FKB,TSR,4
FKB,BEG,4
FKB,ALC,5
FKB,GRO,8
FKB,MAD,3
FKB,AGP,4
FKB,PMI,30
FKB,SVQ,2
FKB,VLC,3
FKB,JKG,4
FKB,ARN,3
FKB,GVA,1
FKB,ZRH,1
FKB,AYT,2
FKB,OXF,1
FKB,STN,9
FIH,LAD,3
FIH,BRU,8
FIH,BZV,7
FIH,PNR,1
FIH,ABJ,0
FIH,GMA,3
FIH,GOM,6
FIH,KGA,4
FIH,KND,4
FIH,FKI,4
FIH,FBM,17
FIH,MDK,4
FIH,MJM,8
FIH,CAI,2
FIH,ADD,14
FIH,CDG,4
FIH,LBV,1
FIH,NBO,10
FIH,CMN,2
FIH,JNB,11
FIH,LFW,7
FIH,IST,6
FIH,EBB,6
FKI,GOM,3
FKI,IRP,3
FKI,FIH,4
FON,SJO,0
FBM,FMI,2
FBM,KGA,3
FBM,FIH,19
FBM,KWZ,4
FBM,MJM,3
FBM,ADD,9
FBM,NBO,6
FBM,JNB,13
FBM,DAR,5
FBM,NLA,3
FMM,KFZ,3
FMM,TIA,6
FMM,VIE,1
FMM,BNX,8
FMM,TZL,6
FMM,PDV,2
FMM,SOF,11
FMM,VAR,8
FMM,ZAD,6
FMM,ZAG,3
FMM,PFO,2
FMM,KUT,3
FMM,CGN,1
FMM,CHQ,3
FMM,CFU,1
FMM,SKG,4
FMM,DUB,3
FMM,TLV,2
FMM,AHO,2
FMM,BDS,4
FMM,CTA,3
FMM,SUF,2
FMM,NAP,2
FMM,PMO,4
FMM,PSR,3
FMM,PSA,2
FMM,FCO,3
FMM,PRN,8
FMM,RIX,2
FMM,MLA,2
FMM,TGD,2
FMM,OHD,3
FMM,SKP,8
FMM,KRK,2
FMM,FAO,3
FMM,OPO,3
FMM,OTP,2
FMM,CLJ,4
FMM,IAS,6
FMM,SBZ,6
FMM,SCV,3
FMM,TGM,2
FMM,TSR,3
FMM,BEG,7
FMM,INI,2
FMM,ALC,4
FMM,GRO,4
FMM,AGP,4
FMM,PMI,16
FMM,SCQ,3
FMM,VLC,2
FMM,ACH,1
FMM,STN,5
FCM,ADG,1
FCM,CID,1
FCM,APA,2
FCM,DSM,1
FCM,DET,1
FCM,DTW,1
FCM,DBQ,1
FCM,DLH,1
FCM,FAR,1
FCM,FOD,1
FCM,HYR,1
FCM,LNK,1
FCM,MSN,1
FCM,MML,1
FCM,FCM,2
FCM,MSP,1
FCM,MGW,1
FCM,NEW,1
FCM,PIR,1
FCM,RDG,1
FCM,ROX,1
FCM,FSD,0
FCM,STP,1
FCM,TWF,0
FCM,ISW,1
FMO,ZAD,2
FMO,PRG,1
FMO,HRG,2
FMO,BER,4
FMO,CGN,2
FMO,FRA,28
FMO,MUC,30
FMO,STR,8
FMO,CFU,2
FMO,HER,3
FMO,KGS,1
FMO,RHO,2
FMO,PRN,3
FMO,LEY,1
FMO,RTM,1
FMO,FUE,1
FMO,LPA,1
FMO,IBZ,1
FMO,PMI,31
FMO,TFS,1
FMO,BRN,1
FMO,BXO,1
FMO,AYT,21
FNB,NO,0
FNI,CRL,7
FNI,LME,1
FNI,LYN,3
FNI,LBG,1
FNI,PGF,1
FNI,DUB,2
FNI,FEZ,4
FNI,RAK,3
FNI,OPO,2
FNI,EDI,3
FNI,STN,4
FNU,NO,0
FRF,NO,0
FNJ,NO,0
FCO,TIA,36
FCO,ALG,16
FCO,EZE,12
FCO,EVN,8
FCO,INN,1
FCO,VIE,42
FCO,GYD,2
FCO,BAH,4
FCO,BRU,48
FCO,GRU,12
FCO,BOJ,1
FCO,SOF,8
FCO,YYC,5
FCO,YUL,11
FCO,YYZ,12
FCO,BVC,2
FCO,PEK,5
FCO,TFU,3
FCO,CKG,2
FCO,HGH,4
FCO,PVG,11
FCO,SZX,2
FCO,WNZ,1
FCO,DBV,9
FCO,SPU,19
FCO,ZAD,2
FCO,ZAG,5
FCO,HAV,1
FCO,LCA,4
FCO,PRG,25
FCO,BLL,3
FCO,CPH,27
FCO,LRM,1
FCO,HBE,3
FCO,CAI,29
FCO,SPX,0
FCO,RMF,2
FCO,MUH,2
FCO,SSH,6
FCO,ADD,8
FCO,HEL,16
FCO,TKU,2
FCO,BSL,10
FCO,BOD,6
FCO,FSC,2
FCO,LIL,2
FCO,LYS,20
FCO,MRS,17
FCO,MPL,2
FCO,NTE,10
FCO,NCE,39
FCO,CDG,87
FCO,ORY,78
FCO,PIS,1
FCO,SXB,2
FCO,LDE,2
FCO,TLS,4
FCO,KUT,4
FCO,BER,23
FCO,CGN,13
FCO,DTM,3
FCO,DUS,15
FCO,FRA,49
FCO,HAM,11
FCO,FMM,3
FCO,MUC,40
FCO,STR,8
FCO,PVK,4
FCO,ATH,57
FCO,CHQ,2
FCO,HER,1
FCO,EFL,2
FCO,KGS,3
FCO,RHO,1
FCO,JTR,3
FCO,JSI,2
FCO,SKG,3
FCO,ZTH,1
FCO,BUD,8
FCO,KEF,7
FCO,DEL,4
FCO,IKA,2
FCO,ORK,2
FCO,DUB,30
FCO,TLV,51
FCO,AHO,48
FCO,BRI,58
FCO,BLQ,21
FCO,BDS,39
FCO,CAG,63
FCO,CTA,131
FCO,CIY,14
FCO,FLR,32
FCO,GOA,31
FCO,SUF,23
FCO,LMP,1
FCO,BGY,37
FCO,LIN,98
FCO,MXP,14
FCO,NAP,31
FCO,OLB,61
FCO,PMO,155
FCO,REG,16
FCO,TPS,12
FCO,TRS,31
FCO,TRN,30
FCO,VCE,32
FCO,VRN,4
FCO,HND,6
FCO,AMM,8
FCO,KWI,5
FCO,RIX,6
FCO,BEY,2
FCO,MJI,1
FCO,VNO,7
FCO,LUX,8
FCO,NOS,1
FCO,MLE,1
FCO,MLA,27
FCO,MEX,6
FCO,KIV,2
FCO,TGD,3
FCO,CMN,8
FCO,AMS,52
FCO,EIN,16
FCO,RTM,4
FCO,SKP,5
FCO,BGO,2
FCO,OSL,13
FCO,GDN,3
FCO,KRK,5
FCO,RZE,3
FCO,WAW,12
FCO,RDO,3
FCO,FAO,2
FCO,LIS,32
FCO,OPO,4
FCO,DOH,18
FCO,BCM,6
FCO,BBU,10
FCO,OTP,18
FCO,CRA,0
FCO,IAS,4
FCO,SCV,6
FCO,TSR,4
FCO,DMM,2
FCO,JED,8
FCO,RUH,8
FCO,DSS,0
FCO,BEG,12
FCO,SIN,5
FCO,ICN,14
FCO,ALC,7
FCO,OVD,4
FCO,BCN,101
FCO,BIO,2
FCO,CDT,2
FCO,LPA,2
FCO,IBZ,13
FCO,ACE,2
FCO,MAD,115
FCO,MAH,4
FCO,AGP,22
FCO,PMI,9
FCO,SDR,5
FCO,SVQ,4
FCO,TFS,7
FCO,VLC,22
FCO,GOT,2
FCO,ARN,21
FCO,GVA,27
FCO,LUG,1
FCO,ZRH,41
FCO,TPE,4
FCO,TUN,19
FCO,IST,31
FCO,SAW,24
FCO,AUH,16
FCO,DXB,16
FCO,BHX,4
FCO,BRS,8
FCO,GLA,2
FCO,LBA,2
FCO,LGW,58
FCO,LHR,59
FCO,STN,4
FCO,MAN,10
FCO,NCL,2
FCO,ATL,16
FCO,BOS,16
FCO,CLT,8
FCO,ORD,16
FCO,DFW,16
FCO,DTW,8
FCO,LAX,8
FCO,MIA,8
FCO,JFK,56
FCO,EWR,16
FCO,PHL,8
FCO,SFO,8
FCO,IAD,13
FSP,YHZ,4
FSP,YUL,2
FSP,YYT,2
FSZ,FUK,32
FSZ,IZO,8
FSZ,KOJ,8
FSZ,KMJ,8
FSZ,CTS,8
FSZ,OKD,8
FSZ,ICN,3
FLZ,KNO,10
FSD,YYC,1
FSD,ABR,5
FSD,ALN,1
FSD,ATL,8
FSD,AUS,2
FSD,BIS,1
FSD,ORD,40
FSD,DFW,16
FSD,APA,1
FSD,DEN,26
FSD,DSM,1
FSD,FAR,2
FSD,FNL,1
FSD,FMS,1
FSD,GRI,1
FSD,LAS,4
FSD,LNK,1
FSD,LAX,2
FSD,SDF,2
FSD,MKT,1
FSD,MCW,0
FSD,MEM,4
FSD,FCM,1
FSD,MSP,44
FSD,MBG,1
FSD,BNA,4
FSD,SFB,2
FSD,AZA,4
FSD,PHX,8
FSD,PIR,5
FSD,RAP,5
FSD,RST,1
FSD,SAN,2
FSD,SPF,1
FSD,STP,1
FSD,PIE,3
FSD,YKN,1
FKS,ITM,42
FKS,CTS,8
FTU,TNR,7
FTU,RUN,1
FOE,QQG,1
FOE,BIS,1
FOE,CMH,1
FOE,CXO,1
FAE,AAL,3
FAE,BLL,4
FAE,CPH,28
FAE,CDG,4
FAE,KEF,4
FAE,BGO,2
FAE,OSL,3
FAE,EDI,2
FOK,BDA,1
FOK,YTZ,7
FOK,TLV,1
FOK,ABE,1
FOK,PDK,2
FOK,BED,2
FOK,CHO,1
FOK,PWK,1
FOK,APA,1
FOK,FRG,1
FOK,TYQ,1
FOK,AZO,1
FOK,MIA,1
FOK,MMU,1
FOK,BNA,2
FOK,GON,1
FOK,OWD,1
FOK,OXC,1
FOK,PNE,1
FOK,SCF,1
FOK,TTN,1
FOK,IAD,4
FOK,HPN,2
FOK,INT,1
