Departure,Arrival,Number of flights
GGB,CGB,3
GGF,BEL,4
GDR,NO,0
GYL,PER,1
GUW,SSH,3
GUW,KUT,3
GUW,SCO,16
GUW,AKX,10
GUW,ALA,28
GUW,NQZ,27
GUW,URA,4
GUW,CIT,14
GUW,DMB,2
GUW,AMS,5
GUW,SVO,3
GUW,AYT,2
GUW,IST,6
GYD,VIE,5
GYD,NAJ,5
GYD,BAH,1
GYD,DAC,1
GYD,MSQ,5
GYD,PVG,19
GYD,URC,3
GYD,CGO,5
GYD,PRG,2
GYD,SSH,2
GYD,CDG,2
GYD,BUS,2
GYD,TBS,36
GYD,BER,2
GYD,FRA,5
GYD,HHN,18
GYD,HKG,10
GYD,BUD,3
GYD,DEL,4
GYD,BOM,1
GYD,IKA,2
GYD,BGW,1
GYD,TLV,14
GYD,MXP,10
GYD,FCO,2
GYD,KIX,1
GYD,NRT,2
GYD,SCO,10
GYD,AKX,5
GYD,ALA,7
GYD,NQZ,4
GYD,KWI,14
GYD,FRU,2
GYD,RIX,2
GYD,LUX,7
GYD,KIV,1
GYD,TIV,1
GYD,AMS,8
GYD,LHE,2
GYD,WAW,5
GYD,DOH,7
GYD,ASF,5
GYD,GRV,2
GYD,KZN,7
GYD,KJA,1
GYD,MCX,2
GYD,MRV,9
GYD,DME,20
GYD,SVO,24
GYD,VKO,21
GYD,ZIA,2
GYD,OVB,5
GYD,PEE,1
GYD,KUF,6
GYD,AER,6
GYD,LED,11
GYD,SGC,4
GYD,TJM,3
GYD,UFA,6
GYD,VOG,3
GYD,SVX,5
GYD,DMM,4
GYD,JED,6
GYD,MED,3
GYD,RUH,8
GYD,BEG,1
GYD,SIN,2
GYD,ICN,2
GYD,BCN,2
GYD,GVA,1
GYD,DYU,2
GYD,BKK,1
GYD,ESB,12
GYD,AYT,13
GYD,BJV,1
GYD,DLM,3
GYD,IST,51
GYD,SAW,27
GYD,ADB,8
GYD,TZX,2
GYD,AUH,9
GYD,DXB,24
GYD,DWC,4
GYD,SHJ,11
GYD,LHR,3
GYD,EMA,3
GYD,ORD,4
GYD,FEG,1
GYD,SKD,1
GYD,TAS,10
GYD,HAN,2
GIC,HID,10
GIC,SBR,20
GGH,NO,0
GBZ,NO,0
GDV,BIL,17
GDV,SDY,2
GAE,TUN,2
GBE,FRW,6
GBE,MUB,8
GBE,ADD,9
GBE,CPT,4
GBE,JNB,56
GBE,HRE,2
GCH,THR,2
GAD,CRX,1
GNV,ATL,36
GNV,BCT,1
GNV,CLT,29
GNV,MDW,1
GNV,DFW,8
GNV,DAB,1
GNV,VQQ,1
GNV,TYS,1
GNV,MIA,8
GNV,MOB,1
GNV,ORL,1
GNV,TPA,5
GNV,VNY,1
GVL,GVL,1
GVL,LWB,1
GVL,MMU,1
GLE,OSH,0
GAI,BED,1
GAI,HGR,1
GAI,OCE,1
GAI,TEB,1
GPS,GYE,44
GPS,UIO,9
GLK,JIB,1
GLK,NBO,3
GLK,GGR,2
GLK,MGQ,5
GAL,FAI,16
GAL,HSL,2
GAL,KAL,4
GAL,NUL,7
GAL,RBY,9
GEV,AJR,13
GEV,KRN,2
GEV,UME,1
GUP,ABQ,1
GUP,AZA,1
GUP,PHX,11
GLS,LIR,1
GLS,MAF,1
GMB,ADD,20
GAM,OME,18
GAM,SVA,7
GAN,KDM,8
GAN,GKK,12
GAN,MLE,24
GAN,CMB,2
GNJ,DME,3
GNJ,SVO,1
GNJ,VKO,9
GNJ,IST,1
GNJ,SAW,2
GAQ,BKO,2
GAT,NO,0
GCK,XNA,1
GCK,DFW,16
GCK,MKC,1
GCK,ICT,3
GAS,WIL,7
GOU,DLA,5
GOU,NSI,4
GGR,ADD,6
GGR,NBO,2
GGR,JED,1
GGR,BSA,3
GGR,GLK,1
GGR,HGA,3
GGR,MGQ,11
GYY,BMG,1
GYY,TYS,1
GYY,LWM,1
GYY,SDF,2
GYY,OPF,1
GYY,APF,1
GYY,QQN,1
GYY,PHL,1
GYY,PSM,1
GYY,TVC,1
GYY,INT,1
GZG,TFU,8
GVX,NO,0
GAY,DEL,8
GAY,CCU,8
GAY,JED,4
GAY,RKT,1
GLR,GRR,2
GZT,BSL,1
GZT,BER,2
GZT,DUS,4
GZT,FRA,2
GZT,HAJ,2
GZT,STR,2
GZT,JED,18
GZT,MED,1
GZT,ZRH,1
GZT,ESB,22
GZT,AYT,6
GZT,CKZ,1
GZT,ECN,14
GZT,IST,72
GZT,SAW,36
GZT,ADB,12
GZT,TZX,2
GZP,BLL,1
GZP,CPH,2
GZP,HEL,6
GZP,AMS,2
GZP,OSL,3
GZP,VKO,1
GZP,ARN,2
GZP,ESB,5
GZP,IST,24
GZP,SAW,8
GDN,TIA,0
GDN,CRL,1
GDN,BOJ,5
GDN,SPU,1
GDN,ZAD,2
GDN,LCA,2
GDN,PFO,3
GDN,PRG,3
GDN,AAR,3
GDN,BLL,5
GDN,CPH,18
GDN,TKU,5
GDN,BVA,7
GDN,KUT,4
GDN,BER,1
GDN,CGN,3
GDN,DTM,8
GDN,DUS,3
GDN,FRA,17
GDN,HAM,11
GDN,MUC,16
GDN,NUE,4
GDN,CHQ,2
GDN,CFU,2
GDN,HER,4
GDN,RHO,1
GDN,JTR,3
GDN,ZTH,2
GDN,BUD,1
GDN,KEF,4
GDN,ORK,2
GDN,DUB,5
GDN,BGY,5
GDN,NAP,2
GDN,PSA,2
GDN,FCO,3
GDN,TSF,3
GDN,RIX,3
GDN,MLA,3
GDN,TGD,2
GDN,AMS,21
GDN,EIN,7
GDN,AES,5
GDN,BGO,10
GDN,HAU,5
GDN,OSL,15
GDN,TRF,19
GDN,SVG,7
GDN,TOS,2
GDN,TRD,4
GDN,GDN,2
GDN,KTW,1
GDN,KRK,8
GDN,LUZ,2
GDN,POZ,1
GDN,RZE,2
GDN,QPB,1
GDN,WAW,46
GDN,WRO,4
GDN,IEG,2
GDN,BTS,1
GDN,ALC,3
GDN,BCN,5
GDN,AGP,4
GDN,PMI,1
GDN,GOT,13
GDN,MMX,5
GDN,RNB,1
GDN,ARN,16
GDN,NYO,15
GDN,VXO,3
GDN,ZRH,4
GDN,MIR,1
GDN,AYT,8
GDN,ABZ,3
GDN,BFS,3
GDN,BRS,3
GDN,EDI,8
GDN,LBA,7
GDN,LPL,4
GDN,LTN,16
GDN,STN,16
GDN,MAN,2
GDN,NCL,2
GKE,VCE,1
GDZ,LED,2
GLU,NO,0
GES,CRK,4
GES,CEB,12
GES,ILO,7
GES,MNL,33
GVA,TIA,3
GVA,ALG,6
GVA,VIE,22
GVA,DAC,0
GVA,BRU,49
GVA,CRL,1
GVA,SOF,2
GVA,YUL,6
GVA,PEK,3
GVA,CKG,1
GVA,DBV,2
GVA,SPU,5
GVA,LCA,1
GVA,PRG,8
GVA,CPH,25
GVA,CAI,4
GVA,HRG,6
GVA,ADD,7
GVA,HEL,11
GVA,AJA,3
GVA,MLH,2
GVA,BSL,3
GVA,BIA,3
GVA,BIQ,2
GVA,BOD,24
GVA,CEQ,1
GVA,FSC,4
GVA,LIL,4
GVA,MRS,1
GVA,NTE,20
GVA,NCE,48
GVA,CDG,72
GVA,LBG,2
GVA,ORY,15
GVA,RCO,1
GVA,LTT,1
GVA,SXB,1
GVA,TLN,2
GVA,TLS,8
GVA,QCB,1
GVA,BER,7
GVA,CGN,1
GVA,DUS,4
GVA,FRA,55
GVA,HAM,5
GVA,MUC,32
GVA,OBF,1
GVA,ATH,18
GVA,HER,5
GVA,KGS,1
GVA,JMK,3
GVA,JTR,2
GVA,BUD,6
GVA,KEF,5
GVA,DUB,12
GVA,TLV,5
GVA,BDS,12
GVA,CAG,2
GVA,CTA,8
GVA,EBA,1
GVA,FLR,1
GVA,SUF,2
GVA,LIN,1
GVA,MXP,1
GVA,NAP,13
GVA,OLB,7
GVA,PMO,4
GVA,FCO,27
GVA,VCE,7
GVA,AMM,2
GVA,PRN,19
GVA,KWI,4
GVA,BEY,6
GVA,LUX,17
GVA,MLA,5
GVA,AGA,3
GVA,CMN,10
GVA,RAK,13
GVA,AMS,61
GVA,RTM,1
GVA,SKP,5
GVA,OSL,3
GVA,WAW,16
GVA,CAT,1
GVA,FAO,8
GVA,FNC,2
GVA,LIS,55
GVA,OPO,62
GVA,DOH,8
GVA,OTP,3
GVA,JED,4
GVA,RUH,4
GVA,BEG,4
GVA,LCG,2
GVA,ALC,9
GVA,BCN,36
GVA,BIO,2
GVA,IBZ,13
GVA,MAD,42
GVA,MAH,2
GVA,AGP,17
GVA,PMI,19
GVA,SCQ,8
GVA,SVQ,5
GVA,TFS,4
GVA,VLC,4
GVA,GOT,1
GVA,ARN,6
GVA,BRN,1
GVA,QYC,1
GVA,QYL,1
GVA,LUG,1
GVA,ZRH,44
GVA,DJE,1
GVA,NBE,5
GVA,TUN,11
GVA,AYT,6
GVA,IST,24
GVA,SAW,9
GVA,ADB,2
GVA,AZI,1
GVA,AUH,5
GVA,DXB,16
GVA,BHX,4
GVA,BRS,10
GVA,EDI,12
GVA,FAB,1
GVA,LPL,1
GVA,BQH,1
GVA,LCY,15
GVA,LGW,45
GVA,LHR,89
GVA,LTN,16
GVA,OXF,1
GVA,MAN,23
GVA,JFK,16
GVA,EWR,8
GVA,IAD,8
GOA,TIA,7
GOA,CRL,3
GOA,ORY,4
GOA,FRA,1
GOA,MUC,8
GOA,STR,1
GOA,DUB,2
GOA,BRI,3
GOA,BDS,2
GOA,CAG,2
GOA,CTA,8
GOA,SUF,3
GOA,NAP,8
GOA,OLB,3
GOA,PMO,8
GOA,FCO,32
GOA,AMS,8
GOA,GDN,1
GOA,OTP,2
GOA,BCN,2
GOA,LGW,3
GOA,LTN,1
GOA,STN,6
GOA,MAN,4
GRJ,BFN,5
GRJ,CPT,21
GRJ,JNB,91
GGT,NAS,31
GGT,TYM,1
GGT,ATL,6
GGT,CLT,8
GGT,FLL,15
GGT,MIA,17
GGT,MCO,1
GGT,PBI,1
GCM,NAS,7
GCM,YYZ,2
GCM,CYB,29
GCM,LYB,21
GCM,HAV,2
GCM,LCE,1
GCM,KIN,9
GCM,ATL,8
GCM,BWI,1
GCM,CLT,9
GCM,ORD,1
GCM,DFW,8
GCM,DEN,1
GCM,FLL,8
GCM,IAH,9
GCM,LAX,1
GCM,MIA,32
GCM,JFK,8
GCM,EWR,1
GCM,PHL,1
GCM,TPA,5
GCM,IAD,1
GCM,STX,1
GEO,BGI,14
GEO,YYZ,3
GEO,SDQ,0
GEO,GND,1
GEO,PTY,3
GEO,UVF,2
GEO,PBM,5
GEO,POS,22
GEO,MIA,12
GEO,JFK,24
GED,BCT,1
GED,LGA,1
GED,BBX,1
GED,SAF,1
GED,SCE,1
GGE,BLI,1
GGE,FLL,1
GGE,GMU,1
GGE,TYS,1
GET,ALH,1
GET,OCM,3
GET,BQB,1
GET,PER,20
GHA,AZR,1
GHA,ALG,8
GHA,CZL,2
GHA,VVZ,1
GHA,ORN,1
GHA,TMR,1
GHT,NO,0
GIB,BRS,3
GIB,LGW,15
GIB,LHR,14
GIB,MAN,8
GHF,QCS,1
GIL,ISB,16
GCC,DEN,14
GCC,EAN,1
GBW,PER,2
GRO,BRU,4
GRO,CRL,12
GRO,HEL,2
GRO,BVA,4
GRO,HHN,2
GRO,FKB,8
GRO,FMM,4
GRO,NUE,5
GRO,NRN,7
GRO,ORK,3
GRO,DUB,5
GRO,NOC,2
GRO,SNN,2
GRO,PSR,3
GRO,PSA,8
GRO,RIX,3
GRO,AMS,5
GRO,EIN,5
GRO,RTM,6
GRO,KRK,2
GRO,POZ,2
GRO,WRO,3
GRO,BCN,1
GRO,AGP,1
GRO,PMI,1
GRO,SCQ,2
GRO,GVA,1
GRO,SIR,2
GRO,ZRH,1
GRO,BFS,4
GRO,BHX,6
GRO,BOH,6
GRO,BRS,8
GRO,GLA,1
GRO,LBA,5
GRO,BQH,1
GRO,LGW,2
GRO,STN,15
GRO,MAN,7
GRO,NCL,1
GRO,EMA,3
GIS,AKL,40
GIS,NPE,2
GIS,WLG,16
GZO,BAS,1
GZO,CHY,3
GZO,HIR,8
GZO,MUA,7
GZO,EGM,1
GJR,GJR,2
GJR,RKV,2
GLT,BNE,47
GLT,MEL,3
GLA,CRL,2
GLA,BOJ,1
GLA,YYZ,7
GLA,DBV,1
GLA,SPU,3
GLA,LCA,2
GLA,PFO,6
GLA,CDG,14
GLA,BER,3
GLA,FRA,15
GLA,CFU,4
GLA,HER,3
GLA,EFL,2
GLA,KGS,2
GLA,RHO,6
GLA,ZTH,4
GLA,KEF,12
GLA,DUB,58
GLA,GOA,1
GLA,NAP,1
GLA,FCO,2
GLA,VRN,2
GLA,JER,6
GLA,MLA,2
GLA,CUN,4
GLA,AMS,32
GLA,KRK,5
GLA,WMI,2
GLA,WRO,3
GLA,FAO,12
GLA,FNC,1
GLA,LIS,2
GLA,OPO,2
GLA,ALC,20
GLA,BCN,5
GLA,FUE,3
GLA,GRO,1
GLA,LPA,5
GLA,IBZ,9
GLA,ACE,6
GLA,MAH,2
GLA,AGP,17
GLA,PMI,18
GLA,REU,6
GLA,TFS,13
GLA,NBE,1
GLA,AYT,11
GLA,BJV,2
GLA,DLM,15
GLA,ADB,1
GLA,DXB,8
GLA,ABZ,1
GLA,BRR,16
GLA,BHD,21
GLA,BFS,34
GLA,BEB,14
GLA,BHX,18
GLA,BRS,28
GLA,CAL,13
GLA,LDY,4
GLA,EXT,5
GLA,GLA,1
GLA,PIK,1
GLA,INV,1
GLA,ILY,15
GLA,KOI,8
GLA,BQH,1
GLA,LCY,35
GLA,LGW,48
GLA,LHR,69
GLA,LTN,23
GLA,STN,23
GLA,SOU,29
GLA,SYY,22
GLA,LSI,8
GLA,TRE,16
GLA,MLB,4
GGW,BIL,18
GGW,LWT,1
GGW,SDY,1
GFL,NO,0
GLO,FAO,1
GLO,QYL,1
GLO,QKT,1
GLO,BQH,1
GOI,BAH,5
GOI,AMD,13
GOI,BLR,84
GOI,IXC,8
GOI,MAA,8
GOI,COK,8
GOI,DEL,118
GOI,HYD,61
GOI,IDR,10
GOI,CCU,8
GOI,LKO,8
GOI,BOM,137
GOI,MYQ,6
GOI,PNQ,7
GOI,RPR,8
GOI,STV,8
GOI,MCT,5
GOI,DOH,8
GOI,DXB,5
GOI,SHJ,6
GOI,LGW,4
GOX,AMD,12
GOX,ATQ,8
GOX,BLR,49
GOX,BHO,3
GOX,BBI,5
GOX,MAA,0
GOX,CJB,5
GOX,DED,3
GOX,DEL,21
GOX,HYD,17
GOX,JAI,8
GOX,CCU,3
GOX,LKO,3
GOX,BOM,66
GOX,NAG,8
GOX,ISK,6
GOX,PAT,5
GOX,PNQ,8
GOX,RAJ,3
GOX,IXR,3
GOX,BDQ,3
GOX,VNS,3
GOX,VTZ,3
GOB,ADD,5
GDE,JIJ,8
GYN,CNF,24
GYN,BSB,27
GYN,VCP,35
GYN,CGB,11
GYN,MCZ,1
GYN,PMW,6
GYN,BPS,1
GYN,REC,9
GYN,RAO,8
GYN,SDU,20
GYN,SSA,7
GYN,CGH,83
GYN,GRU,50
GYN,GTP,6
GTR,ATL,16
GTR,CHA,1
GTR,BNA,1
GTR,IAD,1
GLF,SJO,0
GOQ,LXA,8
GOQ,XIY,8
GOQ,XNN,24
GOQ,CGO,8
GMQ,XNN,18
GLV,ELI,12
GLV,WMO,7
GOM,BNC,4
GOM,BUX,6
GOM,IRP,1
GOM,FMI,2
GOM,KND,3
GOM,FIH,7
GOM,FKI,2
GOM,ADD,8
GOM,NBO,6
GMO,ABV,8
GME,NO,0
GDQ,ADD,60
GDQ,LLI,5
GDB,NO,0
GLD,DEN,1
GOP,DEL,27
GOP,HYD,8
GOP,CCU,10
GOP,LKO,6
GOP,BOM,15
GBT,PGU,1
GBT,MHD,5
GBT,THR,21
GBT,ZAH,1
GOZ,NO,0
GKA,HGU,5
GKA,POM,22
GTO,CGK,13
GTO,UPG,37
GSH,LUK,1
GSH,FNT,1
GOT,VIE,8
GOT,BRU,15
GOT,BNX,2
GOT,TZL,2
GOT,BOJ,1
GOT,SPU,1
GOT,ZAD,3
GOT,ZAG,2
GOT,LCA,5
GOT,PRG,4
GOT,BLL,4
GOT,CPH,24
GOT,HEL,32
GOT,BSL,1
GOT,CFR,1
GOT,LYS,1
GOT,CDG,22
GOT,BER,5
GOT,DUS,10
GOT,FRA,34
GOT,HAM,4
GOT,MUC,16
GOT,CHQ,4
GOT,HER,1
GOT,KGS,1
GOT,RHO,7
GOT,SMI,1
GOT,BUD,3
GOT,KEF,3
GOT,DUB,2
GOT,CAG,2
GOT,BGY,4
GOT,PSA,2
GOT,FCO,2
GOT,RIX,8
GOT,KUN,3
GOT,AMS,37
GOT,SKP,3
GOT,BGO,8
GOT,OSL,11
GOT,GDN,13
GOT,KRK,2
GOT,WAW,8
GOT,WMI,3
GOT,BEG,6
GOT,ALC,13
GOT,BCN,4
GOT,LPA,2
GOT,AGP,15
GOT,PMI,9
GOT,LLA,2
GOT,MMX,1
GOT,ORB,6
GOT,ARN,60
GOT,BMA,37
GOT,UME,1
GOT,VBY,2
GOT,ZRH,17
GOT,AYT,9
GOT,IST,12
GOT,CBG,4
GOT,EDI,2
GOT,LCY,1
GOT,LHR,20
GOT,STN,6
GOT,MAN,3
GOT,EWR,3
GSE,NRK,1
GOV,CNS,8
GOV,DRW,9
GOV,GTE,1
GVR,CNF,12
GHB,NAS,49
GHB,ELH,8
GHB,BCT,1
GHB,FXE,2
GHB,FLL,1
GHB,TMB,1
GRW,TER,20
GRW,PDL,8
GFN,NO,0
GRX,ORY,3
GRX,OVD,3
GRX,BCN,23
GRX,LPA,4
GRX,MAD,19
GRX,AGP,1
GRX,MLN,10
GRX,PMI,11
GRX,TFN,2
GRX,LGW,3
GCN,PGA,0
GCW,BLD,6
GFK,BIS,1
GFK,FAR,1
GFK,GFK,14
GFK,LSE,1
GFK,LAS,2
GFK,MSP,24
GFK,MOT,1
GFK,PKD,1
GFK,TVF,1
GRI,BRL,1
GRI,OLU,1
GRI,DFW,16
GRI,HSI,1
GRI,LAS,2
GRI,MEM,1
GRI,OMA,2
GRI,AZA,2
GJT,COS,2
GJT,DFW,25
GJT,APA,1
GJT,DEN,42
GJT,LAS,3
GJT,LAX,2
GJT,PHX,16
GJT,SLC,3
GJT,SHR,1
GRM,FCM,1
GRR,,0
GRR,ATL,28
GRR,AUS,2
GRR,BWI,9
GRR,XNA,0
GRR,BOS,2
GRR,CLT,24
GRR,DPA,1
GRR,PWK,1
GRR,MDW,24
GRR,ORD,72
GRR,DFW,27
GRR,DVN,1
GRR,DEN,30
GRR,DTW,32
GRR,FRH,0
GRR,QTB,1
GRR,IAH,8
GRR,IND,3
GRR,LAS,4
GRR,LAX,2
GRR,LDM,1
GRR,MFD,1
GRR,MEM,4
GRR,MSP,32
GRR,BNA,4
GRR,LGA,21
GRR,EWR,26
GRR,LBF,2
GRR,ORL,1
GRR,MCO,6
GRR,SFB,7
GRR,PLN,3
GRR,PHL,16
GRR,AZA,5
GRR,PTK,1
GRR,PDX,2
GRR,PGD,3
GRR,SRQ,3
GRR,CIU,2
GRR,SSM,1
GRR,SAV,1
GRR,SCF,2
GRR,PIE,5
GRR,TVC,4
GRR,DCA,15
GPZ,INL,1
GPZ,MSP,1
GDT,PLS,73
GDT,SLX,3
GDT,XSC,7
GNT,ABQ,1
GFR,NO,0
GRZ,LNZ,1
GRZ,VIE,20
GRZ,DBV,1
GRZ,LSZ,1
GRZ,LCA,1
GRZ,HRG,3
GRZ,URO,1
GRZ,BER,6
GRZ,DUS,7
GRZ,FRA,27
GRZ,HAM,4
GRZ,MUC,8
GRZ,CHQ,1
GRZ,CFU,1
GRZ,HER,3
GRZ,AOK,1
GRZ,EFL,1
GRZ,KGS,2
GRZ,RHO,2
GRZ,JSI,1
GRZ,BZO,1
GRZ,TIV,1
GRZ,AMS,8
GRZ,MBX,1
GRZ,PMI,3
GRZ,ZRH,4
GRZ,AYT,3
GRZ,BHX,1
GBD,GUC,0
GBD,ICT,2
GTF,BCN,1
GTF,BIL,3
GTF,BZN,3
GTF,ORD,1
GTF,DEN,16
GTF,PAE,1
GTF,GGW,1
GTF,HLN,1
GTF,IDA,1
GTF,FCA,2
GTF,LAS,2
GTF,MEM,2
GTF,MSP,8
GTF,MSO,2
GTF,SLC,24
GTF,BFI,1
GTF,SEA,8
GHC,TYM,1
GHC,FXE,1
GHC,FLL,3
GXY,COE,1
GXY,ELK,1
GRB,ATL,8
GRB,BGR,1
GRB,DPA,1
GRB,PWK,1
GRB,ORD,64
GRB,CEU,1
GRB,DEN,4
GRB,DTW,20
GRB,HAO,0
GRB,IMT,1
GRB,MSN,1
GRB,MKE,1
GRB,MSP,23
GRB,MCO,2
GRB,OSH,1
GRB,FSD,1
GRB,TEB,1
GNI,NO,0
GCY,TRI,1
GSO,ATL,52
GSO,BLM,1
GSO,TRI,5
GSO,CHS,1
GSO,CLT,52
GSO,CHO,1
GSO,ORD,26
GSO,CVG,1
GSO,CAE,2
GSO,DFW,16
GSO,DTW,7
GSO,FLL,3
GSO,GSO,3
GSO,GUS,1
GSO,GPT,1
GSO,HOU,1
GSO,IND,2
GSO,JAX,2
GSO,EYW,1
GSO,TYS,1
GSO,LNS,2
GSO,LZU,6
GSO,LWB,1
GSO,SDF,2
GSO,MNZ,6
GSO,MEM,4
GSO,MIA,9
GSO,MKE,1
GSO,MYR,1
GSO,BNA,5
GSO,QQN,1
GSO,NEW,1
GSO,LGA,50
GSO,EWR,24
GSO,PAH,1
GSO,PHL,24
GSO,RIC,1
GSO,ROA,1
GSO,QTT,1
GSO,SHV,1
GSO,PIE,2
GSO,SHD,1
GSO,TEB,2
GSO,IAD,1
GSO,DCA,22
GSO,PBI,1
GSO,INT,1
GVT,DAL,1
GVT,RSW,1
GDC,BTR,1
GDC,BHM,1
GDC,JAX,1
GDC,SBN,1
GDC,SOP,1
GLH,DFW,8
GMU,QQR,1
GMU,PDK,1
GMU,BHM,1
GMU,BQK,1
GMU,GGE,1
GMU,MYR,1
GMU,ECP,1
GMU,RDU,0
GMU,SOP,1
GMU,UST,1
GMU,VNC,1
GSP,FRA,3
GSP,MEX,2
GSP,ANC,2
GSP,ATL,67
GSP,ACY,1
GSP,BWI,8
GSP,CLT,53
GSP,ORD,32
GSP,LUK,1
GSP,CAE,1
GSP,DFW,16
GSP,DEN,8
GSP,DTW,15
GSP,FLL,3
GSP,FDK,1
GSP,GSO,2
GSP,GRD,1
GSP,IAH,8
GSP,HOU,2
GSP,SDF,3
GSP,MLB,1
GSP,MEM,2
GSP,MIA,8
GSP,OPF,1
GSP,EWB,1
GSP,LGA,36
GSP,EWR,23
GSP,MCO,6
GSP,SFB,2
GSP,PHL,16
GSP,PIE,2
GSP,SUA,1
GSP,TPA,3
GSP,DCA,23
GWO,GPT,1
GRD,DNL,1
GRD,CHS,1
GRD,GED,1
GRD,GSP,1
GNB,NCY,1
GNB,DIJ,1
GNB,LPY,1
GNB,VAF,2
GNB,GVA,1
GNB,ZRH,1
GMN,NO,0
GFF,NRA,12
GFF,SYD,26
GRY,AEY,3
GNA,NO,0
GRQ,PUY,1
GRQ,MGL,1
GRQ,QCQ,1
GRQ,LBC,1
GRQ,SGE,1
GRQ,HER,2
GRQ,DHR,1
GRQ,GRQ,2
GRQ,LEY,2
GRQ,RTM,2
GRQ,QHT,1
GRQ,SVG,1
GRQ,LPA,2
GRQ,PMI,1
GRQ,BRN,1
GRQ,AYT,2
GRQ,BLK,1
GRQ,LCY,1
GTE,BNE,1
GTE,CNS,7
GTE,DRW,12
GTE,GOV,2
GRS,NO,0
GRV,GYD,2
GRV,SCO,1
GRV,FRU,1
GRV,KZN,2
GRV,DME,24
GRV,SVO,8
GRV,VKO,18
GRV,OVB,3
GRV,GSV,2
GRV,LED,8
GRV,UFA,2
GRV,AYT,4
GRV,IST,8
GDL,YYZ,3
GDL,YVR,4
GDL,BOG,2
GDL,FRA,4
GDL,LUX,1
GDL,ACA,8
GDL,CUN,74
GDL,CUU,23
GDL,CJS,35
GDL,CEN,8
GDL,CUL,24
GDL,DGO,4
GDL,HMO,32
GDL,LAP,26
GDL,LMM,9
GDL,MID,24
GDL,MXL,40
GDL,NLU,27
GDL,MEX,244
GDL,MTY,72
GDL,OAX,13
GDL,PBC,6
GDL,PXM,4
GDL,PVR,37
GDL,QRO,6
GDL,REX,6
GDL,SJD,37
GDL,SLP,4
GDL,TAP,6
GDL,TIJ,143
GDL,TLC,9
GDL,TRC,7
GDL,TGZ,12
GDL,VER,23
GDL,VSA,7
GDL,PTY,5
GDL,MAD,8
GDL,ANC,8
GDL,ATL,8
GDL,CLT,2
GDL,MDW,10
GDL,ORD,24
GDL,CVG,13
GDL,DFW,32
GDL,DEN,6
GDL,FAT,16
GDL,IAH,33
GDL,LRD,4
GDL,LAS,12
GDL,LAX,80
GDL,SDF,2
GDL,MEM,2
GDL,MIA,2
GDL,JFK,5
GDL,OAK,15
GDL,ONT,9
GDL,MCO,0
GDL,PHX,15
GDL,PDX,8
GDL,RNO,6
GDL,SMF,16
GDL,SLC,8
GDL,SAT,8
GDL,SFO,4
GDL,SJC,23
GDL,SEA,9
GGJ,CWB,3
GUM,GUM,2
GUM,FUK,2
GUM,NGO,9
GUM,KIX,9
GUM,NRT,26
GUM,MAJ,0
GUM,TKK,4
GUM,PNI,1
GUM,YAP,1
GUM,SPN,10
GUM,ROR,5
GUM,MNL,13
GUM,PUS,4
GUM,ICN,15
GUM,HNL,8
GNM,CNF,6
GYS,PEK,8
GYS,CAN,4
GYS,KWE,1
GYS,HGH,8
GYS,HFE,2
GYS,TNA,8
GYS,KMG,8
GYS,LXA,3
GYS,NKG,3
GYS,NNG,3
GYS,PVG,8
GYS,SZX,5
GYS,SJW,1
GYS,URC,3
GYS,XIC,2
GAO,HAV,2
GPI,CLO,18
GPB,VCP,6
GUA,BZE,8
GUA,YUL,2
GUA,BOG,9
GUA,SJO,47
GUA,SDQ,9
GUA,UIO,1
GUA,SAL,46
GUA,FRS,54
GUA,PBR,8
GUA,AAZ,2
GUA,RER,2
GUA,XPL,5
GUA,SAP,24
GUA,CUN,14
GUA,MID,4
GUA,MEX,34
GUA,MTY,2
GUA,OAX,3
GUA,TGZ,4
GUA,PTY,32
GUA,ATL,10
GUA,ORD,2
GUA,DFW,11
GUA,FLL,12
GUA,IAH,27
GUA,HOU,1
GUA,LAX,30
GUA,MIA,32
GUA,JFK,13
GUA,EWR,1
GUA,MCO,5
GUA,TPA,1
GUA,IAD,7
GYE,SCL,8
GYE,BOG,34
GYE,CTG,3
GYE,MDE,4
GYE,SDQ,5
GYE,CUE,4
GYE,UIO,186
GYE,SCY,26
GYE,GPS,44
GYE,SAL,4
GYE,AMS,6
GYE,PTY,40
GYE,LIM,8
GYE,MAD,8
GYE,FLL,16
GYE,MIA,16
GYE,JFK,14
GYA,TDD,11
GYM,NO,0
GLN,CMN,2
GLN,TTA,6
GLN,LPA,2
GLN,ACE,1
GCI,BES,1
GCI,CEQ,1
GCI,DNR,1
GCI,LIG,1
GCI,OBF,1
GCI,DUB,3
GCI,SXL,1
GCI,LIN,1
GCI,JER,29
GCI,FAO,1
GCI,AGP,1
GCI,ZRH,1
GCI,ACI,34
GCI,BHX,8
GCI,BLK,1
GCI,BRS,8
GCI,EXT,5
GCI,LBA,3
GCI,BQH,1
GCI,LGW,48
GCI,MAN,10
GCI,EMA,8
GCI,QKR,1
GCI,SOU,30
GBI,BLR,13
GBI,TIR,8
GUF,MHH,1
GUF,AEX,1
GUF,PDK,1
GUF,BHM,1
GUF,DXE,1
GUF,MOB,1
GUF,QQN,1
GUF,QTP,1
GPT,AVL,1
GPT,ATL,31
GPT,DNL,1
GPT,AGS,0
GPT,BWI,1
GPT,CLT,17
GPT,CLE,1
GPT,CRP,1
GPT,ADS,1
GPT,DFW,24
GPT,DTW,2
GPT,GSP,1
GPT,GPT,1
GPT,MDT,1
GPT,PIB,0
GPT,IAH,24
GPT,JAX,1
GPT,LUL,1
GPT,LEX,1
GPT,SDF,1
GPT,DXE,1
GPT,MKE,1
GPT,MSP,2
GPT,NEW,1
GPT,SFB,2
GPT,PNS,1
GPT,RIC,1
GPT,SAT,1
GPT,PIE,2
GPT,TBR,1
GPT,SGR,1
GPT,HPN,1
GUC,DEN,19
GUC,IAH,2
GNS,KNO,48
GUR,MIS,4
GUR,POM,12
GRP,NO,0
GST,JNU,8
GOK,NO,0
GAU,PBH,2
GAU,IXA,21
GAU,AJL,12
GAU,BLR,43
GAU,MAA,24
GAU,DEL,115
GAU,DIB,20
GAU,DMU,8
GAU,HYD,8
GAU,IMF,40
GAU,JRH,4
GAU,CCU,92
GAU,LKO,5
GAU,BOM,35
GAU,IXT,3
GAU,PAT,7
GAU,PNQ,8
GAU,RUP,12
GAU,SHL,7
GAU,IXS,14
GAU,IXB,6
GAU,TEZ,5
GAU,TEI,13
GAU,SIN,4
GUY,CVN,1
GYU,WUH,5
GYU,XIY,10
GYU,INC,8
GWD,MCT,1
GWD,KHI,3
GWL,BLR,9
GWL,DEL,8
GWL,HYD,8
GWL,IDR,2
GWL,BOM,7
GYP,NO,0
GJL,ALG,16
GJL,MRS,2
GIZ,CAI,6
GIZ,DMM,16
GIZ,JED,76
GIZ,RUH,96
GIZ,TIF,2
GIZ,DXB,5
GBA,NO,0
GRK,DFW,39
GKK,GAN,4
GKK,MLE,40
GML,NO,0
GMZ,LPA,16
GMZ,TFN,16
GGG,BGS,0
GGG,CXO,0
GGG,CRP,1
GGG,DFW,16
GGG,GVT,1
GGG,HOU,1
GGG,GGG,0
GGG,OPF,1
GGG,MDD,1
GGG,PEQ,1
GGG,TYR,1
GDX,BQS,1
GDX,IKT,4
GDX,KPW,10
GDX,KHV,8
GDX,SVO,10
GDX,OVB,9
GDX,OHO,2
GDX,PKC,16
GDX,PWE,2
GDX,SWV,3
GDX,YKS,1
GDX,SFO,2
GON,ISP,1
GON,PHF,1
GON,OWD,1
GON,IAD,1
GOJ,EVN,4
GOJ,MSQ,3
GOJ,HRG,0
GOJ,ASF,3
GOJ,CEK,1
GOJ,KGD,2
GOJ,KZN,4
GOJ,MCX,2
GOJ,MRV,2
GOJ,DME,8
GOJ,SVO,48
GOJ,MMK,2
GOJ,NSK,1
GOJ,OVB,4
GOJ,KUF,2
GOJ,GSV,2
GOJ,AER,16
GOJ,LED,37
GOJ,TOF,3
GOJ,UFA,2
GOJ,VOG,1
GOJ,SVX,3
GOJ,AYT,20
GOJ,IST,2
GOJ,TAS,2
GEA,ILP,20
GEA,KNQ,5
GEA,KOC,3
GEA,LIF,33
GEA,MEE,31
GEA,UVE,16
GEA,TGJ,8
GER,HAV,6
GOH,JAV,1
GOH,SFJ,43
GOH,KUS,4
GOH,JSU,4
GOH,UAK,6
GOH,JFR,2
GOH,JHS,5
GOH,KEF,7
GPA,PRG,1
GPA,DUS,2
GPA,FRA,1
GPA,HAJ,1
GPA,MUC,1
GPA,STR,1
GPA,CFU,2
GPA,MXP,1
GPA,WAW,1
GPA,BTS,2
GYR,ABQ,1
GYR,LGB,1
GYR,CLD,2
GYR,MYF,1
GYR,SCF,1
GND,BGI,15
GND,CRU,15
GND,UVF,4
GND,SVD,11
GND,PBM,1
GND,POS,10
GND,CLT,1
GND,MIA,10
GND,JFK,7
GBB,NO,0
GSM,IFN,2
GSM,MHD,6
GSM,THR,32
GSM,DXB,7
GIG,AEP,24
GIG,EZE,30
GIG,COR,3
GIG,ROS,3
GIG,AJU,2
GIG,BEL,3
GIG,BSB,18
GIG,VCP,29
GIG,FOR,24
GIG,IGU,10
GIG,JPA,9
GIG,MCZ,8
GIG,MAO,2
GIG,NAT,12
GIG,REC,18
GIG,SSA,7
GIG,SLZ,3
GIG,GRU,79
GIG,SCL,25
GIG,BOG,8
GIG,CDG,8
GIG,MUC,4
GIG,AMS,7
GIG,PTY,16
GIG,LIM,8
GIG,LIS,11
GIG,OPO,2
GIG,MAD,4
GIG,DXB,4
GIG,LHR,4
GIG,GTP,6
GIG,IAH,8
GIG,MIA,8
GIG,MVD,3
GTI,NO,0
GNY,JED,3
GNY,ESB,12
GNY,IST,27
GNY,SAW,14
GNY,ADB,4
GEL,POA,8
GEL,GRU,3
GRU,LAD,4
GRU,AEP,73
GRU,EZE,43
GRU,COR,3
GRU,MDZ,12
GRU,ROS,3
GRU,SLA,1
GRU,LGG,1
GRU,VVI,17
GRU,AJU,40
GRU,BEL,37
GRU,CNF,98
GRU,BSB,84
GRU,CPV,1
GRU,VCP,4
GRU,CGR,27
GRU,CAC,16
GRU,CXJ,14
GRU,XAP,30
GRU,CGB,64
GRU,CWB,92
GRU,FLN,60
GRU,FOR,72
GRU,IGU,44
GRU,GYN,50
GRU,IOS,14
GRU,IMP,7
GRU,JJD,11
GRU,JPA,38
GRU,JOI,14
GRU,JDO,16
GRU,IZA,8
GRU,LDB,25
GRU,MCZ,47
GRU,MAO,37
GRU,MGF,29
GRU,MOC,14
GRU,NAT,41
GRU,NVT,49
GRU,PMW,21
GRU,PFB,14
GRU,PET,5
GRU,PNZ,23
GRU,POA,127
GRU,BPS,43
GRU,PPB,8
GRU,REC,109
GRU,RAO,16
GRU,RBR,3
GRU,GIG,80
GRU,SDU,112
GRU,SSA,64
GRU,GEL,2
GRU,SJP,15
GRU,SLZ,39
GRU,OPS,6
GRU,THE,14
GRU,UDI,32
GRU,UNA,1
GRU,VDC,30
GRU,VIX,50
GRU,YUL,4
GRU,YYZ,8
GRU,SCL,68
GRU,BOG,33
GRU,PUJ,2
GRU,UIO,5
GRU,ADD,9
GRU,CDG,24
GRU,LBG,1
GRU,FRA,16
GRU,MXP,5
GRU,FCO,12
GRU,MEX,15
GRU,AMS,8
GRU,PTY,40
GRU,ASU,19
GRU,LIM,24
GRU,LIS,26
GRU,OPO,4
GRU,DOH,16
GRU,DSS,2
GRU,BCN,5
GRU,MAD,24
GRU,TFS,1
GRU,ZRH,8
GRU,IST,8
GRU,DXB,8
GRU,LHR,16
GRU,ATL,16
GRU,BOS,4
GRU,ORD,9
GRU,DFW,8
GRU,BJC,1
GRU,GTP,7
GRU,IAH,8
GRU,MIA,33
GRU,JFK,25
GRU,EWR,8
GRU,MCO,5
GRU,SBN,1
GRU,IAD,8
GRU,MVD,33
GRU,PDP,2
GSV,GRV,2
GSV,KZN,2
GSV,MRV,2
GSV,DME,16
GSV,SVO,24
GSV,VKO,8
GSV,GOJ,2
GSV,KUF,1
GSV,AER,3
GSV,LED,3
GSV,SGC,4
GSV,SVX,3
GSV,AYT,3
GXF,CAI,5
GXF,NBO,1
GXF,JED,1
GXF,ADE,1
GMP,PEK,15
GMP,PKX,8
GMP,SHA,29
GMP,KIX,39
GMP,HND,97
GMP,PUS,238
GMP,KWJ,16
GMP,CJU,783
GMP,HIN,31
GMP,MWX,2
GMP,KPO,8
GMP,USN,32
GMP,RSU,24
GMP,TSA,13
GMP,SJC,1
GKT,ISM,1
GKT,MSL,1
GKT,CRE,1
GKT,UCY,1
GVN,KHV,6
GVN,VVO,2
GVN,UUS,6
GEG,ANC,1
GEG,ATL,8
GEG,BOI,24
GEG,ORD,8
GEG,DFW,16
GEG,DEN,48
GEG,ELN,1
GEG,FAR,1
GEG,LAS,12
GEG,LAX,16
GEG,SDF,3
GEG,MEM,4
GEG,MSP,16
GEG,OAK,14
GEG,ONT,3
GEG,PSC,1
GEG,AZA,2
GEG,PHX,17
GEG,PDX,31
GEG,SMF,15
GEG,SLC,40
GEG,SBD,1
GEG,SAN,8
GEG,SFO,29
GEG,SJC,14
GEG,SNA,2
GEG,SEA,155
GEG,TEB,1
GEG,ALW,1
GEG,EAT,1
GEG,YKM,4
GWT,QEW,1
GWT,BER,2
GWT,DUS,5
GWT,FRA,5
GWT,HAM,15
GWT,MHG,5
GWT,MUC,7
GWT,STR,2
GWT,LUX,3
GWT,ZRH,5
GTS,NO,0
GMR,PPT,2
GIF,PIE,1
GXH,NO,0
GAJ,NKM,16
GAJ,ITM,24
GAJ,CTS,8
GAJ,HND,16
