Departure,Arrival,Number of flights
HAY,BOG,3
HBE,BAH,3
HBE,CAI,2
HBE,HRG,2
HBE,SSH,3
HBE,ATH,2
HBE,BGY,1
HBE,MXP,2
HBE,FCO,3
HBE,AMM,8
HBE,KWI,27
HBE,BEN,11
HBE,MRA,3
HBE,MJI,6
HBE,CMN,2
HBE,MCT,3
HBE,DOH,8
HBE,DMM,6
HBE,JED,35
HBE,MED,7
HBE,RUH,15
HBE,IST,10
HBE,AUH,8
HBE,DXB,12
HBE,SHJ,14
HTY,ESB,8
HTY,IST,46
HTY,SAW,15
HOE,VTE,5
HPY,SJD,1
HCZ,BHY,3
HCZ,PKX,8
HCZ,TFU,5
HCZ,CKG,3
HCZ,HAK,5
HCZ,KMG,5
HCZ,LJG,5
HCZ,KHN,2
HCZ,NKG,5
HCZ,NGB,5
HCZ,JJN,5
HCZ,PVG,3
HCZ,WNZ,3
HCZ,XIY,5
HTA,BQS,2
HTA,IKT,12
HTA,KHV,6
HTA,KJA,4
HTA,DME,24
HTA,OVB,16
HTA,VVO,4
HTA,SVX,8
HTA,UUS,2
HXD,XNN,12
HZP,YYC,0
HZP,YEG,0
HHN,TIA,3
HHN,GYD,18
HHN,LGG,0
HHN,TZL,4
HHN,SOF,2
HHN,VAR,2
HHN,ZAD,2
HHN,ZAG,3
HHN,KUT,2
HHN,CGN,1
HHN,DUS,1
HHN,FRA,1
HHN,HHN,1
HHN,WIE,1
HHN,CHQ,2
HHN,CFU,2
HHN,SKG,2
HHN,DUB,5
HHN,KIR,4
HHN,BRI,3
HHN,CAG,4
HHN,CTA,4
HHN,BGY,3
HHN,PMO,2
HHN,TPS,2
HHN,TSF,2
HHN,VNO,3
HHN,KIV,2
HHN,FEZ,3
HHN,RAK,1
HHN,NDR,2
HHN,SKP,3
HHN,FAO,3
HHN,OPO,3
HHN,CLJ,2
HHN,TSR,3
HHN,INI,2
HHN,ALC,2
HHN,BCN,2
HHN,GRO,2
HHN,IBZ,2
HHN,AGP,2
HHN,PMI,13
HHN,SVQ,2
HHN,IST,1
HHN,STN,9
HHN,RFD,1
HHN,GSP,1
HAS,CAI,7
HAS,KWI,3
HAS,DMM,4
HAS,JED,16
HAS,RUH,38
HAS,DXB,3
HAS,SHJ,4
HAC,HND,24
HGR,AKC,1
HGR,ALB,1
HGR,MYR,2
HGR,SFB,2
HGR,SUS,1
HGR,PIE,2
HGR,IAD,1
HFS,OSD,1
HFS,ARN,23
HFS,TYF,23
HFA,LCA,1
HAK,SYD,5
HAK,PNH,1
HAK,,0
HAK,AQG,6
HAK,BZX,4
HAK,BHY,3
HAK,PEK,62
HAK,PKX,49
HAK,CGD,3
HAK,CSX,81
HAK,CZX,12
HAK,CTU,24
HAK,TFU,43
HAK,HCZ,5
HAK,CKG,67
HAK,DAT,3
HAK,DZH,3
HAK,ENH,3
HAK,EHU,3
HAK,FUG,8
HAK,FOC,16
HAK,KOW,15
HAK,CAN,122
HAK,KWL,36
HAK,KWE,29
HAK,HDG,5
HAK,HGH,59
HAK,HRB,3
HAK,HCJ,3
HAK,HFE,19
HAK,HNY,8
HAK,HZA,7
HAK,HET,5
HAK,HJJ,3
HAK,HYN,3
HAK,JGS,8
HAK,SWA,19
HAK,TNA,19
HAK,JDZ,5
HAK,SHS,3
HAK,JNG,3
HAK,JIU,8
HAK,KMG,43
HAK,LHW,7
HAK,LYG,3
HAK,LFQ,5
HAK,LZH,6
HAK,LYA,5
HAK,LZO,5
HAK,MXZ,3
HAK,MIG,14
HAK,KHN,50
HAK,NAO,4
HAK,NKG,54
HAK,NNG,50
HAK,NNY,4
HAK,NGB,16
HAK,JJN,5
HAK,JUZ,7
HAK,RIZ,5
HAK,SQJ,5
HAK,SHA,37
HAK,PVG,67
HAK,SHE,5
HAK,SZX,105
HAK,SJW,18
HAK,TYN,18
HAK,TVS,4
HAK,TSN,15
HAK,TEN,3
HAK,WXN,5
HAK,WEF,3
HAK,WNZ,10
HAK,WUH,64
HAK,WHA,5
HAK,WUX,8
HAK,XIY,38
HAK,XMN,31
HAK,XFN,3
HAK,ACX,3
HAK,XAI,3
HAK,XUZ,6
HAK,YNZ,5
HAK,YBP,8
HAK,YIH,23
HAK,YIC,8
HAK,LLF,5
HAK,YYA,3
HAK,YLX,3
HAK,ZHA,13
HAK,CGO,61
HAK,ZUH,38
HAK,WMT,5
HAK,ZYI,8
HAK,HKG,18
HAK,VTE,1
HAK,MFM,3
HAK,KUL,1
HAK,SIN,7
HAK,DMK,1
HAK,BKK,3
HLD,BAV,8
HLD,RLK,5
HLD,PEK,27
HLD,PKX,8
HLD,CSX,0
HLD,CIF,8
HLD,DLC,8
HLD,DYG,2
HLD,HGH,5
HLD,HRB,16
HLD,HET,85
HLD,TNA,10
HLD,NTG,5
HLD,TAO,3
HLD,PVG,0
HLD,SHE,16
HLD,SJW,8
HLD,TYN,5
HLD,TSN,8
HLD,TGO,22
HLD,HLH,8
HLD,WEH,4
HLD,XIL,5
HLD,NZL,8
HLD,ZHA,2
HLD,CGO,13
HNS,JNU,0
HNS,SGY,0
HPH,ICN,8
HPH,BMV,8
HPH,VCA,5
HPH,DLI,8
HPH,DAD,20
HPH,SGN,119
HPH,CXR,23
HPH,PQC,12
HPH,UIH,4
HKD,NGO,13
HKD,OIR,6
HKD,ITM,16
HKD,CTS,16
HKD,OKD,47
HKD,HND,74
HKD,TPE,2
HAF,NO,0
HCQ,BQW,3
HCQ,FIZ,0
HCQ,KNX,3
HAD,BMA,20
HDM,MHD,1
HMR,NO,0
HRI,ZIA,2
HAM,TIA,4
HAM,GRZ,4
HAM,SZG,8
HAM,VIE,52
HAM,BRU,15
HAM,BNX,2
HAM,BOJ,2
HAM,SOF,4
HAM,VAR,7
HAM,DBV,1
HAM,RJK,3
HAM,SPU,5
HAM,ZAD,3
HAM,LCA,2
HAM,CPH,37
HAM,HRG,12
HAM,HEL,16
HAM,NCY,1
HAM,BSL,15
HAM,CEQ,2
HAM,NCE,5
HAM,CDG,40
HAM,ORY,4
HAM,SNR,1
HAM,TLS,1
HAM,KUT,2
HAM,AGB,1
HAM,BRE,1
HAM,CGN,17
HAM,DUS,22
HAM,MGL,1
HAM,FRA,95
HAM,QEF,1
HAM,FKB,1
HAM,LEJ,1
HAM,FMM,1
HAM,MUC,100
HAM,NUE,1
HAM,SCN,4
HAM,STR,45
HAM,GWT,15
HAM,PVK,2
HAM,ATH,7
HAM,CHQ,6
HAM,CFU,7
HAM,HER,19
HAM,KGS,8
HAM,RHO,6
HAM,SMI,2
HAM,JTR,2
HAM,SKG,8
HAM,ZTH,3
HAM,BUD,7
HAM,KEF,10
HAM,TBZ,1
HAM,IKA,2
HAM,DUB,16
HAM,BRI,1
HAM,BZO,6
HAM,CAG,1
HAM,CTA,2
HAM,BGY,6
HAM,LIN,8
HAM,MXP,11
HAM,NAP,3
HAM,OLB,4
HAM,FCO,11
HAM,VCE,4
HAM,VRN,2
HAM,PRN,1
HAM,RIX,7
HAM,VNO,4
HAM,LUX,9
HAM,MLA,1
HAM,AMS,44
HAM,SKP,5
HAM,BGO,4
HAM,OSL,13
HAM,GDN,11
HAM,KRK,1
HAM,WAW,18
HAM,FAO,9
HAM,FNC,1
HAM,LIS,17
HAM,OPO,6
HAM,OTP,4
HAM,BEG,6
HAM,ALC,5
HAM,BCN,21
HAM,BIO,2
HAM,FUE,8
HAM,LPA,5
HAM,IBZ,7
HAM,XRY,2
HAM,ACE,2
HAM,MAD,13
HAM,AGP,13
HAM,PMI,83
HAM,TFS,5
HAM,VLC,6
HAM,GOT,3
HAM,ARN,14
HAM,QYE,1
HAM,GVA,6
HAM,LUG,1
HAM,SMV,1
HAM,ZRH,56
HAM,MIR,1
HAM,ESB,1
HAM,AYT,40
HAM,DLM,2
HAM,IST,28
HAM,SAW,16
HAM,ADB,9
HAM,DXB,16
HAM,EDI,6
HAM,LGW,9
HAM,LHR,47
HAM,LTN,1
HAM,STN,14
HAM,MAN,2
HMI,PEK,2
HMI,TFU,11
HMI,KRL,3
HMI,LHW,3
HMI,SHF,2
HMI,TCG,5
HMI,URC,3
HMI,XIY,8
HMI,CGO,8
HLZ,CHC,33
HLZ,WLG,43
HAO,CHA,1
HAO,DPA,1
HAO,MWC,1
HAO,ICT,1
HTI,BNE,14
HTI,HIS,0
HTI,MEL,6
HTI,SYD,22
HFT,ALF,1
HFT,BJF,1
HFT,BVG,6
HFT,HAA,7
HFT,HVG,13
HFT,MEH,7
HFT,TOS,49
HFT,VDS,7
HPT,NO,0
HNM,OGG,16
HNA,FUK,8
HNA,UKB,8
HNA,NKM,32
HNA,ITM,32
HNA,CTS,24
HNA,TPE,3
HDG,BAV,1
HDG,CTU,8
HDG,CKG,8
HDG,DLC,3
HDG,FUO,3
HDG,CAN,5
HDG,KWE,1
HDG,HAK,5
HDG,HGH,3
HDG,HET,5
HDG,KMG,3
HDG,DSN,7
HDG,SYX,3
HDG,PVG,8
HDG,SHE,5
HDG,WNZ,5
HDG,XMN,5
HDG,XNN,3
HGH,LGG,5
HGH,BWN,1
HGH,AKA,5
HGH,BAV,5
HGH,PEK,216
HGH,PKX,144
HGH,BFJ,8
HGH,CGQ,58
HGH,CGD,8
HGH,CSX,28
HGH,CIH,2
HGH,CTU,152
HGH,TFU,102
HGH,CIF,8
HGH,CKG,158
HGH,DLU,8
HGH,DLC,74
HGH,DYG,8
HGH,DOY,5
HGH,ENH,11
HGH,FOC,10
HGH,KOW,16
HGH,GYS,8
HGH,CAN,267
HGH,KWL,16
HGH,KWE,77
HGH,HAK,59
HGH,HLD,5
HGH,HDG,3
HGH,HRB,66
HGH,HZA,3
HGH,HET,34
HGH,HJJ,5
HGH,HUZ,8
HGH,JGS,3
HGH,SWA,45
HGH,TNA,8
HGH,JHG,12
HGH,SHS,3
HGH,KMG,129
HGH,LHW,65
HGH,LJG,17
HGH,LFQ,8
HGH,LYI,11
HGH,HZH,3
HGH,LZH,8
HGH,LNL,3
HGH,LYA,15
HGH,LZO,16
HGH,LUM,3
HGH,MIG,15
HGH,NNG,57
HGH,NNY,8
HGH,DSN,8
HGH,TAO,101
HGH,IQN,3
HGH,BAR,2
HGH,JJN,39
HGH,RIZ,5
HGH,SYX,64
HGH,SHE,90
HGH,SZX,290
HGH,SJW,60
HGH,WDS,8
HGH,JZH,3
HGH,TYN,73
HGH,TVS,8
HGH,TSN,51
HGH,TGO,8
HGH,TEN,8
HGH,HLH,5
HGH,URC,67
HGH,WXN,5
HGH,WEF,13
HGH,WEH,16
HGH,WNH,3
HGH,WUH,59
HGH,WUX,1
HGH,XIY,129
HGH,XMN,74
HGH,XFN,8
HGH,XIC,2
HGH,XNN,15
HGH,XAI,8
HGH,ENY,5
HGH,YNT,24
HGH,YBP,16
HGH,YIH,8
HGH,INC,20
HGH,YYA,5
HGH,YLX,4
HGH,UYN,8
HGH,YCU,16
HGH,ZHA,8
HGH,ZAT,8
HGH,CGO,75
HGH,ZUH,50
HGH,WMT,8
HGH,ZYI,8
HGH,CAI,3
HGH,HKG,50
HGH,DPS,1
HGH,CGK,2
HGH,FCO,4
HGH,KIX,46
HGH,NRT,15
HGH,ALA,4
HGH,VTE,1
HGH,MFM,24
HGH,KUL,22
HGH,RGN,3
HGH,MNL,8
HGH,LIS,3
HGH,DOH,5
HGH,ZIA,7
HGH,OVB,2
HGH,SIN,24
HGH,ICN,21
HGH,TPE,8
HGH,DMK,20
HGH,BKK,9
HGH,CNX,5
HGH,HKT,3
HGH,ANC,7
HGH,HAN,8
HGH,CXR,3
HAQ,TRV,1
HAQ,NMF,8
HAQ,MLE,40
HAJ,VIE,21
HAJ,LGG,4
HAJ,VAR,1
HAJ,BVC,1
HAJ,LCA,2
HAJ,BLL,3
HAJ,CPH,7
HAJ,HRG,8
HAJ,RMF,1
HAJ,BOD,1
HAJ,CDG,29
HAJ,SXB,1
HAJ,TLS,1
HAJ,CGN,4
HAJ,FRA,34
HAJ,HAM,2
HAJ,MUC,43
HAJ,STR,3
HAJ,ATH,2
HAJ,CFU,6
HAJ,HER,13
HAJ,KGS,8
HAJ,GPA,1
HAJ,RHO,10
HAJ,SKG,5
HAJ,EBL,1
HAJ,SNN,2
HAJ,MXP,1
HAJ,VRN,1
HAJ,PRN,1
HAJ,RIX,2
HAJ,LUX,1
HAJ,AMS,29
HAJ,FAO,4
HAJ,FNC,2
HAJ,CLJ,1
HAJ,BEG,2
HAJ,BCN,8
HAJ,FUE,5
HAJ,LPA,5
HAJ,IBZ,2
HAJ,XRY,2
HAJ,ACE,1
HAJ,MAH,2
HAJ,PMI,32
HAJ,TFS,3
HAJ,ZRH,18
HAJ,DJE,4
HAJ,MIR,3
HAJ,ADA,1
HAJ,ESB,1
HAJ,AYT,55
HAJ,BJV,3
HAJ,DLM,2
HAJ,DIY,3
HAJ,EZS,1
HAJ,GZT,2
HAJ,IST,17
HAJ,SAW,15
HAJ,ADB,9
HAJ,SZF,1
HAJ,FAB,1
HAJ,LHR,16
HAJ,LTN,1
HAJ,NHT,1
HAN,MEL,2
HAN,SYD,2
HAN,VIE,4
HAN,DAC,3
HAN,PNH,4
HAN,REP,11
HAN,PEK,3
HAN,CKG,2
HAN,DYG,7
HAN,CAN,33
HAN,HGH,8
HAN,HIA,2
HAN,KMG,2
HAN,NTG,2
HAN,NGB,3
HAN,TAO,4
HAN,PVG,9
HAN,SZX,27
HAN,SJW,10
HAN,WUH,8
HAN,XIY,1
HAN,XMN,4
HAN,YNT,6
HAN,CGO,15
HAN,ADD,1
HAN,CDG,6
HAN,FRA,7
HAN,HKG,60
HAN,AMD,4
HAN,DEL,12
HAN,CCU,8
HAN,BOM,8
HAN,DPS,8
HAN,FUK,10
HAN,NGO,12
HAN,KIX,16
HAN,HND,8
HAN,NRT,50
HAN,LPQ,3
HAN,VTE,16
HAN,MFM,3
HAN,KUL,37
HAN,SZB,1
HAN,PEN,1
HAN,RGN,4
HAN,MNL,13
HAN,DOH,22
HAN,IKT,1
HAN,SIN,43
HAN,PUS,16
HAN,ICN,95
HAN,YNY,3
HAN,KHH,14
HAN,RMQ,5
HAN,TPE,75
HAN,DMK,16
HAN,BKK,77
HAN,CNX,8
HAN,HKT,8
HAN,IST,4
HAN,ASB,1
HAN,AUH,5
HAN,DXB,8
HAN,DWC,2
HAN,LGW,1
HAN,LHR,2
HAN,BMV,35
HAN,CAH,3
HAN,VCA,59
HAN,VCL,8
HAN,VCS,41
HAN,DLI,79
HAN,DAD,353
HAN,VDH,22
HAN,SGN,508
HAN,HUI,57
HAN,CXR,176
HAN,PQC,124
HAN,PXU,32
HAN,UIH,86
HAN,VKG,4
HAN,TBB,13
HAN,VII,16
HZG,PKX,8
HZG,CAN,3
HZG,LHW,1
HZG,NKG,3
HZG,NNG,5
HZG,NTG,1
HZG,PVG,4
HZG,SZX,5
HZG,URC,3
HZG,WNZ,3
HZG,UYN,5
HOI,MKP,1
HOI,PPT,3
HOI,GMR,2
HRE,SHO,4
HRE,ADD,9
HRE,NBO,15
HRE,LLW,4
HRE,MPM,4
HRE,KGL,5
HRE,CPT,10
HRE,DUR,4
HRE,JNB,61
HRE,DAR,3
HRE,LUN,31
HRE,BUQ,13
HRE,KAB,7
HRE,VFA,18
HRB,NBS,0
HRB,PEK,75
HRB,PKX,86
HRB,CGQ,1
HRB,CSX,47
HRB,CZX,20
HRB,CTU,16
HRB,TFU,53
HRB,CIF,16
HRB,CKG,20
HRB,DAT,8
HRB,DTU,3
HRB,DOY,3
HRB,EHU,3
HRB,FYJ,8
HRB,KOW,7
HRB,CAN,40
HRB,HAK,3
HRB,HLD,16
HRB,HGH,66
HRB,HFE,32
HRB,HEK,27
HRB,HZA,3
HRB,HET,16
HRB,HIA,11
HRB,JGD,13
HRB,JSJ,8
HRB,SWA,1
HRB,TNA,90
HRB,LYG,4
HRB,LYI,15
HRB,LYA,5
HRB,NZH,5
HRB,OHE,9
HRB,KHN,3
HRB,NKG,64
HRB,NTG,8
HRB,NNY,3
HRB,NGB,19
HRB,DSN,5
HRB,TAO,97
HRB,SYX,15
HRB,SHA,16
HRB,PVG,153
HRB,SQD,3
HRB,SZX,24
HRB,SJW,20
HRB,TYN,19
HRB,TVS,8
HRB,TSN,39
HRB,HLH,8
HRB,WEF,8
HRB,WEH,35
HRB,WNZ,13
HRB,WUH,29
HRB,WHA,5
HRB,WUX,11
HRB,XIY,59
HRB,XMN,8
HRB,XFN,3
HRB,XIL,3
HRB,XNN,7
HRB,WUT,8
HRB,XUZ,26
HRB,YNZ,12
HRB,YTY,10
HRB,YNJ,0
HRB,YNT,59
HRB,LDS,1
HRB,INC,3
HRB,UYN,8
HRB,YCU,8
HRB,NZL,5
HRB,CGO,34
HRB,HSN,3
HRB,ZUH,3
HRB,KIX,3
HRB,NRT,10
HRB,IKT,1
HRB,KHV,3
HRB,VVO,3
HRB,UUS,1
HRB,ICN,13
HGA,JIB,8
HGA,ADD,17
HGA,NBO,1
HGA,JED,1
HGA,MED,1
HGA,BSA,1
HGA,GLK,3
HGA,GGR,1
HGA,MGQ,17
HGA,DXB,6
HGA,SHJ,2
HGA,ADE,0
HRL,SAP,1
HRL,CUN,3
HRL,AUS,14
HRL,CVG,1
HRL,CRP,1
HRL,DFW,32
HRL,DAL,2
HRL,YIP,1
HRL,ELP,2
HRL,IAH,32
HRL,HOU,30
HRL,MFE,1
HRL,MEM,2
HAR,CHO,1
HAR,LUK,1
HAR,CLE,1
HAR,MDT,1
HAR,LNS,1
HAR,LBE,1
HAR,PHF,1
HAR,RSW,1
HAR,SCE,1
HRO,DFW,17
HRO,MEM,4
HFD,CDW,1
HFD,FRG,2
HFD,OXC,1
HFD,PVD,1
HME,AZR,1
HME,ALG,18
HME,CZL,1
HME,ORN,3
HME,MRS,2
HME,LIN,1
HME,MAD,2
HSI,JAC,1
HSI,OMA,2
HAA,HFT,13
HAA,TOS,7
HDY,KUL,8
HDY,SIN,8
HDY,DMK,121
HDY,BKK,53
HDY,CNX,8
HDY,HKT,9
HDY,UTH,4
HBG,DWH,1
HBG,SGR,1
HAU,CPH,7
HAU,BGO,34
HAU,OSL,49
HAU,SVG,1
HAU,TRD,7
HAU,GDN,5
HAU,ALC,3
HAU,AGP,2
HAV,LAD,1
HAV,EZE,3
HAV,NAS,2
HAV,GCM,2
HAV,BOG,5
HAV,MDE,3
HAV,CMW,2
HAV,CCC,2
HAV,GAO,2
HAV,HOG,2
HAV,GER,6
HAV,SCU,3
HAV,PUJ,1
HAV,JBQ,3
HAV,SDQ,6
HAV,CDG,3
HAV,FRA,2
HAV,PAP,1
HAV,MXP,1
HAV,FDF,2
HAV,CUN,20
HAV,MID,5
HAV,NLU,6
HAV,MEX,16
HAV,MTY,2
HAV,MGA,11
HAV,BLB,2
HAV,PTY,32
HAV,SVD,1
HAV,MAD,19
HAV,POS,2
HAV,PLS,2
HAV,FLL,40
HAV,IAH,8
HAV,MIA,85
HAV,JFK,1
HAV,EWR,8
HAV,TPA,9
HAV,CCS,12
HAV,LSP,1
HAV,PMV,2
HAW,JER,1
HVR,BIL,16
HHR,EGE,1
HHR,FAT,1
HHR,MMH,1
HHR,MCE,12
HHR,OAK,1
HHR,PHX,4
HHR,SQL,1
HHR,SBA,1
HHR,VIS,1
HXX,NO,0
HDN,AIA,1
HDN,CPR,2
HDN,DAL,1
HDN,DEN,33
HDN,IAH,2
HDN,RWL,1
HYS,DEN,8
HYS,GBD,2
HYS,SLN,8
HWD,ACV,1
HWD,QTC,1
HWD,APA,1
HWD,HSH,1
HWD,MOD,0
HWD,NOT,1
HWD,RDD,1
HWD,SEE,1
HWD,SMO,1
HWD,SCK,1
HWD,VNY,6
HWD,WVI,1
HYR,MSP,1
HYR,RAC,2
HFE,BHY,3
HFE,PEK,24
HFE,PKX,29
HFE,CGQ,35
HFE,CDE,5
HFE,CTU,32
HFE,TFU,70
HFE,CKG,60
HFE,DLC,35
HFE,DZH,3
HFE,FUO,3
HFE,KOW,3
HFE,GYS,2
HFE,CAN,74
HFE,KWL,16
HFE,KWE,31
HFE,HAK,19
HFE,HRB,32
HFE,HET,26
HFE,HUZ,15
HFE,SWA,11
HFE,JHG,10
HFE,KMG,66
HFE,LHW,19
HFE,LJG,17
HFE,LFQ,6
HFE,LZH,8
HFE,LZO,7
HFE,MIG,12
HFE,NNG,41
HFE,DSN,10
HFE,JIQ,5
HFE,TAO,19
HFE,BAR,8
HFE,JJN,9
HFE,SYX,21
HFE,PVG,4
HFE,SHE,30
HFE,SZX,117
HFE,SJW,5
HFE,TYN,21
HFE,TCZ,2
HFE,TSN,5
HFE,URC,16
HFE,WXN,1
HFE,WEH,5
HFE,XIY,47
HFE,XMN,30
HFE,XNN,25
HFE,YNT,12
HFE,YBP,8
HFE,YIH,4
HFE,INC,17
HFE,YCU,8
HFE,ZHA,8
HFE,ZUH,19
HFE,WMT,3
HFE,ZYI,5
HFE,HKG,2
HFE,KIX,5
HFE,DMK,5
HEH,KET,4
HEH,LSH,4
HEH,MOG,1
HEH,NYT,2
HEH,NYU,2
HEH,THL,16
HEH,SNW,8
HEH,RGN,41
HEI,NO,0
HEK,HRB,27
HLN,BTM,2
HLN,DEN,16
HLN,SLC,16
HLN,SEA,8
HLN,SFF,1
HGL,NO,0
HEL,VIE,19
HEL,BRU,18
HEL,CRL,2
HEL,BOJ,2
HEL,VAR,2
HEL,PVG,6
HEL,CGO,1
HEL,DBV,10
HEL,SPU,11
HEL,ZAD,3
HEL,ZAG,2
HEL,LCA,5
HEL,PRG,22
HEL,BLL,4
HEL,CPH,65
HEL,EPU,4
HEL,TLL,64
HEL,IVL,8
HEL,JOE,12
HEL,JYV,12
HEL,KAJ,12
HEL,KEM,2
HEL,KOK,15
HEL,KUO,27
HEL,KAO,6
HEL,MHQ,4
HEL,OUL,58
HEL,POR,17
HEL,RVN,33
HEL,SVL,18
HEL,SJY,1
HEL,TMP,2
HEL,TKU,6
HEL,VAA,23
HEL,NCE,11
HEL,BVA,3
HEL,CDG,40
HEL,BER,31
HEL,DUS,13
HEL,FRA,37
HEL,HAM,17
HEL,MUC,40
HEL,PVK,3
HEL,ATH,5
HEL,CHQ,23
HEL,CFU,1
HEL,HER,4
HEL,AOK,1
HEL,KVA,2
HEL,KGS,2
HEL,RHO,24
HEL,JTR,3
HEL,ZTH,4
HEL,HKG,9
HEL,BUD,16
HEL,KEF,16
HEL,DEL,8
HEL,BOM,3
HEL,DUB,8
HEL,TLV,4
HEL,BLQ,4
HEL,CTA,1
HEL,SUF,1
HEL,BGY,5
HEL,LIN,4
HEL,MXP,15
HEL,NAP,4
HEL,PSA,2
HEL,FCO,16
HEL,VCE,12
HEL,VRN,5
HEL,KIX,3
HEL,HND,13
HEL,NRT,4
HEL,PRN,2
HEL,RIX,56
HEL,VNO,27
HEL,TIV,2
HEL,AMS,41
HEL,BGO,14
HEL,BOO,3
HEL,OSL,40
HEL,TRF,1
HEL,TOS,4
HEL,TRD,2
HEL,KRK,8
HEL,WAW,23
HEL,WMI,4
HEL,FNC,1
HEL,LIS,8
HEL,DOH,8
HEL,SIN,8
HEL,LJU,4
HEL,ICN,8
HEL,ALC,12
HEL,BCN,12
HEL,GRO,2
HEL,MAD,8
HEL,AGP,24
HEL,PMI,7
HEL,GOT,32
HEL,LPI,2
HEL,ORB,4
HEL,ARN,112
HEL,BMA,7
HEL,GVA,10
HEL,ZRH,16
HEL,BKK,8
HEL,AYT,6
HEL,DLM,1
HEL,GZP,6
HEL,IST,16
HEL,SAW,5
HEL,EDI,6
HEL,FAB,1
HEL,LGW,6
HEL,LHR,33
HEL,LTN,1
HEL,STN,7
HEL,MAN,9
HEL,ORD,4
HEL,DFW,3
HEL,LAX,3
HEL,JFK,8
HEL,SEA,3
HMV,KRF,15
HNY,PEK,8
HNY,CTU,8
HNY,TFU,5
HNY,CKG,7
HNY,FOC,2
HNY,HAK,8
HNY,SWA,5
HNY,JHG,3
HNY,KMG,8
HNY,LJG,5
HNY,NKG,6
HNY,NGB,5
HNY,TAO,5
HNY,JJN,3
HNY,SYX,3
HNY,SHA,8
HNY,PVG,8
HNY,WNZ,5
HNY,WUX,3
HNY,XIY,3
HNY,XMN,3
HNY,ZHA,1
HNY,CGO,3
HER,TIA,2
HER,GRZ,4
HER,INN,2
HER,LNZ,4
HER,SZG,3
HER,VIE,25
HER,BRU,23
HER,CRL,2
HER,LGG,2
HER,OST,1
HER,SOF,2
HER,LCA,7
HER,BRQ,6
HER,OSR,3
HER,PRG,19
HER,BLL,5
HER,CPH,3
HER,TLL,5
HER,HEL,4
HER,BSL,2
HER,BOD,5
HER,BES,1
HER,DOL,1
HER,LIL,3
HER,LYS,10
HER,MRS,6
HER,NTE,13
HER,CDG,8
HER,ORY,22
HER,TLS,2
HER,BER,18
HER,BRE,3
HER,CGN,15
HER,DTM,2
HER,DRS,3
HER,DUS,39
HER,ERF,2
HER,FRA,35
HER,FDH,1
HER,HAM,19
HER,HAJ,13
HER,FKB,1
HER,KSF,3
HER,LEJ,10
HER,LBC,2
HER,MUC,32
HER,FMO,3
HER,NUE,13
HER,RLG,2
HER,SCN,1
HER,STR,22
HER,NRN,1
HER,ATH,90
HER,CHQ,2
HER,AOK,1
HER,KGS,1
HER,RHO,10
HER,SKG,20
HER,VOL,2
HER,BUD,2
HER,DUB,1
HER,TLV,29
HER,BRI,1
HER,BLQ,7
HER,BGY,3
HER,MXP,9
HER,NAP,2
HER,FCO,1
HER,VRN,3
HER,ALA,4
HER,RIX,4
HER,VNO,7
HER,LUX,3
HER,AMS,23
HER,EIN,9
HER,GRQ,2
HER,RTM,8
HER,ALF,1
HER,OSL,1
HER,GDN,4
HER,KTW,4
HER,KRK,3
HER,LCJ,1
HER,POZ,3
HER,RZE,1
HER,WAW,10
HER,WRO,1
HER,OTP,8
HER,CLJ,2
HER,IAS,1
HER,SBZ,0
HER,TGM,1
HER,TSR,1
HER,BEG,8
HER,BTS,6
HER,KSC,2
HER,AGP,1
HER,GOT,1
HER,LLA,1
HER,MMX,1
HER,NRK,1
HER,ARN,1
HER,BRN,3
HER,GVA,5
HER,ZRH,27
HER,AYT,2
HER,BFS,2
HER,BHX,9
HER,BOH,1
HER,BRS,8
HER,CWL,1
HER,EDI,6
HER,EXT,1
HER,GLA,4
HER,LBA,5
HER,LPL,1
HER,LGW,33
HER,LHR,5
HER,LTN,6
HER,STN,11
HER,MAN,17
HER,NCL,7
HER,NWI,1
HER,EMA,5
HEA,KBL,15
HDF,FRA,1
HDF,MHG,1
HDF,LUX,1
HES,LGD,1
HES,PDX,2
HMO,CUU,8
HMO,CJS,5
HMO,CUL,11
HMO,GDL,31
HMO,LAP,8
HMO,MXL,7
HMO,MEX,65
HMO,MTY,16
HMO,QRO,4
HMO,SJD,2
HMO,SLP,1
HMO,TIJ,26
HMO,TLC,1
HMO,PHX,11
HVB,BNE,22
HVB,SYD,5
HZA,CSX,5
HZA,TFU,8
HZA,CKG,3
HZA,DLC,8
HZA,CAN,8
HZA,HAK,7
HZA,HGH,3
HZA,HRB,3
HZA,NNG,2
HZA,DSN,2
HZA,PVG,4
HZA,URC,5
HZA,WEH,3
HZA,WNZ,2
HZA,XIY,3
HZA,XMN,3
HZA,YNT,5
HIB,NO,0
HKY,CAE,1
HKY,TVC,1
HYC,IOM,1
HHH,PDK,1
HHH,ATL,8
HHH,AUS,1
HHH,BFT,0
HHH,BCT,1
HHH,BOS,1
HHH,WWD,1
HHH,CHS,1
HHH,CLT,24
HHH,ORD,2
HHH,LUK,0
HHH,CEU,1
HHH,CSV,1
HHH,DFW,1
HHH,DSI,1
HHH,MMU,1
HHH,LGA,11
HHH,EWR,8
HHH,PHL,1
HHH,RDU,1
HHH,SBY,1
HHH,RSW,1
HHH,DCA,9
HIJ,OKA,8
HIJ,CTS,16
HIJ,SDJ,42
HIJ,HND,125
HIJ,NRT,19
HIJ,TPE,4
HRF,MLE,4
HBA,ADL,4
HBA,BNE,24
HBA,CBR,3
HBA,FLS,0
HBA,OOL,3
HBA,KNS,0
HBA,LST,8
HBA,MEL,97
HBA,PER,6
HBA,SYD,62
HBA,AKL,3
HOB,CBF,0
HOB,DEN,3
HOB,AFW,1
HOB,IAH,8
HDS,CPT,16
HDS,JNB,24
HOQ,HAM,1
HFN,RKV,8
HOF,JED,5
HOF,DXB,2
HOH,NO,0
HET,AXF,16
HET,YIE,5
HET,RLK,16
HET,PEK,8
HET,PKX,7
HET,CGQ,24
HET,CSX,26
HET,CZX,3
HET,CTU,24
HET,TFU,30
HET,CIF,88
HET,CKG,19
HET,DLC,11
HET,ERL,19
HET,EHU,3
HET,CAN,44
HET,KWE,11
HET,HAK,5
HET,HLD,85
HET,HDG,5
HET,HGH,34
HET,HRB,16
HET,HFE,26
HET,HUO,8
HET,TNA,18
HET,KMG,16
HET,LHW,21
HET,LYG,5
HET,LFQ,3
HET,LYA,11
HET,NZH,17
HET,KHN,23
HET,NKG,36
HET,NTG,8
HET,NNY,3
HET,DSN,7
HET,TAO,22
HET,SHA,8
HET,PVG,32
HET,SHE,40
HET,SZX,8
HET,SJW,19
HET,TYN,16
HET,TVS,8
HET,TSN,52
HET,TGO,90
HET,HLH,70
HET,URC,24
HET,WUA,20
HET,WUH,31
HET,XIY,45
HET,XMN,8
HET,XIL,62
HET,XNN,16
HET,XAI,5
HET,WUT,6
HET,XUZ,11
HET,ENY,8
HET,YNT,3
HET,YIH,3
HET,INC,4
HET,UYN,5
HET,NZL,8
HET,CGO,57
HET,UBN,2
HKK,CHC,14
HDE,AIA,0
HDE,LNK,1
HOG,YUL,8
HOG,YYZ,7
HOG,HAV,2
HOG,MBJ,3
HOG,CUN,1
HOG,MIA,8
HUO,HET,8
HUO,SHE,8
HLI,FAT,1
HLI,WJF,1
HLI,OAK,1
HLI,SNA,1
HWO,MLB,2
HWO,VRB,1
HCR,ANV,8
HOM,ANC,49
HOM,SOV,0
HOM,SXQ,1
HOX,MDL,8
HOX,NYW,3
HKG,BNE,5
HKG,MEL,19
HKG,PER,3
HKG,SYD,38
HKG,VIE,2
HKG,GYD,11
HKG,BAH,1
HKG,DAC,13
HKG,LGG,2
HKG,BWN,3
HKG,PNH,5
HKG,YYZ,9
HKG,YVR,18
HKG,PEK,71
HKG,PKX,24
HKG,CSX,3
HKG,CTU,8
HKG,TFU,26
HKG,CKG,19
HKG,DLC,3
HKG,FOC,16
HKG,CAN,16
HKG,KWE,4
HKG,HAK,19
HKG,HGH,49
HKG,HFE,2
HKG,TNA,8
HKG,KMG,8
HKG,KHN,4
HKG,NKG,20
HKG,NTG,8
HKG,NGB,15
HKG,TAO,2
HKG,JJN,10
HKG,SHA,43
HKG,PVG,141
HKG,SHE,3
HKG,TSN,10
HKG,URC,2
HKG,WNZ,7
HKG,WUH,9
HKG,WUX,13
HKG,XIY,6
HKG,XMN,19
HKG,INC,2
HKG,CGO,8
HKG,ADD,15
HKG,NAN,2
HKG,HEL,8
HKG,CDG,13
HKG,CGN,1
HKG,FRA,15
HKG,LEJ,2
HKG,BUD,2
HKG,BLR,4
HKG,MAA,13
HKG,DEL,30
HKG,BOM,15
HKG,DPS,14
HKG,CGK,35
HKG,SUB,6
HKG,TLV,8
HKG,MXP,8
HKG,FUK,42
HKG,KOJ,3
HKG,NGO,20
HKG,OKA,24
HKG,KIX,92
HKG,CTS,9
HKG,TAK,4
HKG,HND,52
HKG,NRT,149
HKG,ALA,13
HKG,KWI,2
HKG,LUX,4
HKG,BKI,8
HKG,KUL,43
HKG,SZB,22
HKG,PEN,12
HKG,MEX,1
HKG,UBN,8
HKG,KTM,4
HKG,AMS,11
HKG,AKL,12
HKG,POM,3
HKG,CRK,16
HKG,CEB,12
HKG,MNL,124
HKG,DOH,42
HKG,DMM,1
HKG,JED,1
HKG,RUH,14
HKG,SIN,98
HKG,PUS,7
HKG,ICN,115
HKG,MAD,2
HKG,CMB,1
HKG,ZRH,9
HKG,KHH,45
HKG,RMQ,8
HKG,TPE,226
HKG,DMK,16
HKG,BKK,170
HKG,CNX,16
HKG,HKT,29
HKG,IST,9
HKG,AUH,9
HKG,DXB,15
HKG,DWC,45
HKG,SHJ,10
HKG,LHR,51
HKG,MAN,4
HKG,ANC,99
HKG,BOS,3
HKG,ORD,3
HKG,LCK,3
HKG,DFW,3
HKG,LAX,14
HKG,MEM,2
HKG,JFK,24
HKG,SFO,17
HKG,DAD,8
HKG,HAN,39
HKG,SGN,38
HKG,CXR,5
HIR,BNE,4
HIR,NAN,4
HIR,POM,3
HIR,AKS,3
HIR,BNY,1
HIR,CHY,2
HIR,FRE,3
HIR,GZO,10
HIR,KGE,3
HIR,MUA,8
HIR,IRA,4
HIR,PRS,2
HIR,RBV,1
HIR,RNL,1
HIR,NNB,1
HIR,SCZ,4
HIR,EGM,7
HIR,VAO,1
HIR,RNA,2
HIR,ATD,1
HIR,VLI,1
HVG,HFT,19
HVG,MEH,7
HNL,PPG,4
HNL,MEL,4
HNL,SYD,20
HNL,YVR,16
HNL,RAR,1
HNL,NAN,1
HNL,PPT,1
HNL,GUM,9
HNL,FUK,3
HNL,NGO,1
HNL,KIX,11
HNL,HND,33
HNL,NRT,27
HNL,OKO,0
HNL,CXI,1
HNL,MAJ,3
HNL,AKL,8
HNL,MNL,6
HNL,APW,1
HNL,SIN,2
HNL,ICN,19
HNL,ANC,10
HNL,ATL,9
HNL,AUS,5
HNL,BOS,4
HNL,ORD,8
HNL,DFW,16
HNL,DEN,17
HNL,DTW,5
HNL,ITO,167
HNL,HNL,0
HNL,IAH,8
HNL,OGG,327
HNL,LUP,14
HNL,MKK,105
HNL,KOA,212
HNL,JHM,24
HNL,LNY,65
HNL,LAS,38
HNL,LIH,216
HNL,LGB,16
HNL,LAX,144
HNL,MEM,2
HNL,MSP,8
HNL,JFK,13
HNL,EWR,9
HNL,OAK,27
HNL,ONT,11
HNL,PHX,24
HNL,PDX,16
HNL,SMF,16
HNL,SLC,8
HNL,SBD,2
HNL,SDM,1
HNL,SEE,1
HNL,SAN,32
HNL,SFO,56
HNL,SJC,32
HNL,SEA,57
HNL,CNW,1
HNL,IAD,1
HNL,HAN,1
HNH,JNU,0
HNH,SIT,1
HPB,BET,7
HPB,VAK,6
HPB,SCM,7
HQM,NO,0
HID,BDD,35
HID,ABM,4
HID,GIC,20
HID,CNS,26
HID,KUG,14
HID,MYI,15
HID,SBR,8
HID,SYU,14
HID,XMY,12
HID,OKR,23
HSM,NO,0
HOR,CVU,8
HOR,FLW,13
HOR,TER,18
HOR,LIS,10
HOR,PDL,31
HKN,LAE,15
HKN,POM,14
HKN,RAB,14
HOT,QQG,1
HOT,MDW,1
HOT,DFW,18
HOT,LIT,1
HOT,MEM,2
HOT,MLU,1
HOT,QQN,1
HOT,SPZ,1
HTN,AKU,9
HTN,TFU,11
HTN,CKG,3
HTN,KHG,8
HTN,KRL,3
HTN,KCA,8
HTN,LHW,13
HTN,IQM,8
HTN,QSZ,8
HTN,SHF,1
HTN,URC,81
HTN,XIY,16
HTN,YTW,8
HTN,CGO,8
HUM,BTR,1
HUM,ISM,1
HUM,SGR,1
HOU,BZE,8
HOU,YYZ,1
HOU,LIR,9
HOU,SJO,7
HOU,PUJ,1
HOU,SAL,1
HOU,GUA,1
HOU,MBJ,8
HOU,CUN,25
HOU,CZM,8
HOU,PVR,9
HOU,SJD,19
HOU,TLC,1
HOU,SJU,2
HOU,ABI,1
HOU,ABQ,22
HOU,AVL,3
HOU,ASE,1
HOU,QQR,1
HOU,PDK,2
HOU,ATL,69
HOU,AUS,40
HOU,BWI,30
HOU,BOW,1
HOU,BTR,1
HOU,BHM,14
HOU,BUR,1
HOU,CHS,2
HOU,CLT,2
HOU,PWK,1
HOU,MDW,40
HOU,CMH,8
HOU,USA,1
HOU,CXO,1
HOU,CRP,29
HOU,DFW,52
HOU,DAL,126
HOU,APA,1
HOU,DEN,56
HOU,DSM,3
HOU,VPS,7
HOU,EGE,1
HOU,ELP,25
HOU,FLL,25
HOU,FTW,1
HOU,GTR,1
HOU,GSP,2
HOU,HRL,30
HOU,HLB,1
HOU,IAH,1
HOU,QTA,1
HOU,IND,9
HOU,JAN,23
HOU,JAX,8
HOU,MKC,1
HOU,MCI,17
HOU,OJC,1
HOU,TYS,2
HOU,LAS,48
HOU,LNK,2
HOU,LGB,14
HOU,GGG,1
HOU,LAX,32
HOU,SDF,7
HOU,LBB,1
HOU,DXE,1
HOU,MEM,8
HOU,MIA,22
HOU,MAF,29
HOU,FCM,1
HOU,MSP,1
HOU,MRY,2
HOU,BNA,38
HOU,NEW,1
HOU,MSY,49
HOU,LGA,23
HOU,EWR,1
HOU,OAK,12
HOU,OKC,30
HOU,OMA,9
HOU,ONT,0
HOU,MCO,45
HOU,ECP,16
HOU,PNS,9
HOU,PHL,1
HOU,AZA,2
HOU,PHX,30
HOU,PIT,2
HOU,PVU,2
HOU,RDU,1
HOU,SMF,1
HOU,SLC,10
HOU,SAT,34
HOU,SAN,18
HOU,SJC,9
HOU,SNA,1
HOU,SAF,1
HOU,SRQ,7
HOU,SAV,8
HOU,SHV,0
HOU,STL,33
HOU,SCE,1
HOU,SGR,1
HOU,TPA,24
HOU,TEB,1
HOU,TMA,0
HOU,TUS,8
HOU,TUL,17
HOU,VNY,2
HOU,DCA,23
HOU,PBI,1
HOU,HPN,1
HOU,ICT,1
HHQ,CNX,5
HUH,BOB,10
HUH,MOZ,1
HUH,PPT,16
HUH,RFP,12
HIA,CGQ,8
HIA,CSX,13
HIA,TFU,8
HIA,CKG,8
HIA,DLC,8
HIA,FOC,10
HIA,CAN,20
HIA,KWL,2
HIA,KWE,8
HIA,HRB,11
HIA,KMG,16
HIA,LHW,3
HIA,KHN,8
HIA,NNG,8
HIA,NGB,3
HIA,SHE,16
HIA,SZX,16
HIA,TYN,3
HIA,TSN,8
HIA,XIY,15
HIA,XMN,5
HIA,CGO,14
HIA,ZUH,1
HIA,KIX,3
HIA,HAN,2
HJJ,PKX,8
HJJ,HAK,3
HJJ,HGH,5
HJJ,TNA,4
HJJ,LJG,5
HJJ,NNG,4
HJJ,SYX,5
HJJ,PVG,1
HJJ,XIY,8
HUN,KHH,8
HUN,RMQ,4
HUN,TSA,4
HYN,PEK,8
HYN,PKX,8
HYN,TFU,16
HYN,CKG,16
HYN,FUO,8
HYN,CAN,28
HYN,KWE,15
HYN,HAK,3
HYN,TNA,3
HYN,KMG,8
HYN,NNG,4
HYN,TAO,4
HYN,SZX,12
HYN,TSN,8
HYN,WUH,16
HYN,XIY,8
HYN,YIH,8
HYN,YYA,0
HYN,CGO,8
HUU,LIM,32
HUX,NLU,3
HUX,MEX,50
HUX,MTY,2
HUX,OAX,7
HUX,TIJ,3
HUX,DFW,1
HUX,HNL,1
HBX,BLR,20
HBX,MAA,8
HBX,DEL,8
HBX,HYD,8
HBX,BOM,8
HBX,PNQ,2
HUI,DLI,5
HUI,HAN,57
HUI,SGN,118
HSK,NO,0
HGD,RCM,3
HGD,TSV,3
HUS,FAI,4
HUS,TAL,1
HUJ,ADS,0
HUJ,OKC,1
HUZ,PEK,8
HUZ,PKX,8
HUZ,CSX,11
HUZ,TFU,27
HUZ,CKG,14
HUZ,DYG,5
HUZ,KWE,12
HUZ,HGH,8
HUZ,HFE,15
HUZ,KMG,16
HUZ,LZO,2
HUZ,NAO,4
HUZ,NKG,18
HUZ,PVG,24
HUZ,WUH,20
HUZ,WUX,16
HUZ,XIY,14
HUZ,ACX,8
HUZ,XAI,8
HUZ,YIH,5
HUZ,YYA,3
HUZ,ZHA,3
HUZ,CGO,26
HLF,NO,0
HUY,EBJ,4
HUY,JER,1
HUY,AMS,17
HUY,PMI,1
HUY,ABZ,8
HUY,BHD,1
HUY,HUY,1
HUY,NQY,4
HNB,YUL,1
HNB,FSK,1
HTS,BKW,1
HTS,CLT,15
HTS,LUK,5
HTS,LCK,2
HTS,VPS,2
HTS,DTW,1
HTS,LEX,1
HTS,MEM,2
HTS,MYR,3
HTS,SFB,3
HTS,PGD,2
HTS,PIE,6
HSV,ATL,43
HSV,AUO,1
HSV,BHM,1
HSV,CLT,38
HSV,ORD,23
HSV,DFW,38
HSV,DEN,13
HSV,DTW,6
HSV,IAH,24
HSV,HOU,1
HSV,LAS,2
HSV,LZU,1
HSV,SDF,2
HSV,MEM,2
HSV,MIA,2
HSV,OPF,1
HSV,BFM,1
HSV,MCO,8
HSV,ECP,1
HSV,SHV,1
HSV,TPA,3
HSV,IAD,24
HSV,DCA,29
HTV,TYR,1
HRG,EVN,3
HRG,GRZ,3
HRG,SZG,2
HRG,VIE,5
HRG,BRU,10
HRG,BNX,2
HRG,SJJ,3
HRG,BRQ,5
HRG,OSR,4
HRG,PRG,12
HRG,AAR,1
HRG,HBE,2
HRG,CAI,77
HRG,SSH,4
HRG,BSL,4
HRG,LYS,2
HRG,CDG,2
HRG,ORY,4
HRG,BER,11
HRG,BRE,1
HRG,CGN,7
HRG,DRS,4
HRG,DUS,18
HRG,FRA,13
HRG,HAM,11
HRG,HAJ,7
HRG,KSF,1
HRG,LEJ,10
HRG,MUC,16
HRG,FMO,2
HRG,NUE,9
HRG,PAD,3
HRG,STR,10
HRG,BUD,7
HRG,MXP,1
HRG,LUX,2
HRG,KIV,1
HRG,AMS,4
HRG,SKP,3
HRG,KTW,3
HRG,RZE,1
HRG,KZN,3
HRG,SVO,12
HRG,VKO,12
HRG,ZIA,2
HRG,GOJ,0
HRG,OVB,2
HRG,PEE,1
HRG,KUF,2
HRG,AER,2
HRG,LED,4
HRG,UFA,1
HRG,SVX,2
HRG,JED,2
HRG,RUH,3
HRG,BEG,6
HRG,BTS,4
HRG,KSC,3
HRG,LJU,2
HRG,GVA,6
HRG,ZRH,22
HRG,AYT,1
HRG,IST,11
HRG,SAW,11
HRG,BHX,4
HRG,BRS,5
HRG,LGW,11
HRG,LTN,5
HRG,MAN,8
HRG,NCL,1
HRG,EMA,3
HON,FSD,1
HZK,RKV,7
HSL,FAI,2
HSL,GAL,2
HSL,HUS,2
HSL,NUL,6
HSL,RBY,3
HSL,TAL,2
HUT,PNE,1
HUT,SGR,1
HYA,BOS,11
HYA,JZI,1
HYA,UGN,2
HYA,USA,1
HYA,DAL,1
HYA,FXE,1
HYA,HYA,1
HYA,MVY,7
HYA,ACK,13
HYA,JFK,8
HYA,LGA,8
HYA,ROA,1
HYA,ROC,1
HYA,RUT,1
HYA,PBI,1
HYA,FOK,1
HYA,HPN,2
HYA,BDL,1
HYD,BAH,10
HYD,DAC,6
HYD,HKG,1
HYD,AMD,27
HYD,IXU,16
HYD,IXG,8
HYD,BLR,166
HYD,BHO,8
HYD,BBI,29
HYD,IXC,16
HYD,MAA,102
HYD,COK,41
HYD,CJB,29
HYD,DBR,3
HYD,DED,8
HYD,DEL,180
HYD,RDP,5
HYD,GOI,61
HYD,GOX,17
HYD,GOP,8
HYD,GAU,8
HYD,GWL,8
HYD,HBX,8
HYD,IDR,24
HYD,JLR,11
HYD,JGB,8
HYD,JAI,41
HYD,JGA,8
HYD,JRG,8
HYD,JDH,5
HYD,CDP,8
HYD,CNN,8
HYD,KLH,8
HYD,CCU,63
HYD,CCJ,8
HYD,LKO,17
HYD,IXM,8
HYD,IXE,16
HYD,BOM,153
HYD,MYQ,16
HYD,NAG,8
HYD,ISK,8
HYD,PAT,16
HYD,PNY,8
HYD,IXZ,6
HYD,PNQ,41
HYD,RPR,16
HYD,RJA,40
HYD,IXR,8
HYD,SAG,8
HYD,IXB,16
HYD,SXR,8
HYD,STV,8
HYD,TRZ,8
HYD,TIR,64
HYD,TRV,13
HYD,UDR,2
HYD,BDQ,8
HYD,VNS,16
HYD,VDY,3
HYD,VGA,48
HYD,VTZ,56
HYD,KWI,12
HYD,KUL,17
HYD,MCT,26
HYD,DOH,34
HYD,DMM,8
HYD,JED,20
HYD,RUH,12
HYD,SIN,16
HYD,CMB,9
HYD,DMK,3
HYD,BKK,8
HYD,IST,2
HYD,AUH,24
HYD,DXB,52
HYD,RKT,0
HYD,SHJ,16
HYD,LHR,9
HYV,NO,0
HKS,UBS,1
HKS,MNZ,1
HKS,MSY,6
HKS,SUX,0
HLP,TKG,4
HLP,BDO,3
HLP,BKS,5
HLP,DPS,49
HLP,LOP,4
HLP,UPG,15
HLP,MLG,27
HLP,KNO,52
HLP,PDG,24
HLP,PLM,59
HLP,PKU,40
HLP,SRG,30
HLP,DTB,6
HLP,SUB,86
HLP,SOC,23
HLP,TJQ,3
HLP,JOG,24
HLP,YIA,60
HIN,CJU,5
HIN,GMP,32
HLA,CPT,62
HLA,DUR,30
HJR,DEL,8
HMA,EYK,4
HMA,EZV,6
HMA,CEK,2
HMA,RGK,1
HMA,IRM,1
HMA,KZN,1
HMA,MRV,1
HMA,SVO,17
HMA,VKO,8
HMA,NJC,3
HMA,OVB,4
HMA,NYA,2
HMA,OMS,2
HMA,AER,1
HMA,LED,2
HMA,SGC,7
HMA,TJM,10
HMA,UFA,5
HMA,URJ,2
HMA,SVX,6
HRK,NO,0
HTG,KJA,1
HTG,NSK,1
HVD,ULG,2
HVD,UBN,5
HVD,ULO,1
HGO,ABJ,0
HGO,BYK,0
HDK,MLE,8
HII,PHX,2
HSH,BFL,1
HSH,XNA,1
HSH,APA,1
HSH,HWD,1
HSH,LNK,1
HSH,MSC,1
HSH,MAF,1
HSH,FCM,0
HSH,ONT,1
HSH,SMO,1
HSH,SCK,0
HSH,VNY,0
HSH,IAD,1
HZH,CKG,3
HZH,HGH,2
HGN,NO,0
HZB,NO,0
HAH,AJN,7
HAH,NWA,5
HAH,CAI,1
HAH,NBO,6
HAH,DZA,6
HAH,RUN,1
HAH,DAR,11
HGU,GKA,0
HGU,UNG,2
HGU,MXH,1
HGU,POM,55
HGU,TBG,2
HGU,WWK,2
HMS,BDJ,8
HEZ,DSI,1
HVN,BWI,2
HVN,QQV,1
HVN,CHS,2
HVN,CHA,1
HVN,MDW,2
HVN,APA,1
HVN,FLL,7
HVN,MYR,2
HVN,BNA,5
HVN,MCO,10
HVN,RDU,4
HVN,SRQ,5
HVN,SAV,3
HVN,RSW,7
HVN,TPA,6
HVN,TEB,1
HVN,PBI,6
HVN,ILM,2
HOV,BGO,7
HOV,OSL,36
HOV,SOG,7
HKT,MEL,3
HKT,SYD,4
HKT,PEK,5
HKT,CTU,2
HKT,TFU,11
HKT,CKG,3
HKT,CAN,15
HKT,KWE,3
HKT,HGH,3
HKT,KMG,6
HKT,NKG,8
HKT,PVG,26
HKT,SZX,3
HKT,XIY,5
HKT,HKG,29
HKT,DEL,8
HKT,BOM,8
HKT,IKA,1
HKT,TLV,2
HKT,ALA,5
HKT,KUL,67
HKT,PEN,9
HKT,RGN,2
HKT,MCT,13
HKT,DOH,16
HKT,IKT,1
HKT,KHV,2
HKT,KJA,2
HKT,SVO,3
HKT,ZIA,2
HKT,OVB,3
HKT,VVO,2
HKT,SIN,71
HKT,ICN,13
HKT,TPE,3
HKT,DMK,163
HKT,BKK,199
HKT,CNX,27
HKT,HDY,8
HKT,KKC,5
HKT,USM,40
HKT,UTP,8
HKT,UTH,8
HKT,AUH,3
HKT,DXB,16
HKT,TAS,1
HKT,HAN,8
HKT,SGN,8
HIO,CLS,1
HIO,COS,1
HIO,CVO,2
HIO,CEC,1
HIO,PAE,0
HIO,OTH,1
HIO,PDX,1
HIO,BFI,1
HIO,SCK,1
HIO,TIW,1
HSG,HND,39
HSG,NRT,1
HSG,TPE,2
HLE,JNB,1
HYI,SLP,1
HYI,BJX,1
HYI,OLV,0
HYI,HYI,1
HYI,UVA,0
HSC,PKX,8
HSC,TFU,5
HSC,CKG,3
HSC,SWA,5
HSC,NNG,5
HSC,PVG,5
HSC,ZHA,3
HPG,CAN,3
HPG,TCZ,1
HPG,WXN,2
HMB,ATZ,3
HMB,CAI,3
HMB,HRG,1
HMB,KWI,36
HMB,AHB,1
HMB,ELQ,3
HMB,DMM,2
HMB,JED,17
HMB,MED,1
HMB,RUH,5
HMB,AJF,1
HMB,TUU,2
HMB,AUH,2
HMB,SHJ,4
HUF,CMI,1
HUF,TYQ,1
HUF,OKK,1
HUF,HUF,1
HND,BNE,3
HND,MEL,5
HND,SYD,32
HND,YYZ,8
HND,YVR,8
HND,PEK,32
HND,PKX,4
HND,CAN,12
HND,SHA,24
HND,PVG,30
HND,SZX,8
HND,TSN,3
HND,CPH,3
HND,HEL,14
HND,CDG,22
HND,FRA,24
HND,MUC,13
HND,HKG,53
HND,DEL,16
HND,CGK,17
HND,FCO,6
HND,AXT,70
HND,ASJ,8
HND,AOJ,47
HND,AKJ,71
HND,FUK,444
HND,HAC,23
HND,HKD,73
HND,HIJ,126
HND,ISG,32
HND,IWK,39
HND,IZO,40
HND,KOJ,173
HND,ONJ,24
HND,KKJ,100
HND,UKB,63
HND,KCZ,79
HND,KMQ,79
HND,KMJ,143
HND,KUH,60
HND,IWJ,16
HND,MYJ,94
HND,MMB,50
HND,MSJ,32
HND,MMY,32
HND,KMI,135
HND,MBE,8
HND,NGS,111
HND,NGO,24
HND,NKM,0
HND,SHB,8
HND,SHM,23
HND,OBO,73
HND,OIT,111
HND,OKJ,80
HND,OKA,279
HND,ITM,238
HND,KIX,94
HND,HSG,40
HND,SYO,31
HND,CTS,498
HND,SHI,8
HND,TAK,102
HND,TKS,80
HND,TTJ,39
HND,TOY,24
HND,UBJ,80
HND,NTQ,16
HND,WKJ,16
HND,GAJ,15
HND,YGJ,47
HND,KUL,18
HND,MNL,32
HND,DOH,8
HND,SIN,48
HND,GMP,96
HND,ICN,14
HND,TSA,65
HND,TPE,16
HND,DMK,1
HND,BKK,48
HND,IST,8
HND,DXB,8
HND,LHR,36
HND,ANC,1
HND,ATL,8
HND,ORD,24
HND,DFW,16
HND,DTW,8
HND,HNL,33
HND,IAH,8
HND,LAX,56
HND,MSP,8
HND,JFK,28
HND,EWR,8
HND,SFO,24
HND,SJC,1
HND,SEA,16
HND,IAD,16
HND,ILG,1
HND,HAN,8
HND,SGN,16
HSA,SCO,4
HSA,AKX,2
HSA,ALA,8
HSA,NQZ,14
HSA,KGF,0
HSA,URA,4
HSA,IST,1
HSA,SAW,3
HLH,PEK,8
HLH,PKX,8
HLH,CIF,8
HLH,HLD,8
HLH,HGH,5
HLH,HRB,8
HLH,HET,70
HLH,SHE,5
HLH,SZX,3
HLH,SJW,3
HLH,TGO,5
HLH,XIL,8
HLG,NO,0
HPN,PMO,1
HPN,PLS,1
HPN,AVL,1
HPN,PDK,1
HPN,ATL,38
HPN,BWI,1
HPN,BED,2
HPN,BVY,2
HPN,BCT,1
HPN,BOS,22
HPN,JZI,1
HPN,CHS,14
HPN,CLT,29
HPN,CHO,1
HPN,CHA,1
HPN,PWK,2
HPN,MDW,2
HPN,ORD,45
HPN,CLE,2
HPN,CMH,1
HPN,CON,1
HPN,DAL,1
HPN,APA,2
HPN,DET,1
HPN,DTW,24
HPN,JPX,1
HPN,FXE,1
HPN,FLL,16
HPN,GAI,1
HPN,BGM,1
HPN,GSO,1
HPN,GMU,1
HPN,MDT,1
HPN,HYA,2
HPN,ITH,1
HPN,JAX,3
HPN,ISM,1
HPN,LCI,1
HPN,LEB,17
HPN,MHT,2
HPN,MVY,14
HPN,MIA,7
HPN,OPF,1
HPN,MMU,1
HPN,MOR,0
HPN,ACK,19
HPN,BNA,3
HPN,EWR,1
HPN,PHF,1
HPN,IAG,1
HPN,ORF,5
HPN,OWD,1
HPN,MCO,33
HPN,OXC,1
HPN,SFZ,2
HPN,PIA,1
HPN,PHL,1
HPN,PIT,3
HPN,PWM,1
HPN,ROC,1
HPN,RST,1
HPN,SLC,1
HPN,SAT,0
HPN,SAF,1
HPN,SAV,2
HPN,SUX,1
HPN,RSW,8
HPN,SYR,2
HPN,TPA,9
HPN,TEB,8
HPN,TTN,3
HPN,TUL,2
HPN,VRB,6
HPN,IAD,7
HPN,DCA,38
HPN,UES,1
HPN,PBI,28
HPN,BDL,1
HPN,INT,1
HIE,NO,0
HSN,PKX,8
HSN,CSX,3
HSN,JUH,3
HSN,DLC,5
HSN,DZH,5
HSN,FUG,5
HSN,FOC,13
HSN,CAN,3
HSN,HRB,3
HSN,TXN,5
HSN,SWA,8
HSN,TNA,8
HSN,LYG,3
HSN,LYI,5
HSN,KHN,8
HSN,TAO,15
HSN,JJN,47
HSN,JUZ,8
HSN,PVG,8
HSN,SHE,8
HSN,SZX,11
HSN,TSN,8
HSN,WNZ,8
HSN,WUH,8
HSN,WHA,3
HSN,XIY,5
HSN,XMN,40
HSN,XUZ,3
HSN,YNT,8
HSN,CGO,16
