Departure,Arrival,Number of flights
IXA,BLR,8
IXA,DEL,8
IXA,DIB,4
IXA,GAU,21
IXA,IMF,8
IXA,CCU,73
IXA,SHL,4
IXD,BLR,8
IXD,BHO,5
IXD,BBI,8
IXD,PAB,4
IXD,DED,12
IXD,DEL,16
IXD,IDR,8
IXD,LKO,8
IXD,BOM,8
IXD,PNQ,3
IXD,RPR,8
IUP,MAO,3
IXU,BLR,3
IXU,DEL,16
IXU,HYD,16
IXU,BOM,16
IXU,JED,4
IXU,RKT,1
IXG,AMD,7
IXG,BLR,24
IXG,HYD,8
IXG,IDR,4
IXG,JAI,4
IXG,JDH,4
IXG,BOM,8
IXG,NAG,3
IXG,STV,4
IXG,TIR,8
IXX,BLR,6
IFP,ABQ,1
IFP,CLE,1
IFP,DTW,1
IFP,ELP,1
IFP,GRI,1
IFP,IAH,1
IFP,GGG,0
IFP,BNA,1
IFP,OAK,1
IFP,PHL,1
IFP,SEA,1
IXC,AMD,20
IXC,BLR,22
IXC,MAA,8
IXC,DEL,66
IXC,DHM,7
IXC,GOI,8
IXC,HYD,16
IXC,IDR,5
IXC,JAI,23
IXC,CCU,8
IXC,KUU,7
IXC,IXL,5
IXC,LKO,5
IXC,BOM,77
IXC,PAT,3
IXC,PNQ,8
IXC,SXR,29
IXC,UDR,1
IXC,DXB,8
IXC,SHJ,3
IAO,CEB,40
IAO,DVO,3
IAO,MNL,34
IGU,VCP,22
IGU,CWB,19
IGU,FLN,3
IGU,POA,7
IGU,GIG,11
IGU,CGH,19
IGU,GRU,44
IGU,SCL,2
IGU,GTP,6
ITO,HNL,182
ITO,OGG,39
IAH,EZE,8
IAH,AUA,2
IAH,NAS,16
IAH,BRU,1
IAH,LGG,2
IAH,BZE,18
IAH,GIG,8
IAH,GRU,8
IAH,YYC,29
IAH,YUL,16
IAH,YYZ,33
IAH,YVR,24
IAH,GCM,9
IAH,SCL,8
IAH,BOG,16
IAH,LIR,18
IAH,SJO,27
IAH,HAV,8
IAH,PUJ,9
IAH,UIO,8
IAH,SAL,45
IAH,CDG,8
IAH,FRA,17
IAH,HHN,1
IAH,MUC,8
IAH,GUA,27
IAH,XPL,11
IAH,RTB,8
IAH,SAP,21
IAH,MBJ,10
IAH,HND,8
IAH,NRT,8
IAH,LUX,3
IAH,ACA,1
IAH,AGU,16
IAH,CUN,87
IAH,CZM,8
IAH,GDL,30
IAH,MID,8
IAH,NLU,8
IAH,MEX,74
IAH,MTY,60
IAH,MLM,8
IAH,OAX,4
IAH,PBC,4
IAH,PVR,11
IAH,QRO,24
IAH,SJD,29
IAH,SLP,16
IAH,BJX,21
IAH,TAM,8
IAH,VER,8
IAH,ZIH,1
IAH,AMS,15
IAH,BON,1
IAH,AKL,7
IAH,MGA,8
IAH,PTY,16
IAH,LIM,8
IAH,SJU,19
IAH,DOH,8
IAH,TPE,8
IAH,POS,8
IAH,IST,13
IAH,PLS,3
IAH,DXB,8
IAH,PIK,2
IAH,LHR,32
IAH,MAN,4
IAH,ABQ,24
IAH,AMA,24
IAH,ANC,16
IAH,ADM,1
IAH,ASE,11
IAH,QQR,1
IAH,ATL,121
IAH,AUS,58
IAH,BWI,24
IAH,BTR,38
IAH,XNA,24
IAH,BHM,37
IAH,BOS,47
IAH,BZN,2
IAH,BRO,39
IAH,IFP,1
IAH,CHS,8
IAH,CLT,53
IAH,MDW,15
IAH,ORD,102
IAH,RFD,1
IAH,CVG,28
IAH,BKL,1
IAH,CLE,24
IAH,COS,16
IAH,CMH,16
IAH,CRP,38
IAH,DFW,158
IAH,DAL,35
IAH,DEN,119
IAH,DSM,16
IAH,DTW,62
IAH,ELP,40
IAH,FLL,44
IAH,AFW,2
IAH,GRR,8
IAH,GSP,8
IAH,GPT,24
IAH,GUC,2
IAH,HRL,32
IAH,PIB,14
IAH,HDN,2
IAH,HOB,8
IAH,HNL,8
IAH,HOU,1
IAH,HSV,24
IAH,IND,24
IAH,JAN,24
IAH,JAC,2
IAH,JAX,25
IAH,MKC,1
IAH,MCI,26
IAH,TYS,24
IAH,LFT,32
IAH,LCH,24
IAH,LRD,24
IAH,LAS,93
IAH,LNK,8
IAH,LIT,24
IAH,LAX,123
IAH,SDF,29
IAH,LBB,24
IAH,MFE,46
IAH,MEM,36
IAH,MEI,8
IAH,MIA,75
IAH,MAF,40
IAH,MIV,1
IAH,MKE,17
IAH,MSP,55
IAH,MOT,1
IAH,MOB,24
IAH,MTJ,8
IAH,APF,1
IAH,NIP,1
IAH,BNA,68
IAH,MSY,91
IAH,JFK,8
IAH,LGA,110
IAH,EWR,80
IAH,ORF,8
IAH,OKC,55
IAH,OMA,16
IAH,MCO,89
IAH,ECP,24
IAH,PEQ,2
IAH,PNS,24
IAH,PHL,44
IAH,PHX,64
IAH,PIT,22
IAH,PDX,24
IAH,RDU,23
IAH,RNO,2
IAH,RIC,8
IAH,RIV,1
IAH,RST,1
IAH,SMF,8
IAH,SLC,48
IAH,SAT,63
IAH,SAN,40
IAH,SFO,80
IAH,SJC,8
IAH,SNA,32
IAH,SAV,16
IAH,SEA,47
IAH,SHV,24
IAH,RSW,8
IAH,SGF,16
IAH,STL,24
IAH,SGR,2
IAH,TPA,24
IAH,TUS,16
IAH,TUL,40
IAH,VCT,15
IAH,IAD,40
IAH,DCA,45
IAH,ICT,24
IAH,ILG,1
IAH,STT,8
IWS,JKV,1
IWS,LFT,1
IWS,NEW,0
IAS,VIE,12
IAS,CRL,8
IAS,LCA,3
IAS,BLL,3
IAS,CPH,2
IAS,BSL,3
IAS,BVA,10
IAS,BER,2
IAS,DTM,6
IAS,FMM,6
IAS,HER,1
IAS,DUB,7
IAS,TLV,3
IAS,BLQ,5
IAS,CTA,2
IAS,BGY,14
IAS,CIA,6
IAS,FCO,4
IAS,TRN,3
IAS,VCE,2
IAS,TSF,5
IAS,EIN,2
IAS,BBU,1
IAS,OTP,31
IAS,BCN,4
IAS,MAD,3
IAS,AYT,0
IAS,IST,3
IAS,LPL,2
IAS,LTN,22
IBA,ABV,16
IBA,LOS,8
IBE,BOG,14
IBE,EOH,11
IBZ,SZG,2
IBZ,VIE,11
IBZ,BRU,15
IBZ,CRL,4
IBZ,OST,1
IBZ,BLL,1
IBZ,RKE,1
IBZ,BSL,8
IBZ,BOD,3
IBZ,MRS,4
IBZ,NCE,2
IBZ,BVA,2
IBZ,CDG,1
IBZ,LBG,1
IBZ,ORY,22
IBZ,TLS,3
IBZ,BER,10
IBZ,BRE,1
IBZ,CGN,8
IBZ,DUS,16
IBZ,FRA,9
IBZ,HHN,2
IBZ,HAM,7
IBZ,HAJ,2
IBZ,MUC,15
IBZ,NUE,1
IBZ,OBF,2
IBZ,STR,8
IBZ,NRN,2
IBZ,ATH,1
IBZ,DUB,7
IBZ,BRI,3
IBZ,BLQ,9
IBZ,BZO,5
IBZ,FLR,1
IBZ,BGY,18
IBZ,LIN,1
IBZ,MXP,20
IBZ,NAP,11
IBZ,OLB,1
IBZ,PSA,6
IBZ,FCO,13
IBZ,TRN,4
IBZ,TSF,4
IBZ,VRN,1
IBZ,LUX,2
IBZ,MLA,2
IBZ,AMS,33
IBZ,EIN,19
IBZ,RTM,17
IBZ,KTW,1
IBZ,WAW,1
IBZ,LIS,11
IBZ,OPO,3
IBZ,BEG,1
IBZ,LJU,1
IBZ,ALC,18
IBZ,OVD,3
IBZ,BCN,88
IBZ,BIO,11
IBZ,MAD,68
IBZ,MAH,4
IBZ,AGP,10
IBZ,PMI,131
IBZ,SDR,2
IBZ,SCQ,2
IBZ,SVQ,13
IBZ,VLC,40
IBZ,GOT,1
IBZ,GVA,13
IBZ,ZRH,25
IBZ,BFS,8
IBZ,BHX,18
IBZ,BOH,1
IBZ,BRS,18
IBZ,CWL,3
IBZ,EDI,6
IBZ,FAB,1
IBZ,GLA,9
IBZ,LBA,13
IBZ,LPL,1
IBZ,BQH,1
IBZ,LCY,18
IBZ,LGW,43
IBZ,LHR,18
IBZ,LTN,10
IBZ,OXF,1
IBZ,STN,27
IBZ,MAN,33
IBZ,NCL,15
IBZ,NWI,1
IBZ,EMA,10
IDA,DFW,16
IDA,APA,1
IDA,DEN,24
IDA,LAS,2
IDA,OAK,2
IDA,AZA,5
IDA,PDX,2
IDA,SLC,28
IDA,SAN,2
IDA,SNA,2
IDA,SEA,8
IFU,HAQ,8
IFU,NMF,8
IAA,KJA,2
IAA,UFA,7
IGD,ESB,8
IGD,IST,16
IGD,SAW,6
IRM,EZV,2
IRM,HMA,1
IRM,TJM,1
IKI,NGS,28
IIL,MHD,3
IIL,THR,22
IDY,BOD,1
IDY,RNS,1
ILP,GEA,21
IOS,CNF,9
IOS,VCP,8
IOS,SSA,6
IOS,CGH,8
IOS,GRU,14
IOS,GTP,6
ILI,ANC,24
ILI,KNK,3
ILI,NNL,4
ILI,PDB,1
ILQ,LIM,3
ILO,CRK,4
ILO,BCD,1
ILO,CEB,55
ILO,DVO,10
ILO,GES,7
ILO,MNL,122
ILR,ABV,32
ILR,LOS,32
IMM,NO,0
IMP,CNF,5
IMP,BSB,2
IMP,SLZ,6
IMP,GRU,7
IMP,GTP,6
IPL,LAX,20
IPL,ONT,1
IPL,PHX,8
IPL,SAN,6
IML,NO,0
IMF,IXA,8
IMF,AJL,4
IMF,DEL,8
IMF,DIB,13
IMF,DMU,4
IMF,GAU,40
IMF,CCU,33
IMF,SHL,4
IMF,IXS,8
IMF,TEI,12
IGA,MYG,1
IGA,NAS,2
IDP,MGM,1
IDP,ICT,1
IND,LGG,1
IND,YHM,2
IND,YMX,2
IND,YYZ,18
IND,CDG,2
IND,CGN,1
IND,LUX,2
IND,CUN,2
IND,STN,2
IND,ABE,1
IND,ANC,4
IND,ATL,0
IND,AUS,23
IND,BWI,25
IND,BOS,49
IND,BUF,1
IND,CID,3
IND,CHS,2
IND,CLT,39
IND,ORD,85
IND,CLE,2
IND,COU,1
IND,LCK,3
IND,DFW,44
IND,DAL,16
IND,DEN,57
IND,VPS,3
IND,DTW,33
IND,DBQ,1
IND,ELP,2
IND,EVV,1
IND,FLL,15
IND,GGE,1
IND,GFK,1
IND,GRR,2
IND,GSP,2
IND,BHB,1
IND,IAH,24
IND,HOU,9
IND,IND,1
IND,JAX,2
IND,MCI,15
IND,EYW,1
IND,TYS,2
IND,LAF,1
IND,LAS,30
IND,LAX,18
IND,MSN,1
IND,MEM,7
IND,MIA,18
IND,MKE,2
IND,MSP,37
IND,MIE,1
IND,MYR,6
IND,BNA,2
IND,MSY,2
IND,JFK,50
IND,LGA,65
IND,EWR,59
IND,SWF,2
IND,OAK,6
IND,ONT,5
IND,MCO,56
IND,SFB,6
IND,OXC,1
IND,PAH,1
IND,ECP,1
IND,PKB,1
IND,PHL,26
IND,PHX,37
IND,PIT,2
IND,PDX,3
IND,PGD,5
IND,RDU,6
IND,RIC,2
IND,RST,1
IND,SMF,2
IND,SLC,1
IND,SAN,3
IND,SFO,8
IND,SNA,2
IND,SRQ,6
IND,SAV,1
IND,SEA,18
IND,SEF,1
IND,SBM,1
IND,SBN,3
IND,RSW,12
IND,STL,2
IND,PIE,7
IND,SYR,2
IND,TPA,26
IND,TEB,1
IND,FOE,1
IND,TVC,3
IND,IAD,33
IND,DCA,47
IND,ICT,1
IND,BDL,2
IDR,AMD,24
IDR,IXD,8
IDR,IXG,4
IDR,BLR,24
IDR,IXC,5
IDR,MAA,8
IDR,DEL,58
IDR,GOI,10
IDR,GWL,2
IDR,HYD,24
IDR,JLR,8
IDR,JAI,10
IDR,IXJ,5
IDR,JDH,8
IDR,KQH,4
IDR,CCU,8
IDR,LKO,16
IDR,BOM,48
IDR,NAG,8
IDR,ISK,8
IDR,PNQ,8
IDR,RPR,16
IDR,SAG,8
IDR,UDR,8
IDR,DXB,1
IDR,SHJ,2
IGS,BWE,3
IGS,MUC,1
IGS,ZQW,1
IGS,QGY,1
INH,MPM,3
INH,VNX,2
IFL,NO,0
INN,SZG,1
INN,VIE,22
INN,QEW,1
INN,CEQ,1
INN,CMR,1
INN,LTT,1
INN,CGN,1
INN,FRA,23
INN,QCS,1
INN,HER,2
INN,KGS,2
INN,RHO,1
INN,DUB,1
INN,GOA,1
INN,SUF,1
INN,NAP,1
INN,AMS,3
INN,POW,1
INN,PMI,4
INN,TFS,1
INN,BHX,1
INN,BRS,1
INN,LGW,3
INN,MAN,1
INA,NO,0
INL,DIK,1
INL,DLH,2
INL,MSP,14
IVC,AKL,6
IVC,CHC,43
IVC,WLG,14
IVR,BNE,0
IVR,NAA,0
INV,BRU,1
INV,DUB,4
INV,AMS,16
INV,BHD,8
INV,BHX,8
INV,BRS,8
INV,EDI,1
INV,FAB,1
INV,GLA,2
INV,KOI,10
INV,BQH,1
INV,LGW,23
INV,LHR,16
INV,LTN,16
INV,MAN,11
INV,EMA,1
INV,SYY,14
IYK,ONT,3
IOA,ATH,16
IOA,TLV,3
IOW,GYY,1
IOW,UGN,1
IOW,DVN,1
IOW,OMA,1
IOW,SPZ,1
IOW,CPS,1
IPN,CNF,25
IPN,CGH,8
IPI,BOG,9
IPI,CLO,2
IPI,PUU,3
IPH,JHB,8
IPH,SIN,27
IQQ,VVI,2
IQQ,ARI,7
IQQ,CCP,7
IQQ,LSC,11
IQQ,SCL,110
IQT,LIM,56
IQT,PCL,8
IQT,TPP,11
IHR,JYR,0
IHR,THR,1
IRI,DAR,30
IKT,PKX,3
IKT,HRB,2
IKT,NZH,1
IKT,FRU,6
IKT,OSS,7
IKT,UBN,7
IKT,BQS,5
IKT,ODO,30
IKT,BTK,9
IKT,HTA,12
IKT,NER,3
IKT,KZN,4
IKT,KHV,15
IKT,KCK,8
IKT,KJA,18
IKT,KYZ,0
IKT,ULK,5
IKT,GDX,3
IKT,MJZ,6
IKT,DME,37
IKT,SVO,29
IKT,VKO,3
IKT,NSK,2
IKT,OVB,41
IKT,NOJ,0
IKT,OLZ,9
IKT,PKC,3
IKT,AER,20
IKT,LED,24
IKT,TLK,11
IKT,TOF,2
IKT,TYD,1
IKT,UFA,3
IKT,UUD,3
IKT,UKX,22
IKT,VVO,16
IKT,YKS,11
IKT,SVX,9
IKT,ERG,3
IKT,UUS,3
IKT,DYU,1
IKT,LBD,1
IKT,BKK,3
IKT,HKT,2
IKT,FEG,1
IKT,NMA,2
IKT,TAS,2
IKT,HAN,1
IBM,PER,2
IMT,ESC,8
IMT,GRB,1
IMT,CMX,1
IMT,IWD,1
IMT,MNM,1
IMT,MKE,3
IMT,MSP,8
IMT,RST,0
IWD,ORD,7
IWD,MSP,7
IWD,SUW,1
IFJ,RKV,16
IFN,ABD,1
IFN,AWZ,6
IFN,BND,1
IFN,GSM,2
IFN,KER,2
IFN,KIH,5
IFN,MHD,13
IFN,SRY,2
IFN,TBZ,2
IFN,THR,31
IFN,NJF,7
IFN,KWI,2
IFN,DOH,4
IFN,JED,14
IFN,IST,6
IFN,DXB,2
ISG,FUK,8
ISG,MMY,14
ISG,NGO,16
ISG,OKA,124
ISG,KIX,32
ISG,HND,32
ISG,NRT,16
ISG,OGN,10
IRP,BNC,1
IRP,BUX,3
IRP,GOM,1
IRP,FKI,3
ICC,NO,0
ISB,KBL,7
ISB,MZR,1
ISB,BAH,4
ISB,YYZ,1
ISB,URC,5
ISB,KWI,5
ISB,FRU,2
ISB,KUL,2
ISB,MCT,13
ISB,SLL,2
ISB,CJL,1
ISB,GIL,16
ISB,KHI,95
ISB,MUX,1
ISB,UET,14
ISB,KDU,10
ISB,SKZ,5
ISB,TUK,1
ISB,DOH,25
ISB,ELQ,1
ISB,DMM,3
ISB,JED,25
ISB,MED,3
ISB,RUH,20
ISB,BKK,5
ISB,IST,11
ISB,AUH,24
ISB,DXB,42
ISB,RKT,2
ISB,SHJ,10
ISB,LHR,8
ILY,CSA,1
ILY,GLA,15
ILY,OBN,1
IOM,PRG,1
IOM,CPH,2
IOM,QCI,1
IOM,DUB,19
IOM,VCE,1
IOM,BHD,7
IOM,BFS,3
IOM,BHX,8
IOM,BRS,2
IOM,CEG,1
IOM,DND,1
IOM,EDI,6
IOM,FAB,1
IOM,GLO,1
IOM,LPL,33
IOM,BQH,2
IOM,LCY,10
IOM,LGW,20
IOM,LHR,8
IOM,SEN,1
IOM,STN,1
IOM,MAN,26
IOM,EMA,2
ISC,EXT,24
ISC,LEQ,91
ISC,NQY,3
ISP,PDK,1
ISP,LEW,1
ISP,AUG,1
ISP,BWI,29
ISP,BED,1
ISP,CHS,5
ISP,FRG,1
ISP,FLL,8
ISP,BHB,1
ISP,LBE,3
ISP,OPF,1
ISP,MYR,4
ISP,ASH,1
ISP,HVN,1
ISP,GON,1
ISP,ORF,5
ISP,MCO,22
ISP,PIT,2
ISP,PSF,1
ISP,RIC,3
ISP,TPA,11
ISP,TEB,5
ISP,IAD,1
ISP,DCA,1
ISP,PBI,12
ISE,IST,8
ISL,INN,1
ISL,GYD,2
ISL,BUD,2
ISL,LIN,1
ISL,ALA,1
ISL,VKO,1
ISL,GVA,1
ISL,AJI,1
ISL,IST,1
ISL,BQH,1
ISL,BGR,1
IST,KBL,5
IST,TIA,18
IST,ALG,49
IST,AAE,2
IST,CZL,10
IST,ORN,10
IST,LAD,2
IST,EVN,6
IST,SZG,7
IST,VIE,32
IST,GYD,53
IST,NAJ,1
IST,BAH,24
IST,DAC,11
IST,MSQ,11
IST,BRU,38
IST,COO,3
IST,SJJ,19
IST,GRU,8
IST,SOF,21
IST,VAR,10
IST,OUA,5
IST,DLA,5
IST,NSI,2
IST,YUL,4
IST,YYZ,10
IST,YVR,3
IST,NDJ,2
IST,PEK,6
IST,PKX,3
IST,CAN,5
IST,PVG,6
IST,BOG,8
IST,ABJ,0
IST,DBV,5
IST,ZAG,16
IST,HAV,4
IST,PRG,23
IST,FIH,7
IST,BLL,6
IST,CPH,24
IST,JIB,3
IST,HBE,10
IST,CAI,55
IST,HRG,12
IST,SSH,11
IST,ASM,3
IST,TLL,6
IST,ADD,15
IST,HEL,18
IST,BSL,13
IST,BOD,5
IST,LYS,15
IST,MRS,14
IST,NTE,3
IST,NCE,17
IST,CDG,62
IST,LBG,1
IST,ORY,5
IST,SXB,2
IST,TLS,8
IST,LBV,2
IST,BJL,3
IST,BUS,8
IST,TBS,28
IST,BER,32
IST,BRE,10
IST,CGN,23
IST,DUS,31
IST,FRA,67
IST,HAM,28
IST,HAJ,17
IST,LEJ,11
IST,LBC,1
IST,MUC,31
IST,NUE,19
IST,STR,29
IST,ACC,9
IST,ATH,52
IST,RHO,1
IST,SKG,12
IST,HKG,7
IST,BUD,33
IST,BLR,1
IST,MAA,3
IST,DEL,17
IST,BOM,21
IST,DPS,5
IST,CGK,11
IST,IFN,6
IST,MHD,9
IST,SYZ,8
IST,TBZ,10
IST,IKA,105
IST,OMH,2
IST,NJF,5
IST,BGW,32
IST,BSR,10
IST,EBL,27
IST,KIK,6
IST,DUB,17
IST,SNN,2
IST,TLV,112
IST,BRI,6
IST,BLQ,20
IST,CTA,7
IST,MXP,44
IST,NAP,13
IST,PMO,5
IST,FCO,30
IST,VCE,24
IST,HND,8
IST,NRT,3
IST,AMM,42
IST,AQJ,2
IST,SCO,7
IST,AKX,5
IST,ALA,79
IST,NQZ,28
IST,GUW,6
IST,CIT,3
IST,HSA,1
IST,NBO,11
IST,PRN,8
IST,KWI,54
IST,FRU,30
IST,RIX,15
IST,BEY,54
IST,BEN,11
IST,MRA,10
IST,MJI,45
IST,VNO,16
IST,LUX,8
IST,KUL,13
IST,MLE,5
IST,BKO,6
IST,MLA,15
IST,NKC,3
IST,MRU,5
IST,MEX,11
IST,KIV,29
IST,UBN,7
IST,TGD,18
IST,TIV,21
IST,CMN,17
IST,FEZ,1
IST,RAK,9
IST,TNG,1
IST,KTM,4
IST,AMS,42
IST,MST,4
IST,NIM,1
IST,ABV,5
IST,LOS,11
IST,SKP,12
IST,OSL,17
IST,MCT,25
IST,ISB,11
IST,KHI,8
IST,LHE,10
IST,PTY,4
IST,MNL,8
IST,KRK,7
IST,WAW,31
IST,LIS,16
IST,OPO,11
IST,DOH,37
IST,OTP,46
IST,CLJ,7
IST,CND,3
IST,IAS,3
IST,OGZ,2
IST,CEK,3
IST,GRV,8
IST,KZN,11
IST,MCX,8
IST,MRV,14
IST,DME,18
IST,SVO,50
IST,VKO,52
IST,ZIA,4
IST,GOJ,2
IST,OVB,4
IST,REN,1
IST,PEE,2
IST,KUF,2
IST,AER,44
IST,LED,24
IST,STW,2
IST,TJM,2
IST,UFA,5
IST,SVX,9
IST,KGL,8
IST,DMM,9
IST,JED,51
IST,MED,35
IST,RUH,32
IST,DSS,13
IST,BEG,44
IST,KVO,3
IST,INI,2
IST,SIN,17
IST,LJU,13
IST,MGQ,6
IST,CPT,6
IST,JNB,11
IST,ICN,24
IST,JUB,2
IST,BCN,32
IST,BIO,5
IST,MAD,29
IST,AGP,16
IST,VLC,15
IST,ZAZ,1
IST,KRT,3
IST,GOT,12
IST,ARN,22
IST,GVA,25
IST,ZRH,29
IST,TPE,10
IST,DYU,7
IST,DAR,4
IST,JRO,3
IST,ZNZ,4
IST,BKK,17
IST,SFA,2
IST,TUN,39
IST,ADA,98
IST,ADF,14
IST,AJI,11
IST,ESB,115
IST,HTY,46
IST,AYT,137
IST,BAL,23
IST,BGG,11
IST,BJV,95
IST,DLM,81
IST,DNZ,24
IST,DIY,49
IST,EDO,9
IST,EZS,24
IST,ECN,56
IST,ERC,16
IST,ERZ,24
IST,GZT,72
IST,GZP,24
IST,IGD,16
IST,ISE,8
IST,IST,0
IST,SAW,7
IST,ADB,129
IST,KCM,16
IST,KSY,16
IST,KFS,8
IST,ASR,72
IST,KYA,40
IST,KZR,8
IST,MLX,24
IST,MQM,24
IST,MZH,8
IST,MSR,20
IST,NAV,32
IST,OGU,33
IST,RZV,43
IST,SZF,40
IST,GNY,28
IST,SXZ,6
IST,NOP,12
IST,NKT,20
IST,VAS,21
IST,TJK,8
IST,TZX,96
IST,VAN,32
IST,YKO,10
IST,ONQ,6
IST,ASB,16
IST,AUH,18
IST,DXB,72
IST,DWC,8
IST,SHJ,12
IST,BHX,15
IST,EDI,8
IST,FAB,1
IST,LPL,1
IST,LGW,29
IST,LHR,0
IST,LTN,9
IST,STN,4
IST,MAN,28
IST,EMA,7
IST,ATL,9
IST,BOS,8
IST,ORD,25
IST,LCK,2
IST,DFW,8
IST,IAH,11
IST,LAX,17
IST,MIA,18
IST,JFK,27
IST,EWR,8
IST,SFO,17
IST,SEA,8
IST,IAD,13
IST,BHK,3
IST,FEG,5
IST,NVI,2
IST,SKD,13
IST,TAS,45
IST,UGC,4
IST,CCS,4
IST,HAN,3
IST,SGN,3
ITB,JRT,4
ITB,MAO,3
ITH,BUF,1
ITH,CHA,1
ITH,JFK,16
ITH,EWR,16
ITH,HPN,1
ITU,UUS,9
IZE,NO,0
IVL,KTT,8
IFO,NO,0
IWA,KGD,2
IWA,AER,4
IWA,LED,13
IWK,OKA,8
IWK,HND,40
IZT,OAX,3
IJK,KGD,2
IJK,MRV,3
IJK,DME,24
IJK,SVO,32
IJK,OVB,2
IJK,AER,8
IJK,LED,10
IJK,SVX,4
IZO,FUK,16
IZO,NKM,16
IZO,OKI,8
IZO,ITM,32
IZO,SDJ,8
IZO,FSZ,8
IZO,HND,40
IXJ,AMD,4
IXJ,DED,1
IXJ,DEL,68
IXJ,IDR,5
IXJ,IXL,3
IXJ,BOM,8
IXJ,SXR,50
IXW,BBI,8
IXW,CCU,8
IZA,CNF,3
IZA,VCP,13
IZA,CGH,6
IZA,GRU,8
IZA,GTP,6
IXY,DEL,6
IXY,BOM,7
IKK,PWK,1
IKK,LAF,1
IKK,HUF,1
IXK,DIU,1
IXK,BOM,4
IAN,OTZ,8
IAN,ORV,11
IGM,BFL,1
ISO,DNL,1
ISO,FMY,1
ISO,ISO,1
ISO,EWN,0
IRK,STL,25
ISM,,0
ISM,FTY,1
ISM,DAB,1
ISM,APA,1
ISM,FPR,0
ISM,HUM,1
ISM,JCI,1
ISM,ISM,1
ISM,TYS,1
ISM,LNK,1
ISM,MNZ,1
ISM,SRQ,1
ISM,MQY,1
ISM,PIE,1
ISM,TLH,0
ISM,TPA,1
ISM,TEB,1
ISM,PBI,1
IEV,NO,0
IRJ,AEP,11
IRJ,CTC,2
IXL,IXC,5
IXL,DEL,104
IXL,IXJ,10
IXL,BOM,8
IXL,SXR,17
IXI,CCU,8
IXI,SHL,4
IXI,TEZ,4
ILD,BCN,1
ILD,ILD,1
ILD,PMI,3
ILD,ZAZ,1
IRG,AUU,8
IRG,ABM,1
IRG,CNS,6
IMS,BED,1
IXM,BLR,32
IXM,MAA,54
IXM,DEL,8
IXM,HYD,8
IXM,BOM,8
IXM,SIN,4
IXM,CMB,5
IXM,DXB,8
IGT,VKO,2
IGT,PES,1
IGT,LED,3
IMQ,NO,0
IXE,BAH,1
IXE,BLR,38
IXE,MAA,8
IXE,DEL,8
IXE,HYD,16
IXE,CNN,2
IXE,BOM,44
IXE,PNQ,4
IXE,KWI,1
IXE,MCT,3
IXE,DOH,3
IXE,DMM,4
IXE,AUH,4
IXE,DXB,20
IWJ,HND,16
IPC,SCL,4
ISA,BQL,2
ISA,BNE,18
ISA,CNS,6
ISA,CNJ,2
ISA,DMD,6
ISA,JCK,3
ISA,TSV,12
ISK,AMD,14
ISK,GOX,6
ISK,HYD,8
ISK,IDR,8
ISK,NAG,8
INU,BNE,9
INU,NAN,2
INU,TRW,4
IAG,YCM,1
IAG,IAG,1
IAG,AGC,5
IAG,PVC,1
IAG,PGD,2
IAG,PIE,2
IAG,BDL,1
INI,VIE,7
INI,MLH,1
INI,BSL,3
INI,CGN,2
INI,DTM,2
INI,HHN,2
INI,FMM,2
INI,ATH,1
INI,CFU,3
INI,MLA,2
INI,TIV,1
INI,BEG,6
INI,LJU,3
INI,MMX,2
INI,ARN,2
INI,IST,3
IUE,AKL,1
IKB,AVL,1
IKB,CHS,1
IKB,LYH,1
IBR,FUK,8
IBR,UKB,23
IBR,OKA,8
IBR,CTS,16
IBR,TPE,3
ITM,AXT,48
ITM,ASJ,8
ITM,AOJ,55
ITM,FUK,93
ITM,FKS,44
ITM,HKD,16
ITM,HNA,31
ITM,IZO,31
ITM,KOJ,108
ITM,KCZ,47
ITM,KMJ,86
ITM,MYJ,87
ITM,MSJ,8
ITM,KMI,86
ITM,NGS,63
ITM,KIJ,91
ITM,OIT,61
ITM,OKI,8
ITM,OKA,40
ITM,CTS,80
ITM,SDJ,123
ITM,TJH,16
ITM,HND,237
ITM,NRT,16
ITM,KUM,8
ITM,GAJ,24
IXT,GAU,3
IXT,TEZ,4
IXP,NO,0
IXZ,BLR,14
IXZ,MAA,48
IXZ,DEL,3
IXZ,HYD,6
IXZ,CCU,55
IXZ,VTZ,3
IGR,AEP,71
IGR,EZE,34
IGR,COR,5
IGR,JUJ,2
IGR,ROS,3
IGR,SLA,4
IGR,TUC,2
IQM,HTN,8
IQM,KRL,16
IQM,RQA,8
IQN,PKX,8
IQN,TFU,1
IQN,CKG,8
IQN,DLC,1
IQN,HGH,3
IQN,LHW,20
IQN,PVG,3
IQN,SZX,4
IQN,TSN,4
IQN,URC,3
IXR,AMD,4
IXR,BLR,32
IXR,BBI,1
IXR,MAA,8
IXR,DEL,54
IXR,DGH,3
IXR,GOX,3
IXR,HYD,8
IXR,CCU,29
IXR,LKO,1
IXR,BOM,26
IXR,PAT,10
IXR,PNQ,8
IES,NO,0
ILS,GUA,1
ICN,BNE,5
ICN,SYD,26
ICN,VIE,11
ICN,GYD,6
ICN,DAC,1
ICN,BWN,3
ICN,PNH,21
ICN,YYZ,16
ICN,YVR,16
ICN,PEK,48
ICN,PKX,8
ICN,CGQ,14
ICN,CSX,5
ICN,CTU,11
ICN,TFU,16
ICN,CKG,7
ICN,DLC,24
ICN,DYG,5
ICN,CAN,32
ICN,HGH,18
ICN,HRB,13
ICN,JMU,1
ICN,TNA,10
ICN,MDG,4
ICN,NKG,16
ICN,TAO,73
ICN,PVG,104
ICN,SHE,24
ICN,SZX,29
ICN,TSN,32
ICN,WEH,30
ICN,WNZ,3
ICN,XIY,12
ICN,XMN,10
ICN,YNZ,5
ICN,YNJ,34
ICN,YNT,63
ICN,CGO,11
ICN,PRG,5
ICN,ADD,5
ICN,HEL,8
ICN,MRS,1
ICN,CDG,23
ICN,CGN,1
ICN,FRA,33
ICN,MUC,8
ICN,STR,1
ICN,GUM,14
ICN,HKG,120
ICN,BUD,10
ICN,DEL,12
ICN,DPS,13
ICN,CGK,23
ICN,TLV,4
ICN,MXP,4
ICN,FCO,13
ICN,FUK,142
ICN,KKJ,9
ICN,KMJ,8
ICN,MYJ,2
ICN,NGO,36
ICN,OKA,34
ICN,KIX,206
ICN,CTS,43
ICN,SDJ,3
ICN,FSZ,3
ICN,TAK,8
ICN,HND,16
ICN,NRT,194
ICN,ALA,18
ICN,FRU,1
ICN,VTE,9
ICN,LUX,3
ICN,MFM,15
ICN,BKI,18
ICN,KUL,25
ICN,PEN,1
ICN,UBN,35
ICN,RGN,6
ICN,KTM,5
ICN,AMS,18
ICN,AKL,8
ICN,SPN,18
ICN,OSL,1
ICN,CRK,29
ICN,CEB,52
ICN,KLO,25
ICN,MNL,80
ICN,TAG,5
ICN,WAW,5
ICN,DOH,13
ICN,SVO,6
ICN,UUS,2
ICN,JED,2
ICN,RUH,3
ICN,SIN,93
ICN,PUS,29
ICN,TAE,8
ICN,BCN,8
ICN,MAD,3
ICN,CMB,3
ICN,ZRH,3
ICN,KHH,21
ICN,TPE,100
ICN,DMK,8
ICN,BKK,103
ICN,CNX,11
ICN,HKT,13
ICN,IST,24
ICN,AUH,8
ICN,DXB,16
ICN,LHR,17
ICN,ANC,58
ICN,ATL,16
ICN,BOS,8
ICN,ORD,6
ICN,CVG,4
ICN,DFW,13
ICN,DTW,8
ICN,HNL,18
ICN,LAS,5
ICN,LAX,73
ICN,MSP,8
ICN,JFK,27
ICN,EWR,4
ICN,SFO,32
ICN,SEA,25
ICN,IAD,8
ICN,TAS,15
ICN,VCA,3
ICN,DLI,8
ICN,DAD,116
ICN,HPH,8
ICN,HAN,111
ICN,SGN,96
ICN,CXR,62
ICN,PQC,16
IXS,GAU,13
IXS,IMF,8
IXS,CCU,25
IXS,SHL,3
IXB,PBH,2
IXB,AMD,8
IXB,BLR,35
IXB,MAA,16
IXB,DEL,68
IXB,DIB,8
IXB,GAU,7
IXB,HYD,16
IXB,CCU,53
IXB,BOM,23
IXB,BKK,2
IMK,NO,0
ISU,CAI,1
ISU,IKA,4
ISU,BGW,10
ISU,BSR,2
ISU,AMM,5
ISU,BEY,2
ISU,DOH,8
ISU,JED,3
ISU,DXB,5
IKU,DME,3
IKU,SVO,4
IKU,OVB,1
IKA,KBL,4
IKA,EVN,9
IKA,VIE,6
IKA,GYD,2
IKA,PEK,2
IKA,CAN,3
IKA,PVG,4
IKA,SZX,1
IKA,URC,3
IKA,CDG,2
IKA,TBS,10
IKA,CGN,1
IKA,FRA,10
IKA,HAM,2
IKA,AMD,1
IKA,DEL,2
IKA,BOM,1
IKA,CQD,2
IKA,TBZ,1
IKA,THR,1
IKA,NJF,55
IKA,BGW,7
IKA,EBL,3
IKA,KIK,1
IKA,ISU,4
IKA,MXP,4
IKA,FCO,1
IKA,KWI,4
IKA,BEY,2
IKA,MCT,10
IKA,KHI,1
IKA,LHE,1
IKA,DOH,24
IKA,SVO,8
IKA,VKO,2
IKA,LED,2
IKA,JED,18
IKA,MED,16
IKA,DAM,3
IKA,DYU,1
IKA,DMK,0
IKA,BKK,3
IKA,HKT,1
IKA,ADA,0
IKA,ESB,15
IKA,DLM,4
IKA,DNZ,8
IKA,IST,112
IKA,SAW,16
IKA,ADB,3
IKA,DXB,71
IKA,SHJ,8
IKA,LHR,3
IKS,YKS,10
IAD,AUA,4
IAD,VIE,8
IAD,MHH,0
IAD,NAS,1
IAD,ELH,1
IAD,BRU,12
IAD,GRU,8
IAD,SOF,1
IAD,YYC,10
IAD,YUL,33
IAD,YHU,1
IAD,YOW,16
IAD,YTZ,0
IAD,YYZ,50
IAD,YVR,5
IAD,GCM,1
IAD,BOG,8
IAD,SJO,1
IAD,CPH,8
IAD,PUJ,9
IAD,CAI,5
IAD,SAL,41
IAD,ADD,8
IAD,NCE,1
IAD,CDG,29
IAD,BER,8
IAD,FRA,32
IAD,MUC,16
IAD,ACC,3
IAD,ATH,8
IAD,GUA,7
IAD,KEF,25
IAD,DEL,3
IAD,DUB,24
IAD,TLV,3
IAD,FCO,13
IAD,MBJ,3
IAD,HND,16
IAD,AMM,3
IAD,CUN,16
IAD,MEX,9
IAD,CMN,6
IAD,AMS,16
IAD,SXM,2
IAD,LOS,4
IAD,PTY,20
IAD,LIS,19
IAD,SJU,10
IAD,DOH,11
IAD,JED,5
IAD,RUH,3
IAD,CPT,3
IAD,ICN,8
IAD,BCN,8
IAD,MAD,12
IAD,BMA,1
IAD,GVA,8
IAD,ZRH,8
IAD,LFW,3
IAD,IST,11
IAD,PLS,5
IAD,AUH,8
IAD,DXB,8
IAD,EDI,8
IAD,FAB,1
IAD,LGW,6
IAD,LHR,49
IAD,LTN,2
IAD,ALB,25
IAD,QQG,1
IAD,AVL,1
IAD,AHN,1
IAD,PDK,2
IAD,FTY,1
IAD,ATL,86
IAD,AUO,1
IAD,AUS,31
IAD,AVP,1
IAD,MTN,1
IAD,BWI,2
IAD,BED,1
IAD,BHM,1
IAD,BMI,1
IAD,BCT,1
IAD,BOS,36
IAD,BZN,2
IAD,BFD,14
IAD,SSI,1
IAD,BUF,23
IAD,QQY,2
IAD,BTV,23
IAD,ADW,1
IAD,CHS,25
IAD,CLT,59
IAD,CHO,25
IAD,AUZ,1
IAD,PWK,4
IAD,MDW,23
IAD,ORD,41
IAD,UGN,2
IAD,CVG,24
IAD,CGF,2
IAD,CLE,35
IAD,CAE,16
IAD,CMH,36
IAD,OSU,1
IAD,LCK,2
IAD,DFW,39
IAD,DAL,2
IAD,DAY,16
IAD,APA,1
IAD,DEN,62
IAD,BJC,1
IAD,DTW,49
IAD,YIP,1
IAD,DUJ,22
IAD,JPX,1
IAD,ESN,1
IAD,EKI,1
IAD,FRG,2
IAD,FLL,18
IAD,HGR,0
IAD,BHB,1
IAD,HWD,1
IAD,HNL,1
IAD,IAH,41
IAD,HSV,24
IAD,IND,32
IAD,JAC,1
IAD,JAX,27
IAD,JST,8
IAD,MCI,9
IAD,EEN,1
IAD,ISO,1
IAD,TYS,17
IAD,LNS,21
IAD,LAS,16
IAD,HSH,1
IAD,LBE,1
IAD,LZU,1
IAD,LEX,1
IAD,LAX,52
IAD,SDF,27
IAD,LBT,1
IAD,MEM,5
IAD,MIA,11
IAD,OPF,1
IAD,MKE,1
IAD,MSP,36
IAD,MRY,1
IAD,MGW,31
IAD,MMU,3
IAD,MYR,1
IAD,APF,1
IAD,BNA,30
IAD,QQN,1
IAD,EWB,1
IAD,GON,1
IAD,MSY,16
IAD,JFK,18
IAD,LGA,49
IAD,EWR,43
IAD,PHF,3
IAD,ORF,31
IAD,OKC,1
IAD,OMA,1
IAD,ORL,1
IAD,MCO,33
IAD,OSH,1
IAD,OXC,0
IAD,PSC,1
IAD,PHL,1
IAD,PHX,8
IAD,PIT,34
IAD,PDX,10
IAD,PWM,24
IAD,PVD,16
IAD,RDU,33
IAD,RIC,33
IAD,ROA,22
IAD,ROC,23
IAD,RKD,1
IAD,RUT,1
IAD,SMF,8
IAD,MBS,1
IAD,SLC,8
IAD,SAT,16
IAD,SAN,32
IAD,SFO,62
IAD,SRQ,3
IAD,SAV,26
IAD,BFI,2
IAD,SEA,64
IAD,RSW,8
IAD,SUS,1
IAD,STL,16
IAD,STP,2
IAD,PIE,1
IAD,SYR,16
IAD,TPA,24
IAD,TEB,12
IAD,TVC,1
IAD,TTN,1
IAD,VNY,1
IAD,IAD,1
IAD,DCA,3
IAD,UES,1
IAD,PBI,5
IAD,FOK,2
IAD,HPN,6
IAD,ICT,1
IAD,BDL,33
IAD,YNG,1
IAD,STT,8
ICT,FTY,1
ICT,ATL,24
ICT,AUS,1
ICT,BHM,1
ICT,ORD,39
ICT,DFW,51
ICT,QQD,1
ICT,APA,1
ICT,DEN,52
ICT,VPS,3
ICT,DDC,1
ICT,ELP,1
ICT,FAT,2
ICT,GCK,3
ICT,GLD,1
ICT,HYS,2
ICT,IAH,25
ICT,HOU,1
ICT,JCI,1
ICT,LAS,4
ICT,LAX,3
ICT,SDF,2
ICT,MEM,4
ICT,MIC,1
ICT,MSP,9
ICT,MRY,1
ICT,OKC,1
ICT,SFB,3
ICT,AZA,3
ICT,PHX,2
ICT,PTK,1
ICT,RST,2
ICT,MYF,1
ICT,SEA,8
ICT,STL,16
ICT,STP,1
ICT,PIE,3
ICT,TEB,2
ICT,IAD,1
ICT,ICT,1
IPT,TPA,1
ILL,QQD,1
ILL,RNH,1
ILL,SGF,1
ILG,ABR,1
ILG,FTY,1
ILG,CLT,1
ILG,CTH,2
ILG,DAL,1
ILG,ELM,1
ILG,FLL,2
ILG,TMB,1
ILG,MIV,1
ILG,MCO,5
ILG,PHL,1
ILG,SOP,1
ILG,RSW,2
ILG,SCE,1
ILG,SYR,1
ILG,TPA,2
ILG,TEB,1
ILG,PBI,3
ILG,HPN,1
ILG,CDN,1
ILM,SDQ,0
ILM,AKC,1
ILM,AHN,0
ILM,ATL,32
ILM,MTN,1
ILM,BWI,2
ILM,BFT,1
ILM,BOS,12
ILM,CHS,1
ILM,CLT,54
ILM,ORD,9
ILM,RFD,1
ILM,CEU,1
ILM,CTH,1
ILM,DFW,16
ILM,FLL,2
ILM,LAS,1
ILM,MSP,2
ILM,MYR,1
ILM,BNA,1
ILM,HVN,2
ILM,LGA,45
ILM,EWR,16
ILM,MCO,2
ILM,PHL,24
ILM,RDU,2
ILM,SVH,1
ILM,IAD,1
ILM,DCA,15
ILM,IPT,1
ILN,ABE,1
ILN,ATL,1
ILN,CLT,1
ILN,DEN,1
ILN,IAH,1
ILN,LAX,1
ILN,PHX,2
ILN,SMF,1
ILN,SFO,1
ILN,SEA,1
INW,NO,0
INT,AUS,1
INT,PWK,0
INT,USA,1
INT,FLL,1
INT,JFK,1
INT,MCO,1
INT,RDU,1
INT,SRC,0
INT,HPN,1
INT,ZPH,1
ISS,NO,0
ISW,PWK,2
ISW,ENW,1
ISW,SJC,1
IAR,AER,2
IAR,LED,6
INC,PEK,45
INC,PKX,42
INC,CGQ,8
INC,CSX,24
INC,CZX,8
INC,CTU,26
INC,TFU,29
INC,CKG,23
INC,DLC,4
INC,DAT,8
INC,DNH,13
INC,ENH,1
INC,FOC,8
INC,CAN,20
INC,KWL,3
INC,KWE,11
INC,GYU,8
INC,HGH,19
INC,HRB,4
INC,HFE,18
INC,HET,5
INC,TNA,16
INC,KMG,22
INC,LYI,8
INC,LNL,4
INC,LYA,12
INC,LZO,4
INC,KHN,16
INC,NKG,31
INC,NNG,8
INC,NGB,8
INC,DSN,4
INC,TAO,12
INC,SHA,24
INC,PVG,46
INC,SHE,8
INC,SZX,20
INC,SJW,12
INC,WDS,3
INC,TYN,4
INC,TSN,40
INC,URC,32
INC,WUH,25
INC,XIY,11
INC,XMN,4
INC,XFN,4
INC,XNN,20
INC,XUZ,4
INC,ENY,4
INC,YNZ,2
INC,YTY,4
INC,YIH,4
INC,YIW,2
INC,YZY,3
INC,CGO,33
INC,HKG,2
IEG,ZAD,1
IEG,GDN,2
IEG,KRK,4
IEG,WAW,7
ILZ,PRG,1
