Departure,Arrival,Number of flights
JEG,JAV,6
JEG,SFJ,7
JAW,REC,1
JTY,ATH,12
JTY,LRS,3
JTC,VCP,8
JTC,GTP,6
JCL,NO,0
JCU,AGP,43
JZI,BDA,2
JZI,MTN,1
JZI,BMI,1
JZI,BCT,2
JZI,BOS,1
JZI,CHS,2
JZI,FFA,1
JZI,GVL,1
JZI,CRG,1
JZI,MGW,1
JZI,IKB,1
JZI,ECP,1
JZI,VRB,1
JZI,INT,1
JKH,ATH,43
JKH,MJT,4
JKH,SMI,4
JKH,SKG,8
JUH,PKX,8
JUH,TFU,4
JUH,DAT,2
JUH,CAN,4
JUH,SWA,4
JUH,JJN,4
JUH,SZX,8
JUH,XIY,8
JUH,XMN,4
JUH,YNZ,1
JUH,HSN,4
JIB,CAI,1
JIB,ADD,12
JIB,DIR,9
JIB,CDG,1
JIB,NBO,1
JIB,MCT,1
JIB,SLL,1
JIB,DOH,4
JIB,JED,3
JIB,BSA,1
JIB,GLK,1
JIB,HGA,10
JIB,MGQ,4
JIB,IST,3
JIB,DXB,3
JIB,RKT,1
JIB,ADE,10
JIB,SAH,2
JPX,BVY,2
JPX,JZI,1
JPX,ELM,1
JPX,FLL,1
JPX,HOU,1
JPX,ISP,1
JPX,PSF,1
JPX,PTK,1
JPX,SRQ,1
JPX,SYR,1
JPX,PBI,1
JAL,NO,0
JHL,NO,0
JIK,ATH,16
JIK,LXS,7
JAV,JEG,7
JAV,SFJ,31
JAV,GOH,2
JAV,NAQ,1
JAV,JQA,2
JAV,JUV,5
JAV,KEF,5
JLR,PAB,5
JLR,DEL,16
JLR,HYD,11
JLR,IDR,8
JLR,BOM,3
JAC,,0
JAC,ATL,8
JAC,BIL,1
JAC,BCT,1
JAC,BOS,1
JAC,BZN,2
JAC,CYS,1
JAC,MDW,1
JAC,ORD,23
JAC,COE,1
JAC,COS,1
JAC,OSU,1
JAC,DFW,19
JAC,APA,3
JAC,DEN,32
JAC,SUN,1
JAC,IAH,2
JAC,LAR,0
JAC,LAS,2
JAC,LAX,16
JAC,MAF,1
JAC,MSP,4
JAC,MRY,1
JAC,EWR,2
JAC,VGT,1
JAC,SLC,25
JAC,SAN,4
JAC,SFO,13
JAC,SJC,2
JAC,STS,1
JAC,SEA,6
JAC,VNY,1
JAN,ATL,66
JAN,BWI,7
JAN,BTR,1
JAN,CLT,27
JAN,CLE,1
JAN,DFW,51
JAN,DSI,1
JAN,FXE,1
JAN,IAH,24
JAN,HOU,23
JAN,SDF,3
JAN,BNA,1
JAN,MSY,2
JAN,MCO,1
JAN,ECP,0
JAN,DCA,8
JXN,BKL,1
JXN,PUB,1
JAX,AZS,1
JAX,SIG,1
JAX,SJU,9
JAX,AIK,1
JAX,AHN,1
JAX,ATL,99
JAX,AUS,15
JAX,BWI,32
JAX,BLV,2
JAX,BCT,1
JAX,BOS,31
JAX,MVW,2
JAX,CHS,2
JAX,CLT,45
JAX,PWK,1
JAX,MDW,8
JAX,ORD,29
JAX,CVG,2
JAX,COS,1
JAX,CMH,2
JAX,DFW,48
JAX,DAL,2
JAX,DEN,20
JAX,DTW,13
JAX,DHN,1
JAX,FNT,2
JAX,FXE,1
JAX,FLL,23
JAX,GNV,1
JAX,GDC,1
JAX,GPT,2
JAX,IAH,24
JAX,HOU,8
JAX,IND,2
JAX,CRG,1
JAX,LAS,3
JAX,LEE,1
JAX,LAX,3
JAX,SDF,3
JAX,MEM,4
JAX,MIA,33
JAX,MSP,10
JAX,APF,3
JAX,BNA,19
JAX,MSY,10
JAX,QQB,1
JAX,JFK,48
JAX,LGA,37
JAX,EWR,24
JAX,ORF,8
JAX,PHL,34
JAX,PIT,4
JAX,RDU,5
JAX,RDG,1
JAX,RIC,4
JAX,SRQ,1
JAX,SAV,1
JAX,BFF,1
JAX,RSW,1
JAX,STL,9
JAX,PIE,3
JAX,SUA,1
JAX,TEB,3
JAX,TOL,1
JAX,IAD,28
JAX,DCA,31
JAX,HPN,3
JAX,BDL,6
JKV,BHM,1
JKV,QQN,1
JAE,LIM,3
JAF,MAA,5
JGB,HYD,8
JGB,RPR,9
JJG,VCP,6
JJG,CGH,16
JJG,GTP,6
JAR,THR,2
JAI,AMD,33
JAI,ATQ,8
JAI,BEK,5
JAI,IXG,4
JAI,BLR,37
JAI,BHO,3
JAI,BBI,3
JAI,IXC,23
JAI,MAA,8
JAI,DED,13
JAI,DEL,64
JAI,GOX,8
JAI,HYD,40
JAI,IDR,10
JAI,JDH,9
JAI,CCU,24
JAI,LKO,9
JAI,BOM,85
JAI,PGH,8
JAI,PNQ,24
JAI,STV,8
JAI,UDR,8
JAI,MCT,7
JAI,DMK,5
JAI,DXB,13
JAI,SHJ,8
JSA,NO,0
JAA,FRU,1
JLG,NO,0
JAM,NO,0
JHW,ITH,1
JMS,DEN,7
JMS,DVL,8
JMS,FAR,1
JMS,SJC,1
JGA,BLR,8
JGA,HYD,8
JGA,BOM,8
JKR,KTM,64
JVL,TYQ,0
JVL,LSE,1
JVL,RNH,1
JVL,LOT,1
JVL,STE,1
JVL,UTM,0
JAS,NO,0
JAU,LIM,29
JED,KBL,27
JED,KDH,3
JED,MZR,1
JED,TIA,2
JED,ALG,8
JED,AAE,3
JED,CZL,2
JED,LOO,3
JED,ORN,5
JED,OGX,4
JED,TMR,0
JED,VIE,7
JED,GYD,6
JED,BAH,39
JED,CGP,3
JED,DAC,47
JED,ZYL,1
JED,LGG,1
JED,SJJ,1
JED,CAN,3
JED,JIB,1
JED,HBE,33
JED,ATZ,11
JED,ASW,1
JED,CAI,218
JED,SPX,1
JED,HRG,2
JED,LXR,9
JED,SSH,9
JED,HMB,18
JED,ADD,25
JED,MRS,3
JED,CDG,8
JED,TBS,8
JED,FRA,5
JED,MUC,3
JED,ATH,8
JED,HKG,1
JED,BUD,2
JED,BLR,5
JED,MAA,8
JED,COK,7
JED,DEL,15
JED,HYD,20
JED,CNN,5
JED,CCJ,23
JED,LKO,4
JED,BOM,35
JED,CGK,25
JED,UPG,3
JED,KNO,1
JED,SUB,13
JED,AWZ,1
JED,IFN,1
JED,BGW,6
JED,EBL,5
JED,KIK,1
JED,ISU,3
JED,MXP,7
JED,FCO,8
JED,VCE,2
JED,AMM,34
JED,NBO,7
JED,KWI,52
JED,BEY,22
JED,BEN,2
JED,MJI,3
JED,KUL,29
JED,MRU,4
JED,CMN,16
JED,AMS,9
JED,KAN,2
JED,YOL,2
JED,MCT,43
JED,SLL,2
JED,ISB,34
JED,KHI,46
JED,LHE,41
JED,MUX,6
JED,PEW,7
JED,SKT,3
JED,MNL,8
JED,DOH,42
JED,OTP,2
JED,AHB,111
JED,ULH,2
JED,EJH,2
JED,ABT,13
JED,ELQ,32
JED,RAE,4
JED,BHH,11
JED,DMM,156
JED,DWD,2
JED,URY,7
JED,HAS,16
JED,HOF,5
JED,GIZ,76
JED,MED,33
JED,EAM,20
JED,NUM,4
JED,AQI,5
JED,RUH,447
JED,AJF,8
JED,SHW,8
JED,TUU,54
JED,TIF,4
JED,WAE,2
JED,YNB,9
JED,SIN,6
JED,HGA,2
JED,MGQ,4
JED,ICN,2
JED,BCN,2
JED,MAD,4
JED,KRT,39
JED,PZU,34
JED,GVA,4
JED,DYU,4
JED,DAR,4
JED,BKK,9
JED,TUN,8
JED,ESB,5
JED,AYT,2
JED,BJV,1
JED,YEI,1
JED,IST,45
JED,SAW,23
JED,ADB,1
JED,ASR,2
JED,KZR,1
JED,TJK,1
JED,TZX,8
JED,ASB,0
JED,AUH,26
JED,DXB,128
JED,RKT,9
JED,SHJ,16
JED,LGW,6
JED,LHR,9
JED,MAN,5
JED,LAX,3
JED,JFK,3
JED,IAD,5
JED,ADE,16
JED,RIY,1
JED,GXF,1
JEF,ATW,1
JEF,IOW,1
JEF,JLN,1
JEF,LRD,1
JEF,MBY,1
JEF,OMA,1
JEF,SGF,1
JBB,NO,0
JJD,CNF,3
JJD,FOR,4
JJD,PHB,4
JJD,GRU,11
JJD,GTP,6
JER,NCY,1
JER,DNR,1
JER,NCE,1
JER,SBK,1
JER,BER,1
JER,DUS,1
JER,MUC,1
JER,GCI,31
JER,DUB,5
JER,AMS,2
JER,ZRH,1
JER,BHD,3
JER,BFS,2
JER,BHX,12
JER,BLK,1
JER,BRS,13
JER,CEG,1
JER,EDI,2
JER,EXT,9
JER,GLA,6
JER,PIK,1
JER,HUY,1
JER,LBA,3
JER,LPL,13
JER,BQH,1
JER,LGW,34
JER,LHR,35
JER,LTN,9
JER,OXF,1
JER,STN,1
JER,MAN,8
JER,NCL,2
JER,NWI,2
JER,EMA,9
JER,SOU,33
JER,MME,1
JER,QKF,1
JSR,DAC,38
JRG,BBI,8
JRG,DEL,8
JRG,HYD,8
JRG,CCU,8
JGS,PEK,8
JGS,PKX,4
JGS,TFU,8
JGS,CKG,7
JGS,FOC,4
JGS,CAN,3
JGS,KWE,4
JGS,HAK,8
JGS,HGH,4
JGS,SWA,4
JGS,TNA,3
JGS,KMG,8
JGS,NKG,8
JGS,NNG,8
JGS,NGB,4
JGS,SYX,3
JGS,SHA,8
JGS,PVG,8
JGS,SZX,5
JGS,TYN,1
JGS,TSN,2
JGS,XIY,8
JGS,XMN,7
JGS,CGO,4
JPR,CGB,5
JPR,PVH,1
JGD,DLC,3
JGD,HRB,12
JGD,OHE,4
JMU,PEK,23
JMU,PKX,8
JMU,DLC,6
JMU,FYJ,8
JMU,TNA,5
JMU,TAO,16
JMU,PVG,8
JMU,SHE,3
JMU,WEH,8
JMU,YNT,20
JMU,ICN,1
JSJ,DLC,8
JSJ,HRB,8
JGN,NO,0
JIJ,ADD,63
JIJ,GDE,8
JIM,ADD,24
JIC,PKX,4
JIC,LHW,12
JIC,XIY,8
JDZ,PEK,8
JDZ,PKX,4
JDZ,TFU,4
JDZ,CAN,8
JDZ,HAK,4
JDZ,KMG,4
JDZ,NGB,4
JDZ,TAO,4
JDZ,SHA,8
JDZ,SZX,8
JDZ,TSN,4
JDZ,XIY,4
JDZ,XMN,4
JHG,PEK,4
JHG,PKX,16
JHG,BFJ,8
JHG,CSX,35
JHG,CTU,32
JHG,TFU,37
JHG,CKG,42
JHG,DLU,16
JHG,FOC,3
JHG,KOW,4
JHG,CAN,30
JHG,KWE,8
JHG,HGH,11
JHG,HFE,8
JHG,HNY,4
JHG,TNA,8
JHG,KMG,82
JHG,LJG,40
JHG,LZH,3
JHG,LZO,8
JHG,MIG,5
JHG,KHN,8
JHG,NKG,28
JHG,NNG,12
JHG,NGB,8
JHG,PVG,29
JHG,SZX,16
JHG,SJW,4
JHG,TYN,4
JHG,TEN,8
JHG,WUH,21
JHG,WHA,0
JHG,WUX,2
JHG,XIY,12
JHG,XMN,4
JHG,XIC,7
JHG,YBP,5
JHG,CGO,28
JHG,ZUH,1
JHG,ZYI,8
JHG,CNX,3
JNG,PKX,4
JNG,CSX,8
JNG,CTU,4
JNG,TFU,4
JNG,CKG,8
JNG,DLC,7
JNG,FOC,3
JNG,CAN,8
JNG,KWE,8
JNG,HAK,4
JNG,KMG,4
JNG,KHN,4
JNG,NNG,8
JNG,DSN,8
JNG,TAO,4
JNG,SYX,7
JNG,SHE,4
JNG,SZX,8
JNG,WXN,4
JNG,XIY,4
JNG,XMN,8
JNG,YNT,0
JNG,UYN,4
JNZ,CZX,3
JNZ,PVG,10
JNZ,WUH,8
JYR,IHR,1
JYR,THR,2
JIU,PEK,8
JIU,TFU,2
JIU,HAK,8
JIU,PVG,2
JIU,SZX,8
JIU,XIY,8
JXA,PEK,4
JXA,PKX,8
JXA,DLC,8
JXA,TAO,8
JXA,SHE,3
JXA,YNT,4
JPA,CNF,1
JPA,BSB,16
JPA,VCP,9
JPA,NAT,1
JPA,REC,12
JPA,GIG,9
JPA,SSA,6
JPA,GRU,39
JPA,UDI,1
JPA,GTP,6
JDH,AMD,11
JDH,IXG,4
JDH,BLR,8
JDH,MAA,8
JDH,DEL,17
JDH,HYD,5
JDH,IDR,8
JDH,JAI,8
JDH,BOM,16
JDH,PNQ,0
JOE,HEL,12
JNB,ALG,2
JNB,LAD,12
JNB,SYD,7
JNB,BRU,1
JNB,GBE,54
JNB,BBK,10
JNB,MUB,23
JNB,SZX,3
JNB,FIH,12
JNB,FBM,13
JNB,CAI,4
JNB,SHO,40
JNB,ADD,27
JNB,CDG,8
JNB,LBV,2
JNB,FRA,8
JNB,ACC,3
JNB,TLV,2
JNB,NBO,75
JNB,MSU,22
JNB,TNR,8
JNB,BLZ,10
JNB,MRU,19
JNB,BEW,5
JNB,MPM,47
JNB,APL,2
JNB,POL,7
JNB,TET,5
JNB,VNX,8
JNB,WVB,9
JNB,WDH,45
JNB,AMS,8
JNB,LOS,5
JNB,DOH,21
JNB,RUN,2
JNB,KGL,8
JNB,SEZ,4
JNB,SIN,8
JNB,BFN,46
JNB,CPT,383
JNB,DUR,270
JNB,ELS,54
JNB,GRJ,88
JNB,HDS,24
JNB,KIM,36
JNB,LDZ,0
JNB,MGH,7
JNB,UTT,25
JNB,MQP,44
JNB,PZB,29
JNB,PBZ,8
JNB,PTG,22
JNB,PLZ,87
JNB,RCB,20
JNB,SIS,22
JNB,SZK,16
JNB,UTN,20
JNB,ZRH,6
JNB,DAR,7
JNB,ZNZ,1
JNB,IST,10
JNB,EBB,12
JNB,AUH,5
JNB,DXB,24
JNB,LHR,24
JNB,ATL,8
JNB,EWR,8
JNB,LVI,8
JNB,LUN,72
JNB,NLA,12
JNB,BUQ,18
JNB,HRE,63
JNB,VFA,39
JST,ORD,8
JST,DUJ,0
JST,LNS,1
JST,EDE,1
JST,IAD,8
JST,PBI,1
JHB,CAN,5
JHB,CGK,8
JHB,SUB,5
JHB,AOR,3
JHB,IPH,8
JHB,KBR,4
JHB,BKI,16
JHB,KUL,69
JHB,SZB,38
JHB,KCH,35
JHB,LGK,4
JHB,MYY,2
JHB,PEN,48
JHB,SBW,9
JHB,TWU,4
JHB,DMK,8
JHB,SGN,8
JOI,VCP,23
JOI,POA,8
JOI,CGH,16
JOI,GRU,14
JOI,GTP,6
JOT,NO,0
JMO,NO,0
JBR,DAL,1
JBR,DWH,1
JBR,GGG,1
JBR,BNA,6
JBR,STL,14
JKG,BLL,5
JKG,HEL,3
JKG,OSL,3
JKG,PMI,1
JKG,ARN,1
JLN,DEC,8
JLN,DEN,5
JLN,JEF,1
JLN,SUS,1
JLN,TUL,1
JRH,GAU,4
JRH,CCU,8
JOS,ABV,3
JOS,LOS,9
JDO,VCP,8
JDO,FOR,3
JDO,REC,7
JDO,GRU,16
JDO,GTP,6
JUB,CAI,2
JUB,ADD,16
JUB,NBO,13
JUB,WUU,4
JUB,KRT,17
JUB,IST,2
JUB,EBB,14
JUB,DXB,4
JIA,CGB,6
JUI,NO,0
JUJ,AEP,33
JUJ,EZE,12
JUJ,COR,5
JUJ,MDZ,2
JUJ,IGR,2
JCK,ISA,3
JCK,RCM,3
JUL,LIM,32
JUM,NO,0
JCT,NO,0
JNU,ANC,37
JNU,AGN,0
JNU,ELV,0
JNU,GST,8
JNU,HNS,0
JNU,HNH,0
JNU,KAE,0
JNU,KTN,8
JNU,KLW,0
JNU,PEC,0
JNU,PSG,8
JNU,BFI,1
JNU,SEA,67
JNU,SIT,29
JNU,SGY,0
JNU,TKE,0
JNU,YAK,8
JRT,TMT,4
JYV,HEL,13
JKL,ATH,7
JKL,KGS,3
JKL,LRS,3
JCI,YWG,1
JCI,PDK,1
JCI,BKG,1
JCI,LUK,5
JCI,DAL,1
JCI,APA,4
JCI,FAR,1
JCI,FTW,2
JCI,HUT,1
JCI,MKC,1
JCI,JCI,1
JCI,FCM,1
JCI,OMA,1
JCI,HIO,1
JCI,MCC,1
JCI,SUS,5
JCI,TOL,1
JCI,ICT,1
JRF,NO,0
JRO,ADD,8
JRO,MBA,2
JRO,NBO,21
JRO,WIL,24
JRO,DOH,3
JRO,KGL,4
JRO,ARK,43
JRO,DAR,46
JRO,GTZ,8
JRO,LKY,37
JRO,MWZ,9
JRO,SEU,9
JRO,TGT,3
JRO,ZNZ,38
JRO,EBB,6
JHM,HNL,25
JMJ,KMG,28
JMJ,BAR,4
JSU,SFJ,4
JSU,GOH,4
JJM,NO,0
JMK,VIE,12
JMK,LCA,1
JMK,PFO,3
JMK,BRQ,1
JMK,MRS,2
JMK,NTE,1
JMK,CDG,1
JMK,ORY,11
JMK,DUS,2
JMK,FRA,2
JMK,MUC,4
JMK,STR,3
JMK,ATH,106
JMK,KGS,1
JMK,JTR,3
JMK,SKG,5
JMK,BUD,2
JMK,TLV,6
JMK,BRI,1
JMK,BLQ,3
JMK,MXP,13
JMK,NAP,13
JMK,VCE,2
JMK,VRN,1
JMK,KWI,1
JMK,AMS,3
JMK,DOH,4
JMK,OTP,2
JMK,BEG,1
JMK,LPA,1
JMK,GVA,2
JMK,ZRH,7
JMK,BRS,1
JMK,LCY,4
JMK,LGW,13
JMK,LHR,11
JMK,LTN,1
JMK,MAN,6
JMK,NCL,1
JNX,ATH,69
JFK,ANU,12
JFK,EZE,12
JFK,AUA,28
JFK,VIE,8
JFK,NAS,16
JFK,BGI,8
JFK,BRU,22
JFK,LGG,6
JFK,BDA,20
JFK,GRU,24
JFK,YYC,9
JFK,YHZ,4
JFK,YHM,6
JFK,YUL,32
JFK,YYZ,74
JFK,YVR,8
JFK,GCM,8
JFK,SCL,8
JFK,PEK,1
JFK,CKG,1
JFK,FOC,1
JFK,CAN,3
JFK,PVG,23
JFK,WUH,3
JFK,BOG,32
JFK,CLO,3
JFK,CTG,11
JFK,MDE,8
JFK,PEI,5
JFK,LIR,8
JFK,SJO,0
JFK,ABJ,0
JFK,HAV,1
JFK,CUR,5
JFK,PRG,8
JFK,CPH,16
JFK,POP,8
JFK,PUJ,40
JFK,STI,72
JFK,SDQ,64
JFK,GYE,14
JFK,UIO,6
JFK,CAI,9
JFK,SAL,19
JFK,HEL,8
JFK,NCE,8
JFK,CDG,88
JFK,BER,13
JFK,FRA,40
JFK,LEJ,1
JFK,MUC,6
JFK,ACC,8
JFK,ATH,24
JFK,GND,8
JFK,GUA,12
JFK,GEO,24
JFK,PAP,2
JFK,HKG,22
JFK,KEF,30
JFK,DEL,17
JFK,BOM,8
JFK,DUB,24
JFK,SNN,8
JFK,TLV,35
JFK,MXP,43
JFK,FCO,56
JFK,VCE,8
JFK,KIN,31
JFK,MBJ,36
JFK,HND,27
JFK,NRT,2
JFK,AMM,8
JFK,NBO,5
JFK,KWI,8
JFK,LUX,9
JFK,CUN,41
JFK,GDL,5
JFK,MEX,48
JFK,MTY,8
JFK,SJD,8
JFK,CMN,12
JFK,AMS,37
JFK,SXM,10
JFK,AKL,4
JFK,OSL,3
JFK,PTY,24
JFK,LIM,11
JFK,MNL,5
JFK,WAW,15
JFK,FNC,1
JFK,TER,1
JFK,LIS,16
JFK,PDL,6
JFK,BQN,16
JFK,PSE,8
JFK,SJU,78
JFK,DOH,20
JFK,UVF,8
JFK,SVD,2
JFK,JED,3
JFK,RUH,5
JFK,DSS,6
JFK,BEG,4
JFK,SIN,8
JFK,ICN,39
JFK,BCN,25
JFK,MAD,35
JFK,ARN,8
JFK,GVA,16
JFK,ZRH,24
JFK,TPE,12
JFK,POS,14
JFK,TAB,1
JFK,IST,30
JFK,PLS,9
JFK,AUH,14
JFK,DXB,16
JFK,BOH,3
JFK,EDI,8
JFK,LGW,32
JFK,LHR,176
JFK,MAN,14
JFK,EMA,4
JFK,ABQ,8
JFK,ANC,30
JFK,ATL,74
JFK,AUS,56
JFK,BWI,16
JFK,BGR,8
JFK,BOS,132
JFK,BZN,0
JFK,BUF,64
JFK,BUR,8
JFK,BTV,32
JFK,CHS,40
JFK,CLT,79
JFK,PWK,1
JFK,ORD,61
JFK,RFD,3
JFK,CVG,53
JFK,CLE,48
JFK,CMH,48
JFK,DFW,40
JFK,DEN,28
JFK,DTW,56
JFK,FLL,88
JFK,AFW,1
JFK,HNL,13
JFK,IAH,12
JFK,HYA,8
JFK,IND,50
JFK,ITH,16
JFK,JAX,48
JFK,MCI,16
JFK,TYS,1
JFK,LAL,1
JFK,LAS,70
JFK,LAX,222
JFK,SDF,4
JFK,MVY,16
JFK,MEM,8
JFK,MIA,130
JFK,MKE,16
JFK,MSP,27
JFK,CNY,1
JFK,ACK,25
JFK,BNA,48
JFK,MSY,32
JFK,LGA,5
JFK,PHF,2
JFK,ORF,56
JFK,ONT,8
JFK,MCO,113
JFK,OSC,1
JFK,PHX,48
JFK,PIT,40
JFK,PTK,1
JFK,PDX,28
JFK,PWM,24
JFK,RDU,105
JFK,RNO,0
JFK,RIC,24
JFK,ROC,40
JFK,SMF,8
JFK,SLC,49
JFK,SAT,16
JFK,SAN,52
JFK,SFO,171
JFK,SJC,8
JFK,SNA,8
JFK,SLK,9
JFK,SRQ,8
JFK,SAV,40
JFK,SEA,69
JFK,RSW,24
JFK,SCE,1
JFK,SYR,24
JFK,TPA,56
JFK,IAD,16
JFK,DCA,48
JFK,PBI,48
JFK,FOK,1
JFK,INT,2
JFK,ORH,24
JFK,TAS,5
JFK,STT,16
JRB,OWD,1
JFR,UAK,2
JFR,GOH,2
JPE,BEL,4
JPO,REC,4
JAD,NO,0
JQA,JAV,2
JQA,UMD,12
JIQ,CKG,14
JIQ,CAN,4
JIQ,HFE,3
JIQ,KMG,4
JIQ,LXA,4
JIQ,PVG,6
JJN,PEK,10
JJN,PKX,20
JJN,CSX,31
JJN,CZX,8
JJN,TFU,27
JJN,HCZ,4
JJN,JUH,4
JJN,CKG,32
JJN,DZH,4
JJN,FUO,1
JJN,CAN,8
JJN,KWE,39
JJN,HAK,4
JJN,HGH,38
JJN,HFE,9
JJN,HNY,4
JJN,TNA,19
JJN,KMG,32
JJN,LUM,2
JJN,NKG,16
JJN,NNG,16
JJN,NTG,22
JJN,TAO,4
JJN,SYX,8
JJN,SHA,32
JJN,PVG,16
JJN,SHE,8
JJN,SZX,10
JJN,WDS,4
JJN,TSN,4
JJN,WNZ,1
JJN,WUH,21
JJN,WUX,19
JJN,XIY,13
JJN,XUZ,12
JJN,YNT,2
JJN,YBP,8
JJN,YIH,4
JJN,YYA,4
JJN,ZHA,8
JJN,CGO,33
JJN,HSN,47
JJN,ZUH,4
JJN,WMT,8
JJN,HKG,10
JJN,MFM,6
JJN,MNL,10
JUZ,PKX,8
JUZ,TFU,16
JUZ,CKG,12
JUZ,CAN,8
JUZ,KWE,8
JUZ,HAK,8
JUZ,TNA,3
JUZ,KMG,4
JUZ,LJG,4
JUZ,NNG,4
JUZ,TAO,8
JUZ,SYX,4
JUZ,SZX,8
JUZ,SJW,4
JUZ,TYN,4
JUZ,TSN,4
JUZ,XIY,4
JUZ,XMN,4
JUZ,ZHA,4
JUZ,CGO,8
JUZ,HSN,8
JBQ,AUA,3
JBQ,HAV,3
JBQ,SCU,1
JBQ,CUR,3
JBQ,PAP,28
JBQ,SXM,2
JBQ,FXE,1
JTR,VIE,5
JTR,BRU,2
JTR,PRG,2
JTR,HEL,3
JTR,BOD,2
JTR,LYS,3
JTR,MRS,4
JTR,NTE,5
JTR,CDG,1
JTR,ORY,14
JTR,TLS,1
JTR,CGN,3
JTR,DUS,1
JTR,FRA,3
JTR,HAM,2
JTR,MUC,2
JTR,STR,3
JTR,ATH,188
JTR,CHQ,1
JTR,SKG,9
JTR,BUD,0
JTR,DUB,5
JTR,TLV,4
JTR,BRI,3
JTR,CTA,1
JTR,BGY,4
JTR,MXP,5
JTR,NAP,7
JTR,PMO,1
JTR,FCO,3
JTR,VCE,3
JTR,VRN,2
JTR,LUX,1
JTR,AMS,4
JTR,GDN,3
JTR,KRK,1
JTR,WAW,1
JTR,OTP,2
JTR,BCN,2
JTR,BIO,1
JTR,MAD,0
JTR,GVA,2
JTR,ZRH,4
JTR,AUH,2
JTR,BHX,4
JTR,BRS,4
JTR,EDI,3
JTR,LBA,1
JTR,LGW,20
JTR,LHR,10
JTR,LTN,2
JTR,STN,5
JTR,MAN,11
JTR,NCL,1
JTR,EMA,2
JSB,FOR,2
JBS,NO,0
JHF,TFS,1
JHS,SFJ,14
JHS,GOH,5
JSH,PVK,2
JSH,AXD,2
JSH,ATH,8
JSI,GRZ,1
JSI,KLU,1
JSI,QYJ,1
JSI,VIE,5
JSI,PRG,2
JSI,CPH,1
JSI,ORY,1
JSI,DUS,2
JSI,FRA,1
JSI,MUC,2
JSI,ATH,16
JSI,AOK,0
JSI,KVA,1
JSI,EFL,1
JSI,BRI,5
JSI,NAP,2
JSI,PSA,2
JSI,FCO,2
JSI,VCE,1
JSI,OTP,1
JSI,ARN,1
JSI,BHX,5
JSI,BRS,4
JSI,EDI,1
JSI,LBA,3
JSI,LGW,4
JSI,LTN,1
JSI,STN,5
JSI,MAN,9
JSI,NCL,3
JSI,EMA,3
JZH,PEK,4
JZH,CZX,5
JZH,CTU,8
JZH,TFU,20
JZH,CKG,3
JZH,HGH,4
JZH,WUH,2
JZH,XIY,5
JZH,CGO,3
JSY,ATH,7
JUV,AOQ,1
JUV,JAV,3
JUV,IUI,1
JUV,KGQ,1
JUV,KHQ,2
JUV,NSQ,3
JUV,NAQ,1
JUV,TQA,1
JUV,UPK,2
JOG,BDO,11
JOG,HLP,24
JOG,SUB,11
JOK,VKO,4
JOK,LED,2
JWN,MHD,4
