Departure,Arrival,Number of flights
KAC,BEY,1
KAC,DAM,1
KVK,SVO,8
KVK,LED,8
KHB,NO,0
KBC,FAI,2
KBC,FYU,2
KBS,NO,0
KQT,KJA,2
KQT,OSW,8
KTS,OME,7
KTS,TLA,12
KTS,WAA,1
KJI,URC,4
KIV,EVN,15
KIV,VIE,7
KIV,BRU,2
KIV,LCA,2
KIV,HRG,1
KIV,SSH,1
KIV,NCE,3
KIV,BVA,3
KIV,CDG,6
KIV,BER,2
KIV,DUS,4
KIV,FRA,4
KIV,HHN,2
KIV,GHF,1
KIV,DUB,8
KIV,TLV,8
KIV,BGY,4
KIV,MXP,2
KIV,PMF,4
KIV,FCO,2
KIV,VCE,3
KIV,VRN,3
KIV,AMS,3
KIV,WAW,16
KIV,BBU,1
KIV,OTP,23
KIV,BEG,1
KIV,BCN,3
KIV,VLC,1
KIV,AYT,13
KIV,IST,29
KIV,LTN,7
KFE,PER,0
KOW,PEK,8
KOW,PKX,8
KOW,CSX,3
KOW,CZX,3
KOW,TFU,16
KOW,CKG,4
KOW,DLC,3
KOW,CAN,3
KOW,KWE,7
KOW,HAK,15
KOW,HGH,16
KOW,HRB,8
KOW,HFE,4
KOW,TNA,10
KOW,JHG,4
KOW,KMG,12
KOW,NKG,12
KOW,NNG,7
KOW,NGB,4
KOW,SYX,8
KOW,SHA,8
KOW,PVG,8
KOW,TSN,8
KOW,XIY,4
KOW,ZUH,8
KGX,SHX,8
KWL,BHY,8
KWL,PEK,21
KWL,PKX,28
KWL,TFU,16
KWL,FOC,4
KWL,HAK,35
KWL,HGH,16
KWL,HFE,16
KWL,HIA,3
KWL,SWA,13
KWL,TNA,16
KWL,LHW,8
KWL,LJG,4
KWL,LYI,8
KWL,LZO,4
KWL,KHN,8
KWL,NKG,48
KWL,NNG,5
KWL,NTG,4
KWL,NNY,4
KWL,NGB,8
KWL,TAO,4
KWL,SYX,6
KWL,SHA,8
KWL,PVG,57
KWL,SHE,9
KWL,SJW,5
KWL,WDS,4
KWL,TYN,21
KWL,TSN,28
KWL,WXN,2
KWL,WNZ,8
KWL,WHA,4
KWL,WUX,4
KWL,WUZ,1
KWL,XIY,34
KWL,XMN,14
KWL,XFN,4
KWL,XNN,4
KWL,WUT,4
KWL,XUZ,4
KWL,YTY,4
KWL,YNT,5
KWL,INC,3
KWL,YCU,3
KWL,CGO,29
KWE,AQG,4
KWE,AEB,8
KWE,BAV,4
KWE,BZX,4
KWE,PEK,72
KWE,PKX,81
KWE,BFJ,5
KWE,CGQ,4
KWE,CGD,4
KWE,CSX,5
KWE,CZX,14
KWE,TFU,5
KWE,DZH,4
KWE,ENH,8
KWE,FOC,45
KWE,KOW,7
KWE,GYS,1
KWE,CAN,39
KWE,HAK,28
KWE,HDG,1
KWE,HGH,74
KWE,HFE,31
KWE,HET,12
KWE,HIA,8
KWE,HYN,16
KWE,HUZ,11
KWE,JGS,4
KWE,SWA,12
KWE,TNA,42
KWE,JHG,8
KWE,SHS,4
KWE,JNG,8
KWE,LHW,28
KWE,LYG,5
KWE,LJG,13
KWE,LFQ,4
KWE,LNL,8
KWE,LYA,7
KWE,LZO,4
KWE,LLV,8
KWE,LUM,4
KWE,KHN,12
KWE,NKG,77
KWE,NNG,3
KWE,NTG,20
KWE,NNY,4
KWE,NGB,58
KWE,TAO,20
KWE,JJN,39
KWE,JUZ,8
KWE,SYX,54
KWE,SHA,45
KWE,PVG,61
KWE,SHE,4
KWE,SZX,40
KWE,SJW,12
KWE,WDS,4
KWE,TYN,26
KWE,TSN,24
KWE,TEN,1
KWE,TLQ,1
KWE,URC,16
KWE,WXN,7
KWE,WNZ,64
KWE,WUH,20
KWE,WHA,4
KWE,WUX,24
KWE,XIY,64
KWE,XMN,44
KWE,XFN,8
KWE,ACX,40
KWE,XNN,8
KWE,WUT,4
KWE,XUZ,8
KWE,ENY,4
KWE,YNZ,8
KWE,YTY,12
KWE,YIH,12
KWE,YIC,4
KWE,INC,11
KWE,YIW,17
KWE,YYA,4
KWE,UYN,4
KWE,YCU,8
KWE,ZHA,8
KWE,CGO,53
KWE,ZUH,12
KWE,WMT,15
KWE,HKG,4
KWE,DMK,4
KWE,HKT,3
KUV,NO,0
KWJ,CJU,114
KWJ,GMP,16
KCO,NO,0
KDM,MLE,41
KBL,HEA,14
KBL,KDH,8
KBL,MZR,11
KBL,DEL,2
KBL,MHD,2
KBL,IKA,4
KBL,KWI,2
KBL,ISB,7
KBL,SVO,1
KBL,JED,29
KBL,RUH,2
KBL,ESB,1
KBL,IST,6
KBL,AUH,3
KBL,AAN,3
KBL,DXB,18
KBL,TAS,1
KCF,NO,0
KDO,KDM,8
KDO,MLE,40
KAD,LOS,14
KGE,HIR,1
KGE,VAO,1
KOJ,HKG,3
KOJ,ASJ,77
KOJ,FUK,8
KOJ,KKX,26
KOJ,UKB,16
KOJ,MYJ,8
KOJ,NGO,40
KOJ,OKE,31
KOJ,OKA,16
KOJ,ITM,108
KOJ,KIX,24
KOJ,FSZ,8
KOJ,TNE,49
KOJ,TKN,38
KOJ,HND,174
KOJ,NRT,8
KOJ,KUM,40
KOJ,RNJ,8
KCM,ESB,7
KCM,IST,16
KJH,NO,0
KOA,GUM,0
KOA,ORD,1
KOA,DEN,8
KOA,ITO,7
KOA,HNL,210
KOA,OGG,91
KOA,KOA,0
KOA,LAS,8
KOA,LIH,8
KOA,LAX,49
KOA,OAK,10
KOA,PHX,8
KOA,PDX,8
KOA,SBD,1
KOA,SAN,8
KOA,SFO,17
KOA,SJC,16
KOA,SNA,2
KOA,SEA,32
KNG,MKW,3
KNG,SOQ,8
KAT,NO,0
KAJ,HEL,12
KLM,NO,0
KLX,KLU,1
KLX,VIE,6
KLX,LCA,1
KLX,NTE,1
KLX,ORY,2
KLX,DUS,2
KLX,FRA,1
KLX,MUC,1
KLX,ATH,4
KLX,SKG,7
KLX,TLV,1
KLX,BGY,2
KLX,AMS,4
KLX,ZRH,2
KLX,BHX,1
KLX,LGW,2
KLX,LHR,3
KLX,STN,2
KLX,MAN,3
KAX,NO,0
KMV,MDL,4
KMV,NYW,2
KMV,RGN,23
KGI,PER,43
KLO,MNL,40
KLO,PUS,2
KLO,ICN,24
KGD,MSQ,7
KGD,ARH,1
KGD,EGO,3
KGD,CEE,6
KGD,IWA,2
KGD,IJK,2
KGD,KZN,4
KGD,LPK,0
KGD,DME,79
KGD,SVO,94
KGD,VKO,14
KGD,MMK,1
KGD,GOJ,2
KGD,OVB,6
KGD,REN,3
KGD,PEE,4
KGD,PES,2
KGD,PKV,3
KGD,KUF,3
KGD,AER,1
KGD,LED,89
KGD,VOZ,2
KGD,SVX,8
KGD,AYT,8
KFG,NO,0
KLR,FRA,2
KLR,RHO,2
KLR,PMI,1
KLR,ARN,22
KLR,BMA,13
KLR,VXO,1
KLG,RSH,8
KAL,FAI,7
KAL,GAL,3
KAL,NUL,4
KLF,EVN,1
KLF,MSQ,2
KLF,BWE,1
KLF,MRV,5
KLF,VKO,1
KLF,MMK,2
KLF,AER,2
KLF,LED,7
KLF,SVX,1
KME,KGL,6
KMN,NO,0
KGA,FIH,4
KGA,KWZ,2
KGA,FBM,2
KDH,KBL,8
KDH,JED,5
KDH,DXB,1
KDV,NAN,4
KDV,SUV,1
KGT,CTU,8
KGT,CKG,2
KAN,CAI,3
KAN,ADD,10
KAN,ABV,55
KAN,ABB,1
KAN,LOS,38
KAN,PHC,2
KAN,JED,2
KAN,KRT,2
KAN,IST,1
KNU,BLR,8
KNU,BOM,8
KAZ,MDC,3
KHH,FOC,1
KHH,NKG,3
KHH,PVG,15
KHH,SZX,3
KHH,XMN,5
KHH,HKG,45
KHH,FUK,5
KHH,NGO,6
KHH,KIX,20
KHH,NRT,20
KHH,MFM,9
KHH,KUL,4
KHH,MNL,8
KHH,PUS,5
KHH,ICN,21
KHH,HUN,8
KHH,KNH,69
KHH,MZG,137
KHH,BKK,14
KHH,DAD,6
KHH,HAN,14
KHH,SGN,15
KHI,BAH,11
KHI,YYZ,2
KHI,PEK,2
KHI,KMG,8
KHI,ADD,3
KHI,IKA,1
KHI,NJF,4
KHI,BGW,2
KHI,KWI,2
KHI,MCT,12
KHI,BHV,2
KHI,LYP,9
KHI,GWD,3
KHI,ISB,94
KHI,LHE,87
KHI,MUX,3
KHI,PEW,15
KHI,UET,15
KHI,RYK,2
KHI,KDU,4
KHI,SKZ,7
KHI,TUK,3
KHI,DOH,17
KHI,DMM,1
KHI,JED,44
KHI,MED,4
KHI,RUH,5
KHI,CMB,4
KHI,DAM,1
KHI,BKK,5
KHI,IST,9
KHI,SAW,4
KHI,SZF,1
KHI,AUH,16
KHI,DXB,67
KHI,SHJ,24
KGF,HKG,1
KGF,ALA,15
KGF,HSA,0
KGF,DZN,0
KGF,SVO,8
KGF,SVX,1
KRY,AKU,8
KRY,PEK,8
KRY,TFU,15
KRY,DOY,1
KRY,KRL,8
KRY,URC,8
KRY,XIY,16
KRY,YIN,16
KDL,TLL,16
KDL,RIX,1
KMR,NO,0
KLV,PRG,1
KSK,NO,0
KSD,PAD,1
KTA,PER,55
KTA,PHE,3
KTA,SLJ,0
KSY,ESB,8
KSY,IST,16
KSY,SAW,13
KSY,ADB,2
KSQ,DME,1
KSQ,VKO,1
KSQ,TAS,1
KRB,NO,0
KRP,CPH,19
KAA,NO,0
KKS,KIH,2
KKS,MHD,2
KHG,AKU,10
KHG,PEK,8
KHG,PKX,4
KHG,CTU,8
KHG,TFU,24
KHG,CKG,1
KHG,HTN,8
KHG,KCA,8
KHG,LHW,28
KHG,NKG,2
KHG,NGQ,1
KHG,QSZ,8
KHG,TWC,8
KHG,URC,112
KHG,WUH,4
KHG,XIY,24
KHG,YIN,8
KHG,CGO,16
KUK,NUP,11
KGN,NO,0
KSJ,AOK,7
KSL,KRT,3
KSF,HRG,1
KSF,BER,1
KSF,STR,2
KSF,HER,2
KSF,BZO,4
KSF,LEY,1
KSF,AES,1
KSF,LPA,1
KSF,PMI,4
KSF,TFS,1
KSF,AYT,4
KFS,JED,1
KFS,IST,8
KZS,RHO,7
KSO,ATH,2
KSO,KZI,1
KTR,DRW,3
KTR,TCA,3
KTM,DAC,5
KTM,PBH,8
KTM,CTU,5
KTM,TFU,9
KTM,CAN,8
KTM,HKG,4
KTM,BLR,3
KTM,DEL,77
KTM,CCU,5
KTM,BOM,12
KTM,VNS,2
KTM,NRT,3
KTM,KWI,12
KTM,KUL,52
KTM,BDP,70
KTM,BHR,56
KTM,BIR,136
KTM,DHI,56
KTM,JKR,64
KTM,KTM,42
KTM,LUA,8
KTM,KEP,88
KTM,PKR,168
KTM,RJB,8
KTM,BWA,131
KTM,SIF,72
KTM,SKH,8
KTM,TMI,8
KTM,MCT,5
KTM,DOH,41
KTM,DMM,3
KTM,RUH,3
KTM,SIN,8
KTM,ICN,4
KTM,CMB,6
KTM,DMK,4
KTM,BKK,11
KTM,IST,4
KTM,AUH,5
KTM,DXB,38
KTM,SHJ,16
KTW,TIA,1
KTW,BOJ,3
KTW,VAR,3
KTW,DBV,1
KTW,PUY,2
KTW,SPU,1
KTW,LCA,5
KTW,PFO,3
KTW,BRQ,1
KTW,HRG,2
KTW,TCP,2
KTW,CDG,8
KTW,KUT,6
KTW,CGN,7
KTW,DTM,24
KTW,FRA,20
KTW,LEJ,2
KTW,ATH,8
KTW,CHQ,3
KTW,CFU,6
KTW,HER,5
KTW,RHO,3
KTW,SKG,1
KTW,ZTH,2
KTW,KEF,2
KTW,ORK,1
KTW,DUB,3
KTW,TLV,4
KTW,AHO,4
KTW,BLQ,1
KTW,CTA,3
KTW,FRL,3
KTW,BGY,6
KTW,NAP,3
KTW,CIA,2
KTW,TPS,2
KTW,TSF,4
KTW,KUN,1
KTW,MLA,2
KTW,TGD,1
KTW,EIN,8
KTW,BGO,2
KTW,OSL,7
KTW,TRF,4
KTW,KTW,1
KTW,SZZ,1
KTW,WAW,23
KTW,FNC,3
KTW,BCN,6
KTW,CDT,2
KTW,FUE,1
KTW,IBZ,1
KTW,MAD,2
KTW,AGP,4
KTW,PMI,4
KTW,TFS,2
KTW,MMX,2
KTW,DJE,5
KTW,NBE,1
KTW,MIR,5
KTW,AYT,17
KTW,BJV,1
KTW,ADB,1
KTW,AUH,2
KTW,BHX,1
KTW,BRS,2
KTW,LBA,4
KTW,LPL,2
KTW,LTN,16
KTW,STN,10
KTW,MAN,2
KHZ,KXU,2
KKR,PPT,1
KUN,CRL,2
KUN,BOJ,2
KUN,PFO,2
KUN,PRG,1
KUN,AAL,2
KUN,CPH,6
KUN,TLL,1
KUN,CGN,5
KUN,RHO,2
KUN,DUB,4
KUN,SNN,2
KUN,BRI,2
KUN,NAP,2
KUN,RMI,2
KUN,RIX,5
KUN,AES,2
KUN,BGO,3
KUN,SVG,4
KUN,WMI,2
KUN,BTS,4
KUN,ALC,2
KUN,MAD,2
KUN,AGP,2
KUN,PMI,2
KUN,GOT,3
KUN,ARN,5
KUN,BRS,2
KUN,EDI,3
KUN,LPL,2
KUN,LTN,14
KUN,STN,6
KVA,VIE,1
KVA,HEL,2
KVA,CGN,2
KVA,DTM,2
KVA,DUS,6
KVA,FRA,5
KVA,MUC,3
KVA,STR,3
KVA,ATH,11
KVA,CFU,1
KVA,JSI,0
KVA,OSL,1
KVA,BTS,1
KVA,BHX,1
KVA,LGW,4
KVA,MAN,1
KVR,VVO,3
KVG,LNV,6
KVG,MAS,3
KVG,POM,1
KVG,RAB,9
KAW,TVY,8
KAW,MNU,1
KAW,MGZ,1
KAW,RGN,3
KZN,EVN,2
KZN,GYD,7
KZN,MSQ,3
KZN,HRG,3
KZN,SSH,2
KZN,SCO,2
KZN,ALA,2
KZN,NQZ,2
KZN,FRU,5
KZN,OSS,3
KZN,ASF,2
KZN,BAX,4
KZN,OGZ,2
KZN,CEK,3
KZN,CEE,2
KZN,RGK,5
KZN,GRV,2
KZN,IKT,3
KZN,KGD,5
KZN,KEJ,2
KZN,HMA,1
KZN,KJA,5
KZN,MQF,2
KZN,MCX,6
KZN,MRV,9
KZN,DME,30
KZN,SVO,89
KZN,VKO,6
KZN,NNM,3
KZN,NJC,2
KZN,GOJ,4
KZN,NOZ,2
KZN,OVB,9
KZN,NUX,5
KZN,OMS,3
KZN,REN,2
KZN,PEE,4
KZN,PKV,2
KZN,SLY,1
KZN,KUF,4
KZN,SKX,2
KZN,GSV,3
KZN,AER,31
KZN,LED,58
KZN,SGC,3
KZN,RMZ,3
KZN,TOF,4
KZN,TJM,4
KZN,UFA,7
KZN,SVX,8
KZN,BEG,3
KZN,DYU,8
KZN,LBD,5
KZN,AYT,42
KZN,BJV,4
KZN,DLM,4
KZN,IST,10
KZN,ASB,2
KZN,DXB,8
KZN,SHJ,3
KZN,FEG,3
KZN,SKD,1
KZN,TAS,2
KEQ,NO,0
KEW,YVZ,5
KEW,YPM,3
KEW,YHP,1
KEW,YRL,1
KEW,ZSJ,8
KLS,NO,0
KEJ,OSS,1
KEJ,KZN,2
KEJ,KJA,5
KEJ,DME,8
KEJ,SVO,8
KEJ,VKO,3
KEJ,OVB,8
KEJ,AER,5
KEJ,LED,4
KEM,HEL,7
KEM,KOK,9
KPS,NO,0
KDI,BUW,2
KDI,CGK,24
KDI,UPG,41
KDI,WNI,2
KET,HEH,5
KET,MDL,8
KET,RGN,6
KNT,JEF,1
KPW,GDX,10
KMA,NO,0
KEY,NO,0
KKE,AKL,34
KEA,ASB,6
KER,IFN,2
KER,KSH,1
KER,KIH,5
KER,MHD,4
KER,SYZ,2
KER,THR,48
KER,NJF,1
KER,BGW,1
KER,MED,0
KSH,KER,1
KSH,MHD,6
KSH,TBZ,1
KSH,THR,24
KIR,HHN,4
KIR,DUB,16
KIR,JER,1
KIR,FAO,3
KIR,ALC,3
KIR,FAB,1
KIR,LTN,8
KIR,OXF,1
KIR,STN,6
KIR,MAN,4
KTE,NO,0
KTG,PNK,32
KTG,SRG,4
KTN,ANC,0
KTN,KCC,3
KTN,HYG,1
KTN,WHD,3
KTN,JNU,9
KTN,KLW,0
KTN,MTM,6
KTN,PSG,7
KTN,KPB,1
KTN,SEA,47
KTN,SIT,15
KTN,KTB,4
KTN,WRG,15
KHV,PKX,2
KHV,HRB,3
KHV,UBN,1
KHV,DYR,6
KHV,BQS,11
KHV,BQG,3
KHV,HTA,5
KHV,NER,6
KHV,IKT,16
KHV,KXK,2
KHV,KJA,5
KHV,GDX,8
KHV,MJZ,2
KHV,SVO,33
KHV,NLI,15
KHV,NGK,4
KHV,OVB,24
KHV,OHH,5
KHV,OHO,1
KHV,PKC,8
KHV,EKS,2
KHV,GVN,5
KHV,LED,4
KHV,UUD,5
KHV,VVO,17
KHV,YKS,5
KHV,SVX,8
KHV,UUS,15
KHV,HKT,2
KHM,MDL,6
KHM,NYW,1
KHK,NO,0
KRT,NDJ,2
KRT,CAI,32
KRT,ASM,4
KRT,ADD,2
KRT,AMM,5
KRT,NBO,3
KRT,KAN,3
KRT,MCT,1
KRT,DOH,8
KRT,DMM,2
KRT,JED,38
KRT,RUH,7
KRT,JUB,18
KRT,WUU,7
KRT,DOG,3
KRT,ELF,10
KRT,EGN,15
KRT,KSL,3
KRT,MWE,4
KRT,UYL,15
KRT,PZU,22
KRT,DAM,1
KRT,IST,3
KRT,AUH,2
KRT,DXB,14
KRT,SHJ,3
KRT,LGW,2
KRT,ADE,1
KHS,MCT,7
KHE,NO,0
KKC,DMK,44
KKC,BKK,60
KKC,CNX,12
KKC,HKT,4
KHD,THR,9
KHY,THR,3
KEL,RNN,1
KEL,LEY,1
KIE,RAB,1
KGL,BRU,2
KGL,BJM,9
KGL,DLA,6
KGL,ADD,19
KGL,LBV,2
KGL,ACC,1
KGL,MBA,3
KGL,NBO,35
KGL,ABV,4
KGL,LOS,6
KGL,DOH,5
KGL,KME,6
KGL,JNB,8
KGL,DAR,5
KGL,GTZ,7
KGL,MWZ,11
KGL,SEU,0
KGL,EBB,52
KGL,DXB,4
KGL,LHR,5
KGL,LUN,8
KGL,HRE,5
KKX,ASJ,28
KKX,KOJ,28
KRI,NO,0
KIY,MFA,3
KIM,CPT,19
KIM,JNB,36
KND,GOM,3
KND,FIH,4
KVC,ANC,0
KVC,CDB,5
KNS,BWT,13
KNS,HBA,0
KNS,LST,0
KNS,MEL,7
KNS,MEB,0
KIF,YPL,1
KIF,YXL,9
KIF,WNN,7
KGC,ADL,6
KIN,ANU,2
KIN,NAS,4
KIN,YYZ,11
KIN,GCM,9
KIN,SCU,4
KIN,CUR,3
KIN,SDQ,9
KIN,PAP,1
KIN,MBJ,1
KIN,SXM,2
KIN,PTY,4
KIN,SKB,1
KIN,POS,3
KIN,PLS,8
KIN,LGW,3
KIN,ATL,11
KIN,FLL,24
KIN,MIA,34
KIN,JFK,31
KNH,CYI,3
KNH,KHH,69
KNH,MZG,2
KNH,RMQ,72
KNH,TNN,16
KNH,TSA,98
KPN,BET,0
KPN,CYF,10
KCK,IKT,7
KRZ,NO,0
KKN,ALF,7
KKN,HFT,1
KKN,OSL,12
KKN,TOS,15
KKN,VDS,20
KKN,VAW,6
KIK,IKA,1
KIK,BGW,4
KIK,JED,2
KIK,MED,1
KIK,ESB,2
KIK,IST,6
KOI,ABZ,21
KOI,DND,2
KOI,EDI,21
KOI,GLA,8
KOI,INV,9
KOI,LSI,8
KVX,DME,0
KVX,VKO,11
KVX,NNM,2
KVX,AER,5
KVX,LED,3
KVX,ULV,0
KRN,GEV,2
KRN,ARN,14
KIH,BND,2
KIH,IFN,5
KIH,KKS,2
KIH,KER,5
KIH,MHD,18
KIH,RAS,2
KIH,SRY,3
KIH,SYZ,5
KIH,TBZ,6
KIH,THR,74
KIH,JED,1
KQH,IDR,4
KQH,STV,4
KMU,NBO,3
KMU,WIL,2
KMU,MGQ,2
KIS,EDL,2
KIS,KTJ,7
KIS,HKR,7
KIS,MRE,7
KIS,KEU,7
KIS,MBA,8
KIS,NBO,63
KIS,WIL,64
KIS,OLX,7
KIS,EBB,7
KIS,MDR,8
KTD,MMD,2
KTD,OKA,2
KKJ,HND,98
KKJ,ICN,9
KKJ,TPE,2
KTL,WIL,12
KIT,ATH,11
KTT,HEL,8
KVL,OTZ,16
KVL,WTK,3
KLU,INN,1
KLU,KLU,1
KLU,VIE,13
KLU,BRU,1
KLU,KLX,1
KLU,JSI,1
KLU,BOM,1
KLU,TIV,1
KLU,POW,1
KLU,ALC,3
KLU,PMI,4
KLU,BXO,1
KLU,ZRH,1
KLU,STN,2
KLU,BNA,1
KLW,CGA,0
KLW,HYL,4
KLW,JNU,0
KLW,KTN,2
KLW,SIT,0
KGP,VKO,8
KGP,PEE,1
KGP,UFA,10
KCT,WRZ,7
KNK,ILI,5
KOK,HEL,10
KOK,KEM,14
KOK,BER,1
KOV,SCO,2
KOV,ALA,2
KOV,CIT,2
KXB,UPG,26
KLH,BLR,8
KLH,HYD,8
KLH,BOM,3
KLH,TIR,8
KGK,ANC,0
KGK,DLG,5
KWZ,FBM,3
KWZ,MJM,4
KCJ,NO,0
KMQ,XMN,2
KMQ,FUK,44
KMQ,OKA,8
KMQ,CTS,8
KMQ,HND,79
KMQ,TPE,8
KMQ,ANC,0
KMQ,ORD,2
KOM,NO,0
KXK,BQS,2
KXK,KHV,2
KXK,VVO,3
KXK,UUS,2
KNQ,GEA,4
KKH,KWK,7
KKH,WTL,5
KYA,CPH,4
KYA,LBG,2
KYA,DUS,1
KYA,STR,2
KYA,AMS,2
KYA,JED,1
KYA,ARN,3
KYA,IST,40
KYA,SAW,26
KYA,ADB,3
KRL,AKU,7
KRL,PEK,8
KRL,PKX,8
KRL,BPL,8
KRL,TFU,28
KRL,CKG,15
KRL,DNH,4
KRL,HMI,4
KRL,HTN,4
KRL,KRY,8
KRL,KCA,8
KRL,LHW,21
KRL,RQA,12
KRL,IQM,16
KRL,QSZ,8
KRL,SHF,8
KRL,SJW,2
KRL,TWC,4
KRL,TLQ,3
KRL,URC,36
KRL,XIY,32
KRL,YIN,11
KRL,YTW,8
KRL,CGO,24
KJK,BRU,1
KJK,LGG,2
KJK,CEQ,1
KJK,PMI,1
KJK,GOT,2
KJK,ZRH,1
KGS,GRZ,2
KGS,INN,2
KGS,SZG,2
KGS,VIE,9
KGS,BRU,13
KGS,OST,2
KGS,ZAG,2
KGS,BRQ,2
KGS,OSR,2
KGS,PRG,9
KGS,CPH,2
KGS,HEL,2
KGS,ORY,3
KGS,BER,10
KGS,BRE,2
KGS,CGN,11
KGS,DRS,2
KGS,DUS,19
KGS,FRA,13
KGS,HAM,8
KGS,HAJ,9
KGS,LEJ,2
KGS,MUC,10
KGS,FMO,1
KGS,NUE,5
KGS,STR,8
KGS,NRN,1
KGS,ATH,38
KGS,HER,1
KGS,JKL,3
KGS,RHO,5
KGS,SKG,4
KGS,DUB,6
KGS,TLV,2
KGS,BRI,1
KGS,BLQ,4
KGS,BGY,4
KGS,MXP,4
KGS,FCO,3
KGS,TSF,2
KGS,VRN,1
KGS,LUX,1
KGS,AMS,13
KGS,EIN,4
KGS,RTM,4
KGS,OSL,1
KGS,POZ,1
KGS,WAW,3
KGS,WRO,1
KGS,BTS,1
KGS,LJU,1
KGS,BCN,1
KGS,GOT,1
KGS,ARN,2
KGS,BRN,1
KGS,ZRH,10
KGS,BFS,1
KGS,BHX,11
KGS,BRS,9
KGS,CWL,3
KGS,EDI,3
KGS,GLA,3
KGS,LBA,3
KGS,LPL,1
KGS,LGW,24
KGS,LTN,1
KGS,STN,7
KGS,MAN,21
KGS,NCL,4
KGS,EMA,7
KSC,VIE,12
KSC,LCA,2
KSC,BRQ,1
KSC,PRG,5
KSC,HRG,3
KSC,HER,2
KSC,RHO,2
KSC,DUB,3
KSC,WAW,5
KSC,BTS,1
KSC,MIR,2
KSC,AYT,8
KSC,LPL,2
KSC,LTN,6
KSC,STN,6
KSA,KWA,2
KSA,PNI,2
KSN,ALA,8
KSN,NQZ,16
KSN,CIT,2
KSN,SVO,4
KMW,LED,5
KBR,JHB,4
KBR,BKI,4
KBR,KUL,104
KBR,SZB,71
KBR,KCH,4
KBR,PEN,8
KBU,BDJ,8
KBU,UPG,8
KSZ,LED,3
KOT,AUK,5
KOT,BET,4
KOT,EMK,7
KOT,UNK,2
KOC,GEA,5
KWM,CNS,15
KWM,EDR,9
KKA,OME,7
KKA,SKK,8
KKA,UNK,14
KYU,GAL,3
KZI,ATH,1
KZI,KSO,2
KBV,CTU,7
KBV,CKG,2
KBV,KUL,19
KBV,SIN,8
KBV,DMK,53
KBV,BKK,59
KBV,CNX,12
KBV,USM,8
KBV,DXB,6
KRK,VIE,25
KRK,CRL,9
KRK,BOJ,9
KRK,SPU,3
KRK,ZAD,5
KRK,LCA,4
KRK,PFO,4
KRK,PRG,5
KRK,BLL,5
KRK,CPH,9
KRK,HEL,8
KRK,BSL,3
KRK,BOD,3
KRK,LIL,2
KRK,LYS,3
KRK,MRS,2
KRK,NCE,2
KRK,BVA,6
KRK,CDG,10
KRK,LDE,2
KRK,TLS,2
KRK,KUT,3
KRK,BER,4
KRK,DTM,0
KRK,DUS,3
KRK,FRA,34
KRK,FMM,2
KRK,MUC,24
KRK,NUE,4
KRK,STR,3
KRK,ATH,5
KRK,CHQ,4
KRK,CFU,3
KRK,HER,3
KRK,KLX,1
KRK,RHO,2
KRK,JTR,1
KRK,SKG,4
KRK,KEF,3
KRK,DUB,10
KRK,SNN,4
KRK,TLV,11
KRK,AOI,2
KRK,BRI,6
KRK,BLQ,3
KRK,CAG,2
KRK,CTA,5
KRK,SUF,2
KRK,BGY,10
KRK,MXP,6
KRK,NAP,2
KRK,PMO,3
KRK,PEG,2
KRK,PSR,2
KRK,PSA,2
KRK,RMI,3
KRK,CIA,8
KRK,FCO,5
KRK,TRN,3
KRK,TSF,2
KRK,RIX,2
KRK,LUX,2
KRK,MLA,2
KRK,TGD,5
KRK,AGA,1
KRK,AMS,22
KRK,EIN,11
KRK,BGO,5
KRK,OSL,22
KRK,TRF,10
KRK,SVG,5
KRK,TRD,2
KRK,BZG,1
KRK,GDN,8
KRK,QPO,1
KRK,SZY,5
KRK,POZ,5
KRK,RZE,1
KRK,SZZ,4
KRK,WAW,48
KRK,WRO,1
KRK,IEG,3
KRK,LIS,3
KRK,OPO,2
KRK,CRA,1
KRK,BEG,4
KRK,ALC,5
KRK,BCN,9
KRK,GRO,2
KRK,LPA,1
KRK,MAD,4
KRK,AGP,4
KRK,PMI,3
KRK,SVQ,2
KRK,TFS,1
KRK,VLC,4
KRK,GOT,2
KRK,ARN,11
KRK,NYO,3
KRK,ZRH,8
KRK,AYT,6
KRK,IST,7
KRK,AUH,2
KRK,DXB,6
KRK,BFS,5
KRK,BHX,7
KRK,BOH,2
KRK,BRS,5
KRK,EDI,7
KRK,GLA,5
KRK,LBA,8
KRK,LPL,4
KRK,LGW,16
KRK,LHR,6
KRK,LTN,18
KRK,STN,21
KRK,MAN,12
KRK,NCL,6
KRK,EMA,3
KRK,ORD,5
KRK,EWR,1
KVO,SKG,1
KVO,TIV,1
KVO,BEG,1
KVO,IST,3
KRF,HMV,15
KRF,ARN,23
KRR,FRU,2
KRR,SVO,5
KRR,VKO,12
KRR,KUF,1
KRR,LED,8
KRR,SVX,4
KKQ,TJM,4
KJA,GYD,1
KJA,ALA,5
KJA,NQZ,3
KJA,FRU,7
KJA,OSS,12
KJA,UBN,2
KJA,ABA,4
KJA,BAX,4
KJA,EYK,1
KJA,BQS,8
KJA,TGP,3
KJA,HTA,4
KJA,NER,1
KJA,RGK,2
KJA,IAA,2
KJA,IKT,16
KJA,KZN,5
KJA,KEJ,5
KJA,KHV,5
KJA,HTG,1
KJA,KYZ,7
KJA,ULK,4
KJA,MCX,3
KJA,MRV,6
KJA,DME,10
KJA,SVO,32
KJA,VKO,11
KJA,NSK,14
KJA,NOZ,4
KJA,OVB,36
KJA,NUX,2
KJA,NOJ,2
KJA,OMS,2
KJA,AER,28
KJA,LED,21
KJA,TLK,3
KJA,RMZ,1
KJA,TOF,3
KJA,THX,4
KJA,TJM,4
KJA,PYJ,1
KJA,UFA,5
KJA,UUD,4
KJA,VVO,10
KJA,YKS,4
KJA,SVX,6
KJA,UUS,3
KJA,KQT,2
KJA,DYU,4
KJA,LBD,5
KJA,HKT,2
KJA,AYT,6
KJA,TAS,3
KBI,NO,0
KRS,CPH,14
KRS,EBJ,1
KRS,QCD,1
KRS,AMS,21
KRS,QCG,1
KRS,BGO,44
KRS,OSL,54
KRS,SVG,1
KRS,TRD,7
KRS,ALC,1
KRS,PMI,1
KID,CPH,1
KID,HEL,2
KID,KID,1
KID,NRK,1
KID,BMA,18
KID,NYO,1
KSU,BGO,32
KSU,OSL,22
KWG,NO,0
KUL,ADL,6
KUL,OOL,3
KUL,MEL,20
KUL,PER,31
KUL,SYD,24
KUL,DAC,71
KUL,BWN,26
KUL,PNH,33
KUL,REP,8
KUL,PEK,1
KUL,PKX,5
KUL,CKG,4
KUL,FOC,8
KUL,CAN,62
KUL,HAK,0
KUL,HGH,20
KUL,SWA,0
KUL,KMG,8
KUL,NNG,10
KUL,NTG,12
KUL,TAO,3
KUL,PVG,24
KUL,SZX,46
KUL,XIY,1
KUL,XMN,11
KUL,CGO,1
KUL,HKG,42
KUL,ATQ,4
KUL,BLR,20
KUL,MAA,41
KUL,COK,20
KUL,DEL,27
KUL,HYD,17
KUL,CCU,14
KUL,BOM,18
KUL,TRZ,24
KUL,BPN,2
KUL,BTJ,12
KUL,BTH,2
KUL,DPS,106
KUL,CGK,168
KUL,LOP,8
KUL,KJT,2
KUL,UPG,8
KUL,KNO,67
KUL,PDG,24
KUL,PKU,20
KUL,SUB,40
KUL,YIA,20
KUL,KIX,15
KUL,HND,18
KUL,NRT,33
KUL,KWI,4
KUL,MFM,8
KUL,AOR,36
KUL,BTU,31
KUL,JHB,70
KUL,KBR,103
KUL,BKI,194
KUL,TGG,36
KUL,KUA,12
KUL,KCH,182
KUL,LBU,20
KUL,LGK,135
KUL,MYY,67
KUL,PEN,152
KUL,SDK,29
KUL,SBW,50
KUL,TWU,61
KUL,MLE,9
KUL,MRU,2
KUL,RGN,23
KUL,KTM,52
KUL,BWA,1
KUL,AMS,6
KUL,AKL,9
KUL,MCT,5
KUL,ISB,2
KUL,LHE,9
KUL,CEB,3
KUL,MNL,55
KUL,DOH,24
KUL,JED,10
KUL,RUH,4
KUL,SIN,302
KUL,PUS,3
KUL,ICN,27
KUL,CMB,33
KUL,KHH,4
KUL,TPE,56
KUL,DMK,96
KUL,BKK,67
KUL,CNX,12
KUL,HDY,8
KUL,KBV,19
KUL,HKT,66
KUL,DIL,0
KUL,IST,11
KUL,AUH,8
KUL,DXB,24
KUL,DWC,3
KUL,SHJ,3
KUL,LHR,16
KUL,TAS,2
KUL,DAD,32
KUL,HAN,37
KUL,SGN,84
KUL,CXR,5
KUL,PQC,4
KUA,KUL,12
KUA,SZB,4
KUA,SIN,3
KUG,BDD,13
KUG,HID,41
KUG,UBB,1
KCH,BWN,3
KCH,PVG,2
KCH,HKG,7
KCH,CGK,1
KCH,BTU,31
KCH,JHB,41
KCH,KBR,4
KCH,BKI,32
KCH,KUL,175
KCH,SZB,10
KCH,LBU,1
KCH,LMN,4
KCH,MYY,49
KCH,MKM,24
KCH,MZV,8
KCH,PEN,16
KCH,SBW,43
KCH,TGC,8
KCH,SIN,27
KCH,XSP,8
KUD,NO,0
KFZ,VIE,2
KFZ,MLH,1
KFZ,BSL,1
KFZ,FKB,2
KFZ,FMM,3
KUU,IXC,7
KUU,DEL,4
KUU,SLV,3
KUS,GOH,4
KUS,AGM,47
KUS,KEF,3
KMJ,AXJ,16
KMJ,NGO,16
KMJ,NKM,24
KMJ,OKA,8
KMJ,ITM,86
KMJ,FSZ,8
KMJ,HND,144
KMJ,NRT,11
KMJ,ICN,8
KMS,ACC,97
KMG,DAC,8
KMG,PNH,3
KMG,REP,4
KMG,AQG,8
KMG,BSD,51
KMG,BAV,4
KMG,BZX,4
KMG,PEK,92
KMG,PKX,110
KMG,CWJ,15
KMG,CGD,8
KMG,CSX,88
KMG,CZX,24
KMG,CTU,88
KMG,TFU,95
KMG,HCZ,4
KMG,CKG,38
KMG,DLU,16
KMG,DAT,6
KMG,DYG,4
KMG,DZH,4
KMG,ENH,4
KMG,EHU,4
KMG,FUG,4
KMG,FOC,55
KMG,KOW,12
KMG,GYS,8
KMG,CAN,107
KMG,HAK,43
KMG,HDG,4
KMG,HGH,128
KMG,HFE,65
KMG,HNY,8
KMG,HET,16
KMG,HIA,16
KMG,TXN,5
KMG,HYN,8
KMG,HUZ,16
KMG,JGS,8
KMG,SWA,26
KMG,TNA,88
KMG,JDZ,4
KMG,JHG,95
KMG,SHS,8
KMG,JNG,4
KMG,JMJ,25
KMG,LHW,48
KMG,LXA,25
KMG,LYG,3
KMG,LJG,16
KMG,LNJ,24
KMG,LFQ,4
KMG,LYI,8
KMG,LZH,4
KMG,LCX,4
KMG,LYA,5
KMG,LZO,15
KMG,LLV,8
KMG,LUM,124
KMG,MIG,12
KMG,KHN,60
KMG,NAO,8
KMG,NKG,93
KMG,NNG,8
KMG,NTG,28
KMG,NNY,4
KMG,NGB,44
KMG,NLH,5
KMG,DSN,8
KMG,SYM,5
KMG,JIQ,4
KMG,TAO,41
KMG,JJN,32
KMG,JUZ,4
KMG,SYX,40
KMG,SHA,96
KMG,PVG,91
KMG,SQD,4
KMG,DIG,38
KMG,SHE,21
KMG,SZX,115
KMG,SJW,45
KMG,WDS,8
KMG,TYN,46
KMG,TVS,4
KMG,TCZ,53
KMG,TSN,57
KMG,TEN,1
KMG,URC,8
KMG,WXN,11
KMG,WNH,4
KMG,WNZ,48
KMG,WUH,96
KMG,WHA,8
KMG,WUX,56
KMG,XIY,104
KMG,XMN,94
KMG,XFN,8
KMG,XNN,24
KMG,WUT,12
KMG,XUZ,16
KMG,YNZ,8
KMG,YTY,20
KMG,YNT,13
KMG,YBP,1
KMG,YIH,12
KMG,YIC,8
KMG,INC,22
KMG,YIW,13
KMG,YYA,8
KMG,YLX,3
KMG,UYN,8
KMG,YCU,16
KMG,ZHA,24
KMG,ZAT,19
KMG,CGO,115
KMG,ZUH,32
KMG,WMT,3
KMG,HKG,8
KMG,MAA,8
KMG,DEL,5
KMG,CCU,5
KMG,BOM,8
KMG,CGK,3
KMG,NRT,1
KMG,VTE,20
KMG,KUL,8
KMG,MDL,8
KMG,RGN,9
KMG,KHI,8
KMG,LHE,8
KMG,MED,2
KMG,SIN,4
KMG,CMB,3
KMG,DMK,8
KMG,BKK,26
KMG,CNX,8
KMG,CEI,2
KMG,HKT,5
KMG,DXB,3
KMG,HAN,2
KMG,SGN,4
KMG,CXR,1
KNX,BME,8
KNX,DRW,10
KNX,HCQ,3
KNX,PER,9
KNX,HLC,0
KUO,HEL,27
KOE,ARD,16
KOE,ABU,7
KOE,BJW,14
KOE,DPS,8
KOE,ENE,24
KOE,CGK,16
KOE,LBJ,21
KOE,LKA,8
KOE,LWE,4
KOE,MOF,20
KOE,RTG,4
KOE,SUB,43
KOE,TMC,24
KOE,WGP,27
KCA,TFU,8
KCA,HTN,8
KCA,KHG,8
KCA,KRL,8
KCA,QSZ,4
KCA,URC,28
KCA,XIY,8
KCA,YIN,8
KCA,CGO,4
KRO,DME,8
KRO,AER,4
KRO,LED,2
KRO,SGC,2
KJB,BLR,5
KJB,MAA,4
KJB,VTZ,5
KBK,DEL,7
KUH,CTS,24
KUH,OKD,29
KUH,HND,60
KZR,DUS,2
KZR,JED,1
KZR,IST,8
KUT,VIE,4
KUT,MSQ,9
KUT,CRL,2
KUT,LCA,6
KUT,PRG,3
KUT,TLL,2
KUT,BVA,2
KUT,BER,3
KUT,DTM,2
KUT,HHN,2
KUT,HAM,2
KUT,FMM,3
KUT,ATH,4
KUT,SKG,3
KUT,BUD,3
KUT,MXP,4
KUT,FCO,4
KUT,SCO,4
KUT,ALA,3
KUT,NQZ,6
KUT,GUW,3
KUT,CIT,3
KUT,RIX,2
KUT,VNO,2
KUT,GDN,4
KUT,KTW,6
KUT,KRK,3
KUT,POZ,2
KUT,WAW,7
KUT,WRO,4
KUT,DME,3
KUT,BCN,2
KUT,MAD,3
KUT,AUH,7
KAO,HEL,6
KWI,KBL,2
KWI,VIE,3
KWI,GYD,15
KWI,BAH,58
KWI,CGP,3
KWI,DAC,28
KWI,SJJ,5
KWI,LCA,4
KWI,HBE,27
KWI,ATZ,16
KWI,CAI,92
KWI,SPX,4
KWI,LXR,4
KWI,SSH,6
KWI,HMB,37
KWI,ADD,8
KWI,NCE,4
KWI,CDG,7
KWI,LBG,1
KWI,TBS,8
KWI,FRA,10
KWI,MUC,4
KWI,ATH,1
KWI,JMK,1
KWI,HKG,4
KWI,AMD,16
KWI,BLR,4
KWI,MAA,22
KWI,COK,21
KWI,DEL,25
KWI,HYD,13
KWI,CNN,1
KWI,CCJ,6
KWI,IXE,1
KWI,BOM,33
KWI,TRZ,1
KWI,TRV,6
KWI,AWZ,1
KWI,IFN,2
KWI,LRR,2
KWI,MHD,13
KWI,SYZ,6
KWI,IKA,5
KWI,NJF,9
KWI,MXP,4
KWI,OLB,1
KWI,FCO,5
KWI,AMM,34
KWI,ALA,2
KWI,FRU,14
KWI,OSS,2
KWI,BEY,24
KWI,KUL,4
KWI,TIV,2
KWI,CMN,4
KWI,KTM,11
KWI,AMS,10
KWI,MCT,34
KWI,SLL,1
KWI,ISB,5
KWI,KHI,2
KWI,LHE,7
KWI,SKT,2
KWI,MNL,8
KWI,DOH,59
KWI,MCX,2
KWI,DME,13
KWI,AHB,6
KWI,ELQ,3
KWI,DMM,22
KWI,HAS,3
KWI,JED,53
KWI,MED,22
KWI,RUH,61
KWI,BEG,0
KWI,MAD,4
KWI,AGP,3
KWI,CMB,14
KWI,GVA,4
KWI,DAM,11
KWI,DYU,4
KWI,BKK,9
KWI,AYT,6
KWI,BJV,6
KWI,IST,52
KWI,SAW,39
KWI,ADB,3
KWI,TZX,11
KWI,AUH,44
KWI,DXB,146
KWI,DWC,2
KWI,SHJ,24
KWI,LHR,24
KWI,MAN,3
KWI,JFK,8
KWI,NMA,1
KWI,TAS,2
KWI,HAN,0
KWA,AIC,1
KWA,EAL,1
KWA,MJE,1
KWA,MAJ,3
KWA,WJA,1
KWA,WTO,1
KWA,WTE,1
KWA,KSA,2
KWT,KKI,4
KWK,BET,7
KWK,KKH,3
KYP,RGN,3
KBP,NO,0
KYZ,IKT,0
KYZ,KJA,7
KYZ,DME,6
KYZ,OVB,4
KYZ,UUD,2
KZO,ALA,13
KZO,NQZ,13
KJT,KUL,2
KMO,CLP,5
KEU,ASV,12
KEU,KIS,7
KEU,WIL,49
KEU,OLX,55
KEU,MDR,8
KNO,BTJ,29
KNO,BDO,6
KNO,BTH,49
KNO,GNS,48
KNO,HLP,42
KNO,CGK,390
KNO,LSW,8
KNO,PDG,16
KNO,PKU,42
KNO,MEQ,4
KNO,FLZ,10
KNO,TXE,1
KNO,YIA,10
KNO,KUL,67
KNO,PEN,63
KNO,MED,1
KNO,SIN,24
KNO,DMK,8
KMI,FUK,133
KMI,NGO,29
KMI,OKA,8
KMI,ITM,87
KMI,KIX,8
KMI,HND,135
KMI,NRT,8
KOP,DMK,24
KHN,LGG,2
KHN,BAV,3
KHN,BHY,4
KHN,PEK,57
KHN,PKX,41
KHN,CGQ,16
KHN,CTU,24
KHN,TFU,65
KHN,HCZ,1
KHN,CKG,59
KHN,DLU,10
KHN,DLC,15
KHN,DYG,4
KHN,DZH,4
KHN,ENH,1
KHN,CAN,21
KHN,KWL,8
KHN,KWE,12
KHN,HAK,51
KHN,HGH,8
KHN,HRB,4
KHN,HET,25
KHN,HIA,8
KHN,SWA,12
KHN,TNA,23
KHN,JHG,8
KHN,JNG,4
KHN,KMG,59
KHN,LHW,40
KHN,LYG,8
KHN,LJG,13
KHN,LFQ,4
KHN,LYI,8
KHN,LYA,12
KHN,LZO,3
KHN,NKG,8
KHN,NNG,42
KHN,NNY,4
KHN,TAO,47
KHN,RIZ,4
KHN,SYX,20
KHN,SHA,16
KHN,PVG,16
KHN,SHE,20
KHN,SZX,32
KHN,SJW,2
KHN,TYN,35
KHN,TSN,35
KHN,WXN,0
KHN,XIY,58
KHN,XMN,8
KHN,XFN,8
KHN,XUZ,8
KHN,YNZ,8
KHN,YNT,12
KHN,YBP,3
KHN,YIH,2
KHN,INC,16
KHN,YCU,4
KHN,ZHA,12
KHN,HSN,8
KHN,ZUH,26
KHN,WMT,6
KHN,HKG,3
KHN,ALA,3
KHN,DMK,4
KHN,ANC,2
KCZ,FUK,16
KCZ,UKB,8
KCZ,NGO,16
KCZ,NKM,8
KCZ,ITM,47
KCZ,HND,78
KCZ,NRT,8
KCZ,TPE,2
KEP,KTM,88
KEP,PKR,8
KNW,ANC,0
KNW,DLG,5
KIJ,FUK,36
KIJ,NKM,16
KIJ,ITM,92
KIJ,KIX,8
KIJ,CTS,39
KIJ,TPE,2
KYD,NO,0
KIX,CNS,6
KIX,YVR,5
KIX,PEK,11
KIX,PKX,4
KIX,CSX,8
KIX,CTU,5
KIX,TFU,5
KIX,CKG,2
KIX,DLC,11
KIX,CAN,6
KIX,HGH,43
KIX,HRB,4
KIX,HFE,5
KIX,HIA,3
KIX,TNA,9
KIX,NKG,12
KIX,NGB,22
KIX,TAO,19
KIX,PVG,101
KIX,SHE,6
KIX,SZX,22
KIX,SJW,4
KIX,TSN,0
KIX,WEH,8
KIX,WNZ,4
KIX,WUH,7
KIX,WUX,12
KIX,XIY,4
KIX,XMN,8
KIX,YNZ,7
KIX,YNT,7
KIX,YIW,2
KIX,CGO,5
KIX,HEL,3
KIX,CDG,5
KIX,FRA,6
KIX,MUC,3
KIX,GUM,8
KIX,HKG,91
KIX,BOM,1
KIX,ASJ,3
KIX,FUK,31
KIX,ISG,32
KIX,KOJ,24
KIX,MMY,16
KIX,KMI,8
KIX,NGS,8
KIX,KIJ,8
KIX,OKA,100
KIX,CTS,107
KIX,SDJ,24
KIX,HND,93
KIX,NRT,47
KIX,MFM,4
KIX,KUL,14
KIX,MNL,36
KIX,DOH,2
KIX,SIN,24
KIX,XSP,0
KIX,PUS,36
KIX,CJJ,8
KIX,TAE,8
KIX,CJU,8
KIX,GMP,36
KIX,ICN,204
KIX,KHH,20
KIX,TPE,118
KIX,BKK,34
KIX,CNX,4
KIX,DXB,8
KIX,DWC,2
KIX,ANC,8
KIX,HNL,11
KIX,IND,2
KIX,LAX,5
KIX,MEM,3
KIX,OAK,1
KIX,SFO,8
KIX,HAN,16
KIX,SGN,16
KPO,CJU,16
KPO,GMP,8
KWN,BET,7
KWN,EEK,4
KRH,NO,0
KEF,VIE,7
KEF,BRU,10
KEF,LGG,8
KEF,YUL,3
KEF,YYZ,21
KEF,YVR,5
KEF,PRG,6
KEF,AAL,4
KEF,BLL,7
KEF,CPH,44
KEF,FAE,4
KEF,HEL,16
KEF,NCE,2
KEF,CDG,34
KEF,ORY,5
KEF,BER,13
KEF,FCN,1
KEF,DUS,6
KEF,FRA,25
KEF,HAM,11
KEF,MUC,13
KEF,ATH,2
KEF,CHQ,3
KEF,JAV,6
KEF,KUS,3
KEF,UAK,2
KEF,GOH,7
KEF,BUD,4
KEF,DUB,20
KEF,BLQ,2
KEF,MXP,14
KEF,FCO,7
KEF,VCE,1
KEF,VRN,1
KEF,RIX,4
KEF,VNO,2
KEF,AMS,29
KEF,BGO,4
KEF,OSL,26
KEF,GDN,4
KEF,KTW,2
KEF,KRK,3
KEF,WAW,8
KEF,WRO,3
KEF,LIS,2
KEF,OPO,2
KEF,ALC,10
KEF,LEI,0
KEF,BCN,10
KEF,LPA,2
KEF,MAD,8
KEF,AGP,1
KEF,PMI,2
KEF,TFS,10
KEF,GOT,3
KEF,ARN,19
KEF,GVA,5
KEF,ZRH,15
KEF,DWC,1
KEF,EDI,3
KEF,GLA,12
KEF,BQH,1
KEF,LGW,11
KEF,LHR,21
KEF,LTN,7
KEF,STN,9
KEF,MAN,8
KEF,EMA,1
KEF,BWI,16
KEF,BOS,32
KEF,ORD,27
KEF,DEN,13
KEF,DTW,8
KEF,MSP,16
KEF,JFK,30
KEF,EWR,8
KEF,SWF,8
KEF,PDX,5
KEF,RDU,6
KEF,SEA,16
KEF,IAD,24
KUF,EVN,9
KUF,GYD,6
KUF,HRG,1
KUF,SSH,2
KUF,ALA,1
KUF,FRU,1
KUF,OSS,3
KUF,RGK,1
KUF,KGD,2
KUF,KZN,3
KUF,KRR,1
KUF,MQF,2
KUF,MCX,2
KUF,MRV,9
KUF,DME,18
KUF,SVO,77
KUF,VKO,8
KUF,NJC,4
KUF,GOJ,2
KUF,OVB,8
KUF,NUX,3
KUF,NOJ,0
KUF,OMS,3
KUF,PEE,4
KUF,AER,26
KUF,LED,41
KUF,SGC,10
KUF,TJM,4
KUF,SVX,10
KUF,DYU,7
KUF,LBD,3
KUF,AYT,25
KUF,BJV,1
KUF,IST,3
KUF,DXB,5
KUF,NMA,1
KUF,SKD,1
KSR,UPG,6
KOS,REP,4
KOS,CAN,4
KOS,SGN,8
KDU,ISB,10
KDU,KHI,3
KDU,LHE,4
KVB,NO,0
KSM,ANC,9
KSM,MOU,13
KSM,PQS,13
KTF,NO,0
KRW,MSQ,2
KRW,ASB,24
KRW,TAZ,2
KNA,NO,0
KIP,ABI,1
KUM,FUK,14
KUM,KOJ,35
KUM,ITM,8
