Departure,Arrival,Number of flights
LCG,LBG,1
LCG,MXP,2
LCG,BCN,16
LCG,BIO,2
LCG,LPA,2
LCG,MAD,66
LCG,MAH,2
LCG,AGP,2
LCG,VLC,2
LCG,GVA,2
LCG,LGW,5
LAK,YEV,15
LBI,NO,0
LEI,BRU,2
LEI,CRL,3
LEI,PRG,2
LEI,ORY,2
LEI,DUS,1
LEI,DUB,2
LEI,LUX,2
LEI,RTM,3
LEI,BTS,1
LEI,BCN,8
LEI,BIO,2
LEI,MAD,20
LEI,MLN,10
LEI,PMI,4
LEI,SVQ,8
LEI,BHX,4
LEI,LBA,1
LEI,LGW,6
LEI,STN,3
LEI,MAN,8
LTI,NO,0
LEU,LIN,1
LEU,MAD,2
LEW,ISP,1
LAQ,MJI,4
LUK,YYZ,1
LUK,YVR,1
LUK,LBG,1
LUK,CAK,1
LUK,ABQ,1
LUK,ATO,1
LUK,PDK,1
LUK,ATL,1
LUK,BWI,1
LUK,BOS,1
LUK,DPA,7
LUK,PWK,1
LUK,MDW,1
LUK,LUK,2
LUK,CTH,1
LUK,COU,1
LUK,CMH,6
LUK,CLU,1
LUK,OSU,1
LUK,YIP,1
LUK,DLH,1
LUK,ERI,1
LUK,FRG,1
LUK,FLL,1
LUK,FTW,1
LUK,GSP,1
LUK,HHH,1
LUK,HOU,1
LUK,MKC,3
LUK,LBE,1
LUK,LBL,1
LUK,LNK,1
LUK,LIT,1
LUK,LOU,2
LUK,MKE,1
LUK,BNA,1
LUK,QQN,1
LUK,GON,1
LUK,ORF,1
LUK,PNE,1
LUK,BBX,1
LUK,AGC,6
LUK,PIT,1
LUK,RHI,1
LUK,SLN,1
LUK,STP,1
LUK,TEB,5
LUK,TVC,1
LUK,VRB,1
LUK,IAD,4
LUK,HPN,3
LCK,GYD,2
LCK,IST,2
LCK,ANC,1
LCK,CHS,2
LCK,ORD,3
LCK,VPS,4
LCK,FLL,2
LCK,FWA,1
LCK,IND,4
LCK,SDF,2
LCK,MEM,6
LCK,MIA,2
LCK,MYR,6
LCK,JFK,4
LCK,EWR,2
LCK,SFB,4
LCK,PKB,1
LCK,PNE,1
LCK,PGD,5
LCK,SRQ,2
LCK,SAV,3
LCK,SEA,1
LCK,PIE,3
LGI,NAS,26
LGI,ZSA,2
LGI,SML,6
LYP,BAH,3
LYP,MCT,1
LYP,KHI,7
LYP,AUH,2
LYP,DXB,18
LYP,SHJ,8
LPA,VIE,4
LPA,BRU,9
LPA,CRL,1
LPA,LGG,3
LPA,OST,4
LPA,SID,1
LPA,PRG,3
LPA,BLL,2
LPA,CPH,7
LPA,BSL,3
LPA,LIL,1
LPA,NTE,1
LPA,CDG,7
LPA,ORY,1
LPA,TLS,1
LPA,BER,6
LPA,BRE,2
LPA,CGN,6
LPA,DRS,1
LPA,DUS,13
LPA,FRA,13
LPA,HAM,5
LPA,HAJ,5
LPA,KSF,1
LPA,LEJ,3
LPA,MUC,8
LPA,FMO,1
LPA,NUE,4
LPA,PAD,1
LPA,SCN,1
LPA,STR,6
LPA,BUD,1
LPA,KEF,2
LPA,ORK,1
LPA,DUB,11
LPA,BLQ,3
LPA,FLR,1
LPA,BGY,3
LPA,MXP,4
LPA,FCO,2
LPA,VCE,1
LPA,VRN,1
LPA,LUX,3
LPA,NDB,8
LPA,NKC,8
LPA,AGA,1
LPA,CMN,3
LPA,VIL,2
LPA,EUN,7
LPA,GLN,2
LPA,RAK,4
LPA,AMS,13
LPA,EIN,5
LPA,GRQ,2
LPA,RTM,4
LPA,OSL,9
LPA,KRK,1
LPA,WAW,2
LPA,FNC,3
LPA,LIS,5
LPA,PDL,1
LPA,OPO,2
LPA,DSS,2
LPA,DKR,1
LPA,LCG,2
LPA,ALC,3
LPA,OVD,10
LPA,BCN,21
LPA,BIO,7
LPA,VDE,10
LPA,FUE,144
LPA,GRX,4
LPA,XRY,1
LPA,GMZ,16
LPA,SPC,42
LPA,ACE,168
LPA,MAD,101
LPA,MAH,1
LPA,AGP,17
LPA,RMU,2
LPA,PMI,4
LPA,PNA,4
LPA,EAS,2
LPA,SDR,2
LPA,SCQ,9
LPA,SVQ,16
LPA,TFN,209
LPA,TFS,43
LPA,VLC,5
LPA,VLL,2
LPA,VGO,4
LPA,VIT,1
LPA,ZAZ,3
LPA,GOT,2
LPA,ARN,3
LPA,ZRH,12
LPA,BFS,1
LPA,BHX,11
LPA,BOH,1
LPA,BRS,12
LPA,CWL,1
LPA,EDI,6
LPA,GLA,6
LPA,PIK,2
LPA,LBA,4
LPA,LGW,18
LPA,LTN,6
LPA,STN,15
LPA,MAN,18
LPA,NCL,9
LPA,EMA,4
LWN,NO,0
LUP,HNL,7
LUP,MKK,21
LBD,CEK,2
LBD,IKT,1
LBD,KZN,4
LBD,KJA,4
LBD,MRV,3
LBD,DME,18
LBD,VKO,2
LBD,ZIA,16
LBD,OVB,8
LBD,KUF,3
LBD,AER,1
LBD,LED,8
LBD,SGC,3
LBD,TJM,4
LBD,UFA,1
LBD,SVX,8
LBD,DYU,4
LMT,SQL,0
LBY,AMS,1
LBY,ZRH,1
LCE,GCM,1
LCE,GJA,13
LCE,PEU,6
LCE,RTB,22
LCE,SAP,0
LCE,TGU,13
LSE,ORD,16
LSE,GFK,1
LSE,GRB,1
LSE,MSN,1
LSE,FCM,1
LSE,MSP,1
LSE,ILG,1
LFR,CCS,8
LFR,PMV,1
LGD,BOI,1
LGD,PDX,0
LPB,CIJ,18
LPB,CBB,86
LPB,RBQ,7
LPB,VVI,153
LPB,SRE,12
LPB,TJA,11
LPB,TDD,16
LPB,UYU,12
LPB,SCL,2
LPB,BOG,8
LPB,LIM,6
LAP,CUU,3
LAP,CEN,4
LAP,CUL,11
LAP,GDL,26
LAP,HMO,9
LAP,LTO,2
LAP,LMM,7
LAP,MZT,8
LAP,NLU,4
LAP,MEX,32
LAP,PPE,2
LAP,QRO,0
LAP,TIJ,19
LAP,DAL,1
LAP,SDM,0
LAP,SAN,0
LPG,NO,0
LRH,CRL,3
LRH,LYS,4
LRH,MRS,4
LRH,CDG,0
LRH,ORK,3
LRH,DUB,4
LRH,OPO,4
LRH,LGW,3
LRH,STN,7
LRM,MXP,1
LRM,FCO,1
LRM,SIG,1
LRM,MIA,19
LRM,CCS,5
LSC,ANF,13
LSC,ARI,4
LSC,CJC,17
LSC,CCP,4
LSC,IQQ,8
LSC,SCL,59
LBS,NAN,10
LBS,SUV,27
LBR,CIZ,3
LBU,BKI,33
LBU,KUL,20
LBU,MYY,32
LBU,SGN,2
LBJ,BJW,8
LBJ,DPS,38
LBJ,ENE,8
LBJ,CGK,17
LBJ,KOE,21
LBJ,MOF,8
LBJ,SUB,16
LAH,TTE,7
LCI,PSM,1
LCI,IAD,1
LCI,HPN,2
LYT,NO,0
LAE,HKN,11
LAE,MAS,1
LAE,MAG,7
LAE,HGU,1
LAE,POM,58
LAE,RAB,3
LFT,ATL,23
LFT,CLT,7
LFT,DFW,30
LFT,DSI,1
LFT,HBG,0
LFT,IAH,32
LFT,IWS,1
LFT,LFT,0
LFT,CWF,1
LFT,SDF,2
LFT,MEM,2
LFT,NEW,1
LFT,MSY,1
LFT,PNS,1
LFT,SAA,1
LAF,QTG,1
LAF,IKK,1
LAF,LAF,1
LAF,MCD,1
LAF,APF,1
LAF,SBN,2
LAF,STL,0
LAF,SUE,1
LAJ,NO,0
LOO,ALG,4
LOO,JED,2
LOO,MED,2
LOS,LAD,4
LOS,BRU,1
LOS,COO,6
LOS,GRU,3
LOS,DLA,3
LOS,PNR,2
LOS,ABJ,0
LOS,FIH,1
LOS,CAI,5
LOS,SSG,11
LOS,ADD,15
LOS,CDG,8
LOS,LBV,8
LOS,POG,2
LOS,BJL,1
LOS,FRA,5
LOS,ACC,49
LOS,BOM,4
LOS,NBO,11
LOS,BEY,2
LOS,CMN,8
LOS,AMS,7
LOS,ABV,281
LOS,AKR,17
LOS,ABB,28
LOS,BNI,30
LOS,CBQ,15
LOS,ENU,37
LOS,IBA,8
LOS,ILR,32
LOS,JOS,10
LOS,KAD,14
LOS,KAN,43
LOS,MIU,1
LOS,QOW,43
LOS,PHC,73
LOS,QUO,23
LOS,QRW,17
LOS,OSL,2
LOS,DOH,16
LOS,KGL,6
LOS,MED,1
LOS,DSS,4
LOS,FNA,4
LOS,JNB,4
LOS,ZAZ,2
LOS,LFW,11
LOS,IST,9
LOS,EBB,1
LOS,LHR,16
LOS,ATL,8
LOS,IAD,3
LGC,DCU,1
LGC,RSW,1
LDU,BKI,32
LDU,SDK,8
LHE,GYD,2
LHE,BAH,6
LHE,YYZ,2
LHE,CTU,1
LHE,KMG,8
LHE,URC,2
LHE,MHD,1
LHE,IKA,1
LHE,NJF,3
LHE,KWI,7
LHE,FRU,2
LHE,KUL,9
LHE,MCT,15
LHE,SLL,1
LHE,KHI,81
LHE,UET,6
LHE,SKT,1
LHE,KDU,3
LHE,DOH,22
LHE,DMM,6
LHE,JED,26
LHE,MED,4
LHE,RUH,12
LHE,CMB,3
LHE,BKK,6
LHE,IST,10
LHE,AUH,18
LHE,DXB,34
LHE,RKT,3
LHE,SHJ,7
LHA,HAM,1
LHA,LUG,1
LCH,ADS,1
LCH,DFW,21
LCH,GSO,1
LCH,EFD,1
LCH,IAH,24
LCH,NEW,1
LCQ,WTD,1
LCQ,QTQ,1
LCQ,FXE,0
LCQ,CRG,1
LCQ,OPF,1
LCQ,EWR,1
LJN,BTR,2
LJN,MBS,0
LKY,ARK,81
LKY,DAR,8
LKY,JRO,50
LKY,GTZ,75
LKY,SEU,155
LKY,ZNZ,8
LKY,EBB,4
LAL,RFD,1
LAL,CVG,1
LAL,DAB,1
LAL,LAL,1
LAL,LZU,0
LAL,MSP,1
LAL,APF,1
LAL,PHX,0
LAL,PIT,1
LAL,PPM,1
LAL,PGD,1
LAL,SMF,0
LAL,SBD,0
LAL,SRQ,0
LAL,SAV,0
LAL,TOL,1
LAL,VRB,0
LAL,ILM,1
LAL,BDL,1
LKZ,NO,0
LKL,OSL,2
LKL,TOS,20
LLI,ADD,8
LLI,GDQ,5
LMC,BOG,3
LAA,DEN,1
LAA,PUB,1
LFM,SYZ,1
LFM,DOH,1
LPT,BKK,16
LMP,BLQ,2
LMP,CTA,12
LMP,BGY,4
LMP,LIN,1
LMP,MXP,4
LMP,NAP,1
LMP,PMO,29
LMP,PNL,1
LMP,FCO,1
LMP,TRN,1
LMP,VCE,2
LMP,VRN,2
LAU,MYD,40
LAU,MBA,8
LAU,NBO,11
LNY,HNL,77
LNY,OGG,19
LNY,MKK,2
LNS,PDK,1
LNS,FWA,1
LNS,HAR,1
LNS,IOW,1
LNS,JST,0
LNS,LNS,0
LNS,EWR,1
LNS,NPT,1
LNS,OCE,0
LNS,PHL,5
LNS,PNE,0
LNS,AGC,1
LNS,PIT,14
LNS,IAD,21
LNS,WGO,1
LND,AFO,1
LND,CPR,1
LEQ,ISC,92
LGO,NO,0
LUV,AMQ,22
LGK,JHB,4
LGK,KUL,135
LGK,SZB,33
LGK,PEN,32
LGK,SIN,19
LLK,DME,2
LAI,BES,1
LAI,LBG,1
LAN,AOO,1
LAN,CAD,2
LAN,MDW,1
LAN,ORD,17
LAN,DTW,16
LAN,ESN,1
LAN,EKI,1
LAN,ESC,1
LAN,GLR,2
LAN,CMX,2
LAN,IMT,2
LAN,SDF,2
LAN,MQT,1
LAN,MKG,1
LAN,MCO,2
LAN,PLN,1
LAN,PHL,1
LAN,PTK,1
LAN,UIN,1
LAN,MBS,1
LAN,CIU,1
LAN,TOL,1
LAN,TVC,1
LAN,DCA,8
LHW,AKU,16
LHW,AAT,8
LHW,AKA,3
LHW,BAV,4
LHW,PEK,55
LHW,PKX,60
LHW,CGQ,12
LHW,CSX,54
LHW,CTU,22
LHW,TFU,41
LHW,CKG,15
LHW,DLC,12
LHW,DAT,4
LHW,DYG,10
LHW,DNH,50
LHW,ENH,12
LHW,FOC,8
LHW,CAN,45
LHW,KWL,8
LHW,KWE,28
LHW,HAK,7
LHW,HMI,4
LHW,HGH,65
LHW,HZG,1
LHW,HFE,20
LHW,HET,20
LHW,HTN,12
LHW,HIA,4
LHW,TNA,40
LHW,JIC,12
LHW,SHS,4
LHW,KHG,28
LHW,KRL,21
LHW,KMG,48
LHW,LXA,2
LHW,LJG,7
LHW,LNL,4
LHW,LZO,4
LHW,LLV,4
LHW,KHN,40
LHW,NKG,60
LHW,NNG,15
LHW,NNY,4
LHW,NGB,4
LHW,DSN,8
LHW,TAO,17
LHW,IQN,20
LHW,SHA,29
LHW,PVG,71
LHW,SHE,23
LHW,SZX,28
LHW,SHF,8
LHW,SJW,16
LHW,WDS,4
LHW,TYN,16
LHW,TWC,4
LHW,TSN,34
LHW,URC,77
LHW,WXN,8
LHW,WNZ,8
LHW,WUH,27
LHW,XIY,15
LHW,XMN,8
LHW,YTY,8
LHW,YIH,16
LHW,YIN,15
LHW,UYN,8
LHW,YZY,24
LHW,CGO,48
LHW,ZUH,8
LHW,ZYI,8
LHW,DMK,1
LHW,CXR,2
LAO,MNL,23
LPP,BGY,2
LRR,THR,3
LRR,KWI,2
LRR,DOH,2
LRR,DXB,7
LRR,SHJ,4
LAR,BZN,1
LAR,DEN,15
LAR,JAC,1
LAR,RKS,1
LKA,KOE,8
LRD,YHM,3
LRD,SAP,0
LRD,NLD,0
LRD,QRO,2
LRD,SLP,1
LRD,AEX,1
LRD,AUS,1
LRD,CRP,1
LRD,DFW,26
LRD,DCU,1
LRD,YIP,4
LRD,AFW,2
LRD,IAH,24
LRD,IND,1
LRD,MCI,2
LRD,LAS,3
LRD,LAW,1
LRD,SDF,7
LRD,MFE,1
LRD,MEM,1
LRD,SAT,2
LRD,SAN,0
LRD,HYI,1
LRD,SAV,1
LRD,SUS,1
LCA,EVN,22
LCA,GRZ,1
LCA,SZG,3
LCA,VIE,20
LCA,BAH,2
LCA,BRU,2
LCA,SOF,4
LCA,VAR,2
LCA,PRG,15
LCA,BLL,1
LCA,CPH,5
LCA,CAI,11
LCA,HEL,6
LCA,BSL,3
LCA,NCE,2
LCA,BVA,2
LCA,CDG,10
LCA,KUT,6
LCA,TBS,2
LCA,BER,7
LCA,CGN,1
LCA,DUS,5
LCA,FRA,11
LCA,HAM,2
LCA,HAJ,2
LCA,MUC,9
LCA,NUE,1
LCA,STR,2
LCA,ATH,106
LCA,HER,7
LCA,SKG,19
LCA,BUD,9
LCA,DEB,4
LCA,ETM,1
LCA,TLV,66
LCA,MXP,5
LCA,FCO,4
LCA,VCE,2
LCA,AMM,7
LCA,KWI,4
LCA,RIX,2
LCA,BEY,19
LCA,VNO,3
LCA,MLA,8
LCA,KIV,2
LCA,AMS,3
LCA,OSL,4
LCA,MCT,1
LCA,GDN,2
LCA,KTW,5
LCA,KRK,4
LCA,POZ,1
LCA,WAW,8
LCA,WRO,2
LCA,DOH,16
LCA,OTP,4
LCA,CLJ,4
LCA,IAS,3
LCA,SCV,3
LCA,JED,1
LCA,RUH,1
LCA,BEG,19
LCA,BTS,8
LCA,KSC,2
LCA,TAT,1
LCA,GOT,5
LCA,MMX,1
LCA,NRK,1
LCA,ARN,9
LCA,VXO,1
LCA,BRN,1
LCA,ZRH,19
LCA,AUH,0
LCA,DXB,12
LCA,BHX,11
LCA,BRS,8
LCA,CWL,1
LCA,EDI,1
LCA,FAB,1
LCA,GLA,1
LCA,LBA,4
LCA,LPL,4
LCA,LGW,29
LCA,LHR,29
LCA,LTN,11
LCA,STN,6
LCA,MAN,16
LCA,NCL,4
LCA,EMA,4
LRU,ABQ,8
LRU,GNT,0
LRU,MYF,0
LRU,TSM,0
LSP,HAV,1
LSP,CUR,2
LSP,CCS,10
LSP,MYC,1
LAS,YYC,31
LAS,,0
LAS,YEG,16
LAS,YHM,4
LAS,YUL,8
LAS,YYZ,39
LAS,YVR,29
LAS,YWG,2
LAS,LIR,0
LAS,FRA,9
LAS,GDL,13
LAS,MEX,24
LAS,MTY,4
LAS,PXM,1
LAS,AMS,6
LAS,PTY,5
LAS,ICN,5
LAS,ZRH,2
LAS,LGW,5
LAS,LHR,16
LAS,CAK,4
LAS,ABQ,45
LAS,AMA,8
LAS,ANC,2
LAS,ATW,2
LAS,AVL,2
LAS,PDK,1
LAS,ATL,114
LAS,AUS,68
LAS,BWI,33
LAS,BED,1
LAS,BLI,17
LAS,XNA,2
LAS,BIL,2
LAS,BHM,1
LAS,BIS,2
LAS,BOI,33
LAS,BOS,40
LAS,BZN,16
LAS,BUF,1
LAS,BUR,140
LAS,CDC,1
LAS,CID,2
LAS,CLT,69
LAS,DPA,1
LAS,MDW,82
LAS,ORD,116
LAS,RFD,2
LAS,CVG,23
LAS,CLE,26
LAS,COS,22
LAS,CMH,20
LAS,CLU,1
LAS,CCR,7
LAS,DFW,136
LAS,DAL,78
LAS,DEN,207
LAS,BJC,6
LAS,DSM,6
LAS,VPS,2
LAS,DTW,71
LAS,EGE,0
LAS,ELP,27
LAS,EKO,0
LAS,EUG,10
LAS,PAE,12
LAS,FAR,2
LAS,FNT,2
LAS,FXE,2
LAS,FLL,21
LAS,FWA,2
LAS,AFW,1
LAS,FTW,1
LAS,FAT,34
LAS,GFK,2
LAS,GRI,2
LAS,GJT,2
LAS,GRR,4
LAS,GTF,2
LAS,SUN,0
LAS,HNL,38
LAS,IAH,94
LAS,HOU,46
LAS,HSV,2
LAS,IDA,2
LAS,IND,29
LAS,JAX,3
LAS,OGG,24
LAS,FCA,2
LAS,MCI,44
LAS,TYS,2
LAS,KOA,8
LAS,POC,0
LAS,LRD,2
LAS,LEX,0
LAS,LIH,8
LAS,LIT,2
LAS,LGB,46
LAS,LAX,245
LAS,SDF,14
LAS,LBB,8
LAS,MFE,8
LAS,MFR,5
LAS,MEM,18
LAS,MCE,10
LAS,MIA,48
LAS,MDD,1
LAS,MAF,9
LAS,MKE,21
LAS,MSP,75
LAS,MOT,2
LAS,MSO,2
LAS,MLI,2
LAS,MRY,2
LAS,BNA,47
LAS,MSY,14
LAS,JFK,71
LAS,EWR,70
LAS,ORF,2
LAS,OAK,125
LAS,OKC,22
LAS,OMA,20
LAS,ONT,52
LAS,MCO,30
LAS,SFB,2
LAS,PSP,15
LAS,PSC,3
LAS,PIA,4
LAS,PHL,40
LAS,DVT,0
LAS,PHX,161
LAS,PIT,17
LAS,HIO,1
LAS,PDX,83
LAS,PVU,2
LAS,RDU,17
LAS,RAP,3
LAS,RNO,100
LAS,RIC,14
LAS,SMF,120
LAS,SLC,105
LAS,SAT,40
LAS,SBD,3
LAS,SAN,161
LAS,CLD,1
LAS,MYF,0
LAS,SFO,121
LAS,SJC,103
LAS,SNA,130
LAS,SBA,21
LAS,SAF,0
LAS,SMX,3
LAS,STS,2
LAS,SCF,1
LAS,BFI,1
LAS,SEA,144
LAS,SDX,0
LAS,SHV,2
LAS,FSD,4
LAS,SBN,2
LAS,TVL,0
LAS,RSW,3
LAS,GEG,11
LAS,SGF,4
LAS,SGU,0
LAS,STL,46
LAS,SCK,11
LAS,SYR,2
LAS,TPA,25
LAS,TSM,1
LAS,TUS,23
LAS,TUL,11
LAS,VNY,1
LAS,IAD,17
LAS,DCA,8
LAS,PBI,1
LAS,ICT,4
LAS,BDL,4
LVS,ABQ,0
LSH,HEH,4
LSH,MDL,7
LSH,MYT,1
LSH,THL,21
LSH,RGN,31
LTX,NO,0
LTK,SHJ,1
LBE,YQA,1
LBE,QQR,1
LBE,ACY,2
LBE,CDW,1
LBE,CMH,1
LBE,ERI,0
LBE,ISP,2
LBE,MGW,1
LBE,MYR,8
LBE,MCO,9
LBE,SCE,1
LBE,VPZ,1
LBE,WSG,1
LBE,IAD,1
LBE,PBI,1
LST,BNE,9
LST,BWT,0
LST,CBI,1
LST,FLS,0
LST,HBA,3
LST,MEL,78
LST,SYD,23
LUL,LZU,1
LVA,NO,0
LVP,NO,0
LVO,LNO,0
LVO,PER,3
LWY,BKM,3
LWY,BKI,3
LWY,LMN,3
LWY,MYY,42
LWC,BRD,1
LWC,JZI,1
LWC,TUL,1
LWM,MPV,1
LWM,HYA,1
LWM,EEN,1
LWM,MHT,1
LWM,TVC,1
LWM,IAD,1
LZU,ABY,5
LZU,PDK,1
LZU,SSI,1
LZU,QQV,1
LZU,UGN,1
LZU,DFW,1
LZU,GSO,6
LZU,VQQ,5
LZU,TYS,4
LZU,LAL,1
LZU,LUL,1
LZU,LIT,1
LZU,MEM,4
LZU,MEI,0
LZU,OPF,1
LZU,MIE,1
LZU,QQN,1
LZU,PWA,1
LZU,PNS,4
LZU,PHL,1
LZU,PPM,1
LZU,ROA,6
LZU,SAV,5
LAW,DFW,24
LZC,NO,0
LEH,NO,0
LME,LGG,1
LME,BRQ,1
LME,FNI,1
LME,LBG,1
LME,FKB,1
LME,STR,1
LME,IOM,1
LME,AMS,1
LME,BXO,1
LME,SIR,1
LME,LTN,1
LME,MAN,1
LME,NWI,1
LPY,ORY,12
LTQ,LIL,1
LTQ,ETZ,1
LTQ,RNS,1
LTQ,JER,1
LXV,NO,0
LEA,MEL,3
LEA,PER,10
LEA,CCK,1
LEB,BED,1
LEB,BOS,37
LEB,CGF,1
LEB,MSN,1
LEB,HPN,16
LBA,BOJ,1
LBA,DBV,3
LBA,SPU,2
LBA,ZAD,3
LBA,LCA,5
LBA,PFO,5
LBA,PRG,2
LBA,EGC,1
LBA,LIG,2
LBA,NCE,2
LBA,BVA,2
LBA,CDG,4
LBA,PGF,2
LBA,CHQ,2
LBA,CFU,5
LBA,HER,6
LBA,EFL,4
LBA,KGS,3
LBA,RHO,3
LBA,JTR,2
LBA,JSI,3
LBA,SKG,1
LBA,ZTH,4
LBA,GCI,3
LBA,DUB,35
LBA,CTA,2
LBA,NAP,4
LBA,PSA,1
LBA,FCO,2
LBA,VRN,2
LBA,JER,3
LBA,RIX,1
LBA,MLA,2
LBA,AMS,19
LBA,GDN,7
LBA,KTW,4
LBA,KRK,8
LBA,POZ,2
LBA,WAW,3
LBA,WMI,4
LBA,WRO,5
LBA,FAO,18
LBA,FNC,1
LBA,OPO,2
LBA,OTP,5
LBA,CLJ,2
LBA,BTS,3
LBA,ALC,25
LBA,LEI,1
LBA,BCN,2
LBA,FUE,5
LBA,GRO,5
LBA,LPA,3
LBA,IBZ,13
LBA,ACE,10
LBA,MAH,5
LBA,AGP,18
LBA,PMI,41
LBA,REU,5
LBA,TFS,14
LBA,AYT,8
LBA,BJV,3
LBA,DLM,8
LBA,ADB,1
LBA,BHD,23
LBA,BFS,4
LBA,BHX,1
LBA,BBS,1
LBA,FAB,1
LBA,GLA,1
LBA,LBA,2
LBA,EMA,1
LEE,MCN,1
LEE,APF,1
LEE,RMG,1
LEE,SUS,1
LEE,TLH,0
LEE,IAD,1
LER,PER,14
LEJ,LNZ,1
LEJ,VIE,13
LEJ,BAH,2
LEJ,BRU,7
LEJ,BOJ,1
LEJ,SOF,1
LEJ,VAR,1
LEJ,YHM,5
LEJ,PVG,0
LEJ,SPU,1
LEJ,LCA,2
LEJ,BRQ,1
LEJ,OSR,1
LEJ,BLL,1
LEJ,CPH,2
LEJ,HRG,10
LEJ,RMF,3
LEJ,TLL,1
LEJ,HEL,1
LEJ,BSL,1
LEJ,LYS,1
LEJ,MRS,1
LEJ,NTE,1
LEJ,CDG,7
LEJ,BER,1
LEJ,CGN,5
LEJ,FRA,38
LEJ,KSF,1
LEJ,MUC,17
LEJ,STR,1
LEJ,QCZ,1
LEJ,ATH,2
LEJ,CHQ,1
LEJ,CFU,4
LEJ,HER,10
LEJ,KGS,2
LEJ,RHO,5
LEJ,HKG,3
LEJ,BUD,2
LEJ,DEL,1
LEJ,DUB,5
LEJ,SNN,2
LEJ,TLV,1
LEJ,BLQ,1
LEJ,VBS,4
LEJ,MXP,5
LEJ,PSA,2
LEJ,CIA,1
LEJ,VCE,1
LEJ,NRT,1
LEJ,VNO,2
LEJ,MLA,1
LEJ,AMS,2
LEJ,OSL,1
LEJ,GDN,1
LEJ,KTW,3
LEJ,WAW,1
LEJ,FAO,1
LEJ,FNC,1
LEJ,OTP,1
LEJ,SIN,0
LEJ,BTS,3
LEJ,LJU,1
LEJ,ICN,0
LEJ,BCN,3
LEJ,FUE,2
LEJ,LPA,3
LEJ,MAD,2
LEJ,PMI,25
LEJ,TFS,3
LEJ,VIT,3
LEJ,KVB,1
LEJ,ARN,1
LEJ,GVA,1
LEJ,BKK,0
LEJ,DJE,1
LEJ,MIR,1
LEJ,AYT,41
LEJ,IST,12
LEJ,DXB,1
LEJ,BHX,1
LEJ,LTN,2
LEJ,STN,5
LEJ,EMA,3
LEJ,CVG,4
LEJ,JFK,1
LKN,BOO,50
LKN,TOS,1
LEY,ANG,1
LEY,KSF,1
LEY,KEL,1
LEY,LBC,1
LEY,FMO,1
LEY,GRQ,2
LEY,RTM,1
LXS,ATH,16
LXS,JIK,7
LXS,MJT,4
LXS,SKG,7
LEC,CNF,3
LEC,SSA,3
LEN,LXR,2
LEN,BCN,6
LEN,PMI,3
LNO,PER,8
LRS,JTY,3
LRS,ATH,12
LRS,JKL,3
LWK,FIE,13
LWK,FOA,13
LTM,OGL,22
LET,BOG,19
LWB,MTN,1
LWB,CLT,18
LWB,CGF,1
LWB,DCU,1
LWB,LCI,0
LWB,LWB,1
LWB,MMU,1
LWB,PHL,1
LWB,RDU,1
LWB,PIE,1
LWB,PBI,1
LWS,DEN,8
LWS,LGD,0
LWS,ONT,0
LWS,SLC,8
LWS,BFI,0
LWS,GEG,0
LWS,ALW,0
LWT,BIL,0
LWT,GTF,0
LWT,HVR,0
LWT,OLF,0
LWE,KOE,4
LEX,YYZ,1
LEX,AVL,1
LEX,ATL,45
LEX,BPT,1
LEX,CRW,1
LEX,CLT,48
LEX,MDW,2
LEX,ORD,40
LEX,LUK,1
LEX,CMH,0
LEX,DFW,24
LEX,DAL,2
LEX,VPS,1
LEX,DTW,16
LEX,FLL,3
LEX,GED,1
LEX,GPT,1
LEX,HTS,1
LEX,OSX,1
LEX,LCQ,0
LEX,LAS,1
LEX,LEX,1
LEX,MSP,1
LEX,MYR,2
LEX,APF,1
LEX,BNA,1
LEX,JFK,1
LEX,SFB,7
LEX,PHL,8
LEX,PIT,1
LEX,PGD,3
LEX,RSW,1
LEX,CPS,1
LEX,PIE,7
LEX,TEB,1
LEX,TUS,0
LEX,TUL,0
LEX,IAD,1
LEX,DCA,7
LEX,HPN,1
LXA,PEK,16
LXA,CSX,8
LXA,CTU,127
LXA,TFU,80
LXA,CKG,91
LXA,DLU,4
LXA,GOQ,8
LXA,GYS,4
LXA,AHJ,4
LXA,KMG,26
LXA,LHW,2
LXA,LZO,6
LXA,MIG,24
LXA,NAO,4
LXA,NGQ,16
LXA,BPX,9
LXA,JIQ,3
LXA,DIG,5
LXA,TCZ,3
LXA,WUH,8
LXA,XIY,52
LXA,XNN,17
LXA,YNZ,1
LXA,YBP,8
LXA,YIH,1
LXA,CGO,16
LSW,KNO,8
LYG,PKX,6
LYG,CGQ,12
LYG,CSX,4
LYG,CTU,4
LYG,TFU,8
LYG,DLC,8
LYG,FOC,8
LYG,CAN,16
LYG,KWE,5
LYG,HAK,4
LYG,HRB,3
LYG,HET,4
LYG,KMG,3
LYG,KHN,8
LYG,NNG,4
LYG,SHE,24
LYG,SZX,16
LYG,SJW,8
LYG,TSN,4
LYG,WNZ,8
LYG,WUH,4
LYG,XIY,16
LYG,XMN,7
LYG,HSN,4
LYG,ZUH,4
LBL,AMA,1
LBL,QTC,0
LBL,CBK,1
LBL,DEN,6
LBL,DDC,8
LBL,LBL,0
LBL,LBB,0
LBL,VNY,0
LIR,YYZ,5
LIR,NOB,0
LIR,SJO,0
LIR,TMU,0
LIR,MGA,1
LIR,ZRH,1
LIR,ATL,11
LIR,AUS,4
LIR,BWI,2
LIR,CLT,1
LIR,ORD,1
LIR,DFW,8
LIR,DEN,3
LIR,IAH,18
LIR,HOU,8
LIR,LAX,11
LIR,MIA,17
LIR,JFK,8
LIR,EWR,3
LIR,PSM,1
LIR,SFO,1
LLB,NO,0
LBV,COO,10
LBV,DLA,18
LBV,NSI,11
LBV,BZV,9
LBV,PNR,5
LBV,ABJ,0
LBV,FIH,1
LBV,BSG,1
LBV,SSG,1
LBV,ADD,3
LBV,CDG,7
LBV,MVB,13
LBV,POG,34
LBV,CMN,3
LBV,LOS,3
LBV,KGL,2
LBV,PCP,2
LBV,TMS,4
LBV,JNB,4
LBV,LFW,6
LBV,IST,2
LDK,NO,0
LGG,VIE,4
LGG,KJK,1
LGG,GRU,3
LGG,YYZ,1
LGG,CSX,8
LGG,CAN,5
LGG,HGH,2
LGG,TNA,2
LGG,KHN,4
LGG,NGB,0
LGG,PVG,15
LGG,WUH,2
LGG,YNT,0
LGG,CGO,7
LGG,LCA,3
LGG,CPH,1
LGG,ADD,2
LGG,HEL,3
LGG,MLH,3
LGG,BSL,3
LGG,CEQ,2
LGG,LME,1
LGG,NCE,1
LGG,CDG,5
LGG,TLN,1
LGG,LBV,1
LGG,TBS,1
LGG,HHN,2
LGG,HAJ,3
LGG,MUC,1
LGG,ACC,2
LGG,RHO,2
LGG,HKG,8
LGG,KEF,11
LGG,TLV,12
LGG,BLQ,1
LGG,MXP,5
LGG,RMI,1
LGG,AMM,1
LGG,KGF,1
LGG,NBO,1
LGG,CMN,1
LGG,TNG,1
LGG,NIM,1
LGG,LOS,3
LGG,OSL,8
LGG,GDN,1
LGG,DOH,17
LGG,DMM,1
LGG,JED,2
LGG,RUH,6
LGG,JNB,3
LGG,ICN,1
LGG,ALC,2
LGG,BCN,2
LGG,GRO,1
LGG,MAD,6
LGG,PMI,3
LGG,TFS,3
LGG,ZAZ,5
LGG,DJE,2
LGG,AYT,2
LGG,SAW,2
LGG,ASR,2
LGG,DXB,1
LGG,SHJ,1
LGG,BHX,1
LGG,OXF,1
LGG,STN,4
LGG,EMA,1
LGG,ATL,1
LGG,ORD,4
LGG,MEM,1
LGG,JFK,6
LGG,LUN,0
LPX,LPX,1
LIF,MEE,14
LIF,GEA,28
LIF,UVE,13
LIF,TGJ,2
LNV,KVG,1
LNV,POM,1
LNV,RAB,14
LIH,DEN,8
LIH,HNL,216
LIH,OGG,32
LIH,KOA,8
LIH,LAS,8
LIH,LAX,41
LIH,OAK,16
LIH,PHX,8
LIH,SBD,0
LIH,SAN,8
LIH,SFO,16
LIH,SJC,12
LIH,SEA,17
LJG,BZX,4
LJG,PEK,16
LJG,PKX,16
LJG,BFJ,4
LJG,CSX,36
LJG,CTU,25
LJG,TFU,51
LJG,HCZ,4
LJG,CKG,43
LJG,CAN,45
LJG,KWL,4
LJG,KWE,13
LJG,HGH,17
LJG,HFE,18
LJG,HNY,4
LJG,HJJ,4
LJG,TNA,12
LJG,JHG,39
LJG,KMG,16
LJG,LHW,7
LJG,LZO,4
LJG,MIG,8
LJG,KHN,13
LJG,NKG,36
LJG,NNG,5
LJG,TAO,3
LJG,JUZ,4
LJG,SHA,8
LJG,PVG,35
LJG,SZX,37
LJG,SJW,9
LJG,TYN,4
LJG,TSN,28
LJG,WUH,12
LJG,WUX,5
LJG,XIY,43
LJG,XMN,6
LJG,XFN,4
LJG,CGO,39
LJG,ZUH,4
LJG,ZYI,8
LIL,ALG,8
LIL,CZL,3
LIL,ORN,5
LIL,ANR,1
LIL,KJK,1
LIL,VAR,1
LIL,DBV,1
LIL,SPU,1
LIL,AJA,4
LIL,BIA,4
LIL,BOD,18
LIL,CQF,1
LIL,CLY,1
LIL,CET,1
LIL,FSC,6
LIL,LIL,1
LIL,LYS,17
LIL,MRS,10
LIL,MPL,2
LIL,NTE,3
LIL,NCE,30
LIL,FNI,1
LIL,LBG,1
LIL,PGF,2
LIL,LDE,1
LIL,TLS,19
LIL,ATH,4
LIL,CFU,1
LIL,HER,3
LIL,RHO,1
LIL,OLB,2
LIL,PMO,2
LIL,FCO,2
LIL,VCE,2
LIL,AGA,3
LIL,CMN,2
LIL,RAK,3
LIL,NDR,2
LIL,OUD,2
LIL,KRK,2
LIL,FAO,2
LIL,OPO,3
LIL,BCN,2
LIL,LPA,1
LIL,MAH,2
LIL,AGP,1
LIL,PMI,4
LIL,GVA,4
LIL,DJE,5
LIL,MIR,1
LIL,TUN,2
LIL,GLO,1
LLW,PRG,1
LLW,FBM,6
LLW,ADD,3
LLW,NBO,9
LLW,BLZ,15
LLW,APL,9
LLW,JNB,3
LLW,LUN,4
LLW,MFU,2
LLW,HRE,3
LIM,AEP,16
LIM,EZE,31
LIM,COR,5
LIM,MDZ,3
LIM,LPB,6
LIM,VVI,13
LIM,BSB,8
LIM,POA,3
LIM,GIG,8
LIM,GRU,24
LIM,YYZ,3
LIM,ANF,2
LIM,SCL,83
LIM,BOG,63
LIM,CTG,5
LIM,MDE,8
LIM,SJO,6
LIM,PUJ,19
LIM,SDQ,4
LIM,GYE,8
LIM,UIO,18
LIM,CDG,8
LIM,CUN,36
LIM,MEX,21
LIM,AMS,7
LIM,PTY,49
LIM,ASU,4
LIM,AQP,132
LIM,AYP,29
LIM,CJA,48
LIM,CHH,4
LIM,CIX,65
LIM,CUZ,203
LIM,HUU,32
LIM,ILQ,3
LIM,IQT,57
LIM,JAE,3
LIM,JAU,29
LIM,JUL,32
LIM,MZA,3
LIM,PIU,79
LIM,PCL,56
LIM,PEM,20
LIM,TCQ,43
LIM,TYL,23
LIM,TPP,82
LIM,TRU,60
LIM,TBP,32
LIM,MAD,31
LIM,ATL,8
LIM,FLL,16
LIM,IAH,8
LIM,LAX,17
LIM,MIA,43
LIM,JFK,13
LIM,EWR,8
LIM,MVD,6
LIM,CCS,1
LMN,BKI,4
LMN,KCH,4
LMN,LWY,3
LMN,MYY,24
LIG,LYS,13
LIG,MRS,1
LIG,TUF,1
LIG,RAK,2
LIG,BRS,3
LIG,FAB,1
LIG,LBA,2
LIG,BQH,1
LIG,LGW,3
LIG,STN,8
LIG,MAN,4
LIG,EMA,2
LIO,SJO,0
LIC,NO,0
LNJ,TFU,4
LNJ,KMG,24
LNK,YQK,1
LNK,BZN,0
LNK,ORD,24
LNK,ADS,1
LNK,APA,0
LNK,DEN,24
LNK,DSM,1
LNK,FAT,0
LNK,HDE,1
LNK,IAH,8
LNK,MKC,1
LNK,EAR,1
LNK,ENW,1
LNK,LWM,1
LNK,LNK,1
LNK,MSN,1
LNK,FCM,1
LNK,MLI,1
LNK,OMA,1
LNK,FSD,1
LNK,VTN,1
LNK,WYS,0
LNK,HPN,1
LNK,YKN,1
LDJ,UCY,1
LFQ,PEK,8
LFQ,CGQ,8
LFQ,TFU,6
LFQ,CKG,4
LFQ,CAN,4
LFQ,KWE,4
LFQ,HAK,4
LFQ,HGH,8
LFQ,HFE,6
LFQ,HET,4
LFQ,KMG,4
LFQ,KHN,4
LFQ,NKG,8
LFQ,NNG,4
LFQ,DSN,4
LFQ,TAO,4
LFQ,PVG,8
LFQ,SHE,4
LFQ,SZX,4
LFQ,TSN,4
LFQ,WUH,8
LFQ,XNN,4
LPI,INN,1
LPI,HEL,1
LPI,AMS,19
LPI,ORB,1
LYI,CGQ,20
LYI,CSX,8
LYI,TFU,8
LYI,CKG,6
LYI,DLC,3
LYI,FOC,4
LYI,CAN,24
LYI,KWL,8
LYI,HGH,10
LYI,HRB,15
LYI,SWA,8
LYI,KMG,8
LYI,KHN,8
LYI,NGB,4
LYI,SYX,3
LYI,PVG,12
LYI,SHE,12
LYI,SZX,16
LYI,TYN,4
LYI,WNZ,8
LYI,WUH,8
LYI,XIY,16
LYI,XMN,4
LYI,INC,8
LYI,HSN,4
LYI,ZUH,3
LNZ,LNZ,2
LNZ,VIE,2
LNZ,BRU,1
LNZ,ZAD,1
LNZ,LBG,1
LNZ,VIY,1
LNZ,BER,1
LNZ,QCE,1
LNZ,FRA,14
LNZ,LEJ,1
LNZ,NUE,1
LNZ,STR,1
LNZ,ATH,1
LNZ,HER,4
LNZ,EFL,1
LNZ,RHO,1
LNZ,BUD,1
LNZ,BZO,1
LNZ,FLR,1
LNZ,FCO,1
LNZ,PMI,4
LNZ,BRN,1
LNZ,QYG,1
LNZ,ZRH,1
LNZ,AYT,3
LPK,KGD,2
LPK,LED,3
LPK,SVX,2
LIS,ALG,3
LIS,LAD,24
LIS,VIE,17
LIS,BRU,49
LIS,CRL,13
LIS,BEL,5
LIS,CNF,7
LIS,BSB,6
LIS,VCP,15
LIS,FOR,8
LIS,NAT,6
LIS,POA,3
LIS,REC,8
LIS,GIG,13
LIS,SSA,7
LIS,GRU,26
LIS,SOF,2
LIS,YUL,18
LIS,YYZ,23
LIS,BVC,2
LIS,SID,11
LIS,RAI,17
LIS,VXE,9
LIS,HGH,3
LIS,VRA,2
LIS,PRG,13
LIS,BLL,1
LIS,CPH,17
LIS,PUJ,3
LIS,HEL,8
LIS,BSL,8
LIS,BIA,3
LIS,BOD,16
LIS,LYS,25
LIS,MRS,24
LIS,MPL,2
LIS,NTE,14
LIS,NCE,22
LIS,BVA,14
LIS,CDG,54
LIS,LBG,1
LIS,ORY,117
LIS,RNS,3
LIS,TLS,25
LIS,BER,21
LIS,CGN,10
LIS,DUS,22
LIS,FRA,53
LIS,HAM,17
LIS,MUC,40
LIS,STR,6
LIS,ACC,4
LIS,ATH,14
LIS,OXB,4
LIS,BUD,9
LIS,KEF,2
LIS,DUB,45
LIS,TLV,18
LIS,BLQ,17
LIS,FLR,9
LIS,BGY,18
LIS,MXP,49
LIS,NAP,11
LIS,PSA,4
LIS,CIA,15
LIS,FCO,32
LIS,VCE,21
LIS,RIX,3
LIS,LUX,26
LIS,MLA,3
LIS,CUN,8
LIS,AGA,1
LIS,CMN,28
LIS,RAK,20
LIS,OUD,1
LIS,TNG,7
LIS,MPM,4
LIS,AMS,85
LIS,EIN,10
LIS,RTM,4
LIS,OSL,10
LIS,KRK,3
LIS,WAW,11
LIS,WMI,3
LIS,FAO,33
LIS,FNC,0
LIS,HOR,10
LIS,TER,31
LIS,PIX,6
LIS,PDL,77
LIS,OPO,82
LIS,PXO,10
LIS,SMA,2
LIS,OTP,4
LIS,TMS,3
LIS,DSS,9
LIS,BEG,3
LIS,ALC,8
LIS,OVD,4
LIS,BCN,87
LIS,BIO,24
LIS,LPA,5
LIS,IBZ,11
LIS,MAD,153
LIS,TOJ,1
LIS,MAH,9
LIS,AGP,24
LIS,PMI,15
LIS,SVQ,26
LIS,TFN,2
LIS,TFS,5
LIS,VLC,24
LIS,VIT,1
LIS,ARN,10
LIS,GVA,55
LIS,ZRH,47
LIS,DJE,3
LIS,IST,16
LIS,DXB,16
LIS,BHX,5
LIS,BRS,8
LIS,EDI,6
LIS,GLA,2
LIS,LGW,38
LIS,LHR,83
LIS,LTN,31
LIS,STN,29
LIS,MAN,29
LIS,BOS,24
LIS,ORD,4
LIS,MIA,8
LIS,JFK,0
LIS,EWR,24
LIS,PHL,8
LIS,SFO,4
LIS,TEB,1
LIS,IAD,19
LIS,CCS,3
LSY,NO,0
LYB,CYB,19
LYB,GCM,19
LIT,QQG,1
LIT,QQR,0
LIT,PDK,2
LIT,FTY,1
LIT,ATL,53
LIT,AUS,1
LIT,EDC,1
LIT,XNA,2
LIT,CLT,23
LIT,CHA,1
LIT,ORD,46
LIT,UGN,1
LIT,COS,0
LIT,CRP,1
LIT,DFW,60
LIT,DAL,24
LIT,QQD,1
LIT,DEN,35
LIT,DSI,1
LIT,VPS,2
LIT,EKX,1
LIT,IAH,24
LIT,JBR,1
LIT,MKC,2
LIT,JCI,5
LIT,TYS,1
LIT,LAS,2
LIT,LAX,2
LIT,SDF,2
LIT,DXE,1
LIT,MEM,2
LIT,MIA,1
LIT,MRY,0
LIT,BNA,1
LIT,LGA,14
LIT,SFB,2
LIT,RDU,1
LIT,ROG,1
LIT,SFO,0
LIT,SPZ,1
LIT,SGF,1
LIT,SGU,1
LIT,STL,14
LIT,PIE,2
LIT,DCA,8
LPF,NKG,4
LZH,PEK,8
LZH,CZX,3
LZH,TFU,4
LZH,CKG,7
LZH,FOC,4
LZH,HAK,8
LZH,HGH,8
LZH,HFE,8
LZH,SWA,8
LZH,JHG,3
LZH,KMG,4
LZH,NKG,14
LZH,PVG,16
LZH,SZX,4
LZH,WNZ,8
LZH,WUH,8
LZH,XIY,4
LZH,XMN,8
LZH,ZHA,3
LZH,CGO,4
LVK,BFL,0
LVK,HHR,0
LVK,LAS,1
LVK,WHP,0
LVK,MFR,0
LVK,MRY,0
LVK,HIO,0
LVK,SAC,0
LVK,SNA,1
LVK,SHR,1
LVK,SCK,0
LPL,CRL,2
LPL,SOF,2
LPL,VAR,2
LPL,ZAD,2
LPL,LCA,3
LPL,EGC,2
LPL,NCE,10
LPL,BVA,3
LPL,CDG,6
LPL,FRA,6
LPL,KSF,1
LPL,MUC,1
LPL,CFU,1
LPL,HER,1
LPL,KGS,1
LPL,BUD,2
LPL,ORK,6
LPL,DUB,49
LPL,NOC,9
LPL,SNN,2
LPL,IOM,34
LPL,BGY,3
LPL,CIA,2
LPL,JER,13
LPL,KUN,2
LPL,MLA,2
LPL,AMS,8
LPL,GDN,4
LPL,KTW,2
LPL,KRK,4
LPL,POZ,4
LPL,SZZ,2
LPL,WAW,2
LPL,WMI,4
LPL,WRO,2
LPL,FAO,22
LPL,OPO,2
LPL,OTP,3
LPL,CLJ,2
LPL,IAS,2
LPL,KSC,2
LPL,ALC,18
LPL,BCN,9
LPL,FUE,1
LPL,IBZ,1
LPL,ACE,3
LPL,MAD,4
LPL,AGP,20
LPL,PMI,19
LPL,REU,3
LPL,TFS,7
LPL,ARN,2
LPL,GVA,1
LPL,AYT,5
LPL,BJV,2
LPL,DLM,7
LPL,IST,1
LPL,ADB,1
LPL,BHD,15
LPL,BFS,41
LPL,LDY,3
LPL,BQH,2
LPL,LTN,1
LPL,STN,1
LPL,MAN,1
LVM,NO,0
LVI,NBO,2
LVI,CPT,2
LVI,JNB,8
LVI,MQP,8
LVI,LUN,22
LJU,GRZ,1
LJU,BRU,7
LJU,SJJ,1
LJU,TZL,1
LJU,OSR,1
LJU,HRG,2
LJU,HEL,4
LJU,CDG,12
LJU,ORY,2
LJU,CGN,1
LJU,FRA,20
LJU,MUC,8
LJU,ATH,2
LJU,SMI,1
LJU,BLR,1
LJU,TLV,4
LJU,VBS,1
LJU,LIN,1
LJU,TRS,1
LJU,VCE,6
LJU,LUX,1
LJU,TGD,8
LJU,TIV,0
LJU,AMS,4
LJU,WAW,10
LJU,BEG,20
LJU,INI,3
LJU,ZRH,10
LJU,DJE,1
LJU,MIR,4
LJU,AYT,2
LJU,IST,13
LJU,DXB,5
LJU,LGW,7
LJU,LHR,7
LJU,LTN,3
LOK,EDL,19
LOK,WIL,7
LCJ,CRL,2
LCJ,HER,1
LCJ,DUB,2
LCJ,BGY,3
LCJ,ALC,2
LCJ,AYT,2
LCJ,LTN,2
LCJ,STN,6
LOE,DMK,12
LGU,SUN,1
LGU,LAS,1
LGU,MMV,0
LIW,RGN,5
LOH,UIO,28
LOP,BMU,16
LOP,DPS,56
LOP,HLP,2
LOP,CGK,77
LOP,SWQ,32
LOP,SUB,46
LOP,YIA,7
LOP,KUL,10
LOP,SIN,4
LFW,BRU,1
LFW,COO,11
LFW,OUA,8
LFW,DLA,8
LFW,NSI,2
LFW,ABJ,0
LFW,FIH,7
LFW,ADD,10
LFW,CDG,4
LFW,LBV,5
LFW,BER,1
LFW,ACC,22
LFW,BKO,8
LFW,CMN,1
LFW,NIM,5
LFW,ABV,8
LFW,LOS,10
LFW,DSS,10
LFW,EWR,5
LFW,IAD,4
LCY,ANR,7
LCY,BRU,1
LCY,SPU,0
LCY,PRG,8
LCY,BLL,9
LCY,EGC,0
LCY,MRS,1
LCY,NCE,13
LCY,LBG,1
LCY,BER,22
LCY,CGN,1
LCY,DUS,20
LCY,FRA,49
LCY,MUC,1
LCY,JMK,4
LCY,SKG,0
LCY,BUD,1
LCY,DUB,43
LCY,IOM,10
LCY,FLR,16
LCY,LIN,21
LCY,VNO,7
LCY,LUX,42
LCY,AMS,108
LCY,ENS,1
LCY,RTM,29
LCY,FAO,3
LCY,BCN,5
LCY,IBZ,20
LCY,AGP,8
LCY,PMI,9
LCY,GVA,15
LCY,ZRH,51
LCY,BHD,22
LCY,EDI,61
LCY,GLA,34
LGW,TIA,3
LGW,ANU,4
LGW,INN,3
LGW,SZG,8
LGW,VIE,15
LGW,BOJ,3
LGW,SOF,6
LGW,YYC,8
LGW,YUL,7
LGW,YYZ,13
LGW,YVR,7
LGW,BVC,4
LGW,SID,2
LGW,PVG,7
LGW,DBV,31
LGW,PUY,6
LGW,RJK,2
LGW,SPU,25
LGW,LCA,28
LGW,PFO,40
LGW,PRG,8
LGW,CPH,41
LGW,PUJ,7
LGW,HRG,10
LGW,SSH,13
LGW,TLL,3
LGW,HEL,6
LGW,BSL,16
LGW,BIA,2
LGW,BIQ,2
LGW,BOD,23
LGW,LRH,3
LGW,LIG,3
LGW,LYS,15
LGW,MRS,11
LGW,MPL,14
LGW,NTE,9
LGW,NCE,59
LGW,CDG,36
LGW,ORY,18
LGW,RNS,2
LGW,TLN,3
LGW,TLS,7
LGW,BER,23
LGW,FRA,16
LGW,HAM,9
LGW,MUC,10
LGW,GIB,15
LGW,PVK,10
LGW,ATH,35
LGW,CHQ,18
LGW,CFU,36
LGW,HER,32
LGW,KLX,2
LGW,KVA,4
LGW,EFL,16
LGW,KGS,23
LGW,LXS,1
LGW,JMK,13
LGW,MJT,1
LGW,RHO,39
LGW,SMI,1
LGW,JTR,21
LGW,JSI,4
LGW,SKG,24
LGW,ZTH,18
LGW,GCI,47
LGW,BUD,13
LGW,KEF,11
LGW,AMD,3
LGW,ATQ,3
LGW,COK,3
LGW,GOI,4
LGW,ORK,8
LGW,DUB,90
LGW,SNN,8
LGW,IOM,20
LGW,TLV,7
LGW,BRI,12
LGW,BLQ,6
LGW,BDS,3
LGW,CAG,10
LGW,CTA,23
LGW,FLR,17
LGW,GOA,3
LGW,SUF,1
LGW,BGY,4
LGW,LIN,6
LGW,MXP,42
LGW,NAP,24
LGW,OLB,13
LGW,PMO,7
LGW,PSA,20
LGW,FCO,58
LGW,TRN,12
LGW,VCE,31
LGW,VRN,25
LGW,KIN,4
LGW,MBJ,3
LGW,JER,34
LGW,RIX,14
LGW,MLA,34
LGW,MRU,4
LGW,CUN,14
LGW,TGD,2
LGW,TIV,5
LGW,AGA,8
LGW,CMN,8
LGW,RAK,32
LGW,TNG,3
LGW,AMS,77
LGW,OHD,2
LGW,BGO,14
LGW,OSL,29
LGW,SVG,10
LGW,TRD,6
LGW,KRK,16
LGW,WAW,1
LGW,FAO,77
LGW,FNC,15
LGW,LIS,38
LGW,OPO,29
LGW,PXO,1
LGW,DOH,16
LGW,OTP,7
LGW,UVF,8
LGW,JED,6
LGW,LJU,7
LGW,LCG,5
LGW,ALC,61
LGW,LEI,6
LGW,OVD,5
LGW,BCN,91
LGW,BIO,29
LGW,FUE,13
LGW,GRO,2
LGW,LPA,18
LGW,GRX,3
LGW,IBZ,44
LGW,XRY,1
LGW,SPC,1
LGW,ACE,33
LGW,MAD,50
LGW,MAH,33
LGW,AGP,92
LGW,RMU,16
LGW,PMI,70
LGW,REU,3
LGW,SCQ,9
LGW,SVQ,29
LGW,TFS,41
LGW,VLC,32
LGW,KRT,2
LGW,ARN,29
LGW,GVA,45
LGW,ZRH,16
LGW,POS,3
LGW,NBE,8
LGW,TUN,8
LGW,AYT,68
LGW,BJV,15
LGW,DLM,57
LGW,IST,29
LGW,ADB,6
LGW,DXB,24
LGW,ABZ,16
LGW,BHD,16
LGW,BFS,42
LGW,BHX,1
LGW,EDI,40
LGW,GLA,47
LGW,INV,23
LGW,MAN,1
LGW,NCL,1
LGW,NQY,22
LGW,BOS,8
LGW,FLL,3
LGW,LAS,4
LGW,MLB,3
LGW,JFK,32
LGW,MCO,20
LGW,TPA,8
LGW,IAD,7
LGW,HAN,1
LGW,SGN,1
LHR,TIA,9
LHR,ALG,13
LHR,EZE,6
LHR,PER,8
LHR,VIE,59
LHR,GYD,4
LHR,NAS,10
LHR,BAH,24
LHR,ZYL,5
LHR,BGI,13
LHR,BRU,50
LHR,BDA,8
LHR,GIG,4
LHR,GRU,16
LHR,SOF,11
LHR,YYC,16
LHR,YHZ,8
LHR,YUL,24
LHR,YYZ,48
LHR,YVR,15
LHR,SCL,4
LHR,PEK,13
LHR,PKX,12
LHR,CSX,4
LHR,TFU,2
LHR,CKG,4
LHR,CAN,8
LHR,TAO,5
LHR,PVG,32
LHR,SZX,6
LHR,XIY,2
LHR,BOG,8
LHR,DBV,4
LHR,PUY,1
LHR,SPU,12
LHR,ZAG,11
LHR,LCA,29
LHR,PFO,1
LHR,PRG,35
LHR,BLL,10
LHR,CPH,74
LHR,CAI,33
LHR,ADD,8
LHR,HEL,33
LHR,BSL,23
LHR,BIA,1
LHR,FSC,2
LHR,LYS,21
LHR,MRS,28
LHR,NCE,64
LHR,CDG,95
LHR,TLS,21
LHR,BER,38
LHR,CGN,21
LHR,DUS,57
LHR,FRA,120
LHR,HAM,47
LHR,HAJ,16
LHR,LEJ,1
LHR,MUC,94
LHR,NUE,7
LHR,STR,40
LHR,ACC,8
LHR,GIB,14
LHR,PVK,5
LHR,ATH,62
LHR,CHQ,7
LHR,CFU,17
LHR,HER,5
LHR,KLX,3
LHR,EFL,3
LHR,JMK,11
LHR,RHO,1
LHR,JTR,10
LHR,SKG,6
LHR,ZTH,3
LHR,HKG,51
LHR,BUD,30
LHR,KEF,21
LHR,BLR,8
LHR,MAA,8
LHR,DEL,52
LHR,HYD,7
LHR,BOM,45
LHR,CGK,1
LHR,IKA,3
LHR,ORK,32
LHR,DUB,137
LHR,NOC,8
LHR,SNN,23
LHR,IOM,8
LHR,TLV,45
LHR,BLQ,22
LHR,BDS,6
LHR,FLR,8
LHR,LIN,39
LHR,MXP,32
LHR,NAP,24
LHR,OLB,6
LHR,PMO,5
LHR,PEG,3
LHR,PSA,16
LHR,FCO,59
LHR,VCE,33
LHR,MBJ,4
LHR,HND,37
LHR,JER,35
LHR,AMM,16
LHR,SCO,5
LHR,NBO,19
LHR,KWI,25
LHR,BEY,16
LHR,LUX,12
LHR,KUL,16
LHR,MLE,4
LHR,MLA,17
LHR,MRU,6
LHR,MEX,16
LHR,CMN,11
LHR,RAK,2
LHR,AMS,123
LHR,ABV,8
LHR,LOS,16
LHR,OSL,58
LHR,SVG,7
LHR,MCT,8
LHR,ISB,8
LHR,KRK,6
LHR,WAW,44
LHR,FAO,15
LHR,FNC,7
LHR,LIS,83
LHR,OPO,11
LHR,DOH,54
LHR,OTP,24
LHR,KGL,4
LHR,JED,10
LHR,NUM,1
LHR,RUH,31
LHR,BEG,10
LHR,SIN,56
LHR,LJU,7
LHR,CPT,8
LHR,JNB,24
LHR,ICN,18
LHR,BCN,60
LHR,IBZ,18
LHR,MAD,102
LHR,AGP,19
LHR,PMI,23
LHR,TFS,5
LHR,VLC,11
LHR,CMB,8
LHR,GOT,20
LHR,ARN,68
LHR,GVA,89
LHR,ZRH,90
LHR,TPE,5
LHR,BKK,24
LHR,TUN,2
LHR,BJV,2
LHR,DLM,4
LHR,IST,75
LHR,SAW,4
LHR,AUH,32
LHR,DXB,72
LHR,DWC,1
LHR,ABZ,37
LHR,BHD,48
LHR,CWL,1
LHR,LDY,22
LHR,DND,13
LHR,EDI,87
LHR,GLA,69
LHR,INV,16
LHR,MAN,41
LHR,NCL,33
LHR,ATL,32
LHR,AUS,13
LHR,BWI,5
LHR,BOS,62
LHR,CLT,24
LHR,ORD,64
LHR,CVG,6
LHR,DFW,40
LHR,DEN,24
LHR,DTW,14
LHR,IAH,32
LHR,LAS,15
LHR,LAX,96
LHR,MIA,35
LHR,MSP,8
LHR,BNA,3
LHR,MSY,6
LHR,JFK,177
LHR,EWR,73
LHR,MCO,13
LHR,PHL,19
LHR,PHX,16
LHR,PIT,7
LHR,PDX,8
LHR,RDU,8
LHR,SLC,8
LHR,SAN,8
LHR,SFO,56
LHR,SJC,7
LHR,SEA,37
LHR,TPA,8
LHR,IAD,48
LHR,TAS,3
LHR,HAN,2
LHR,SGN,1
LTN,TIA,21
LTN,INN,1
LTN,BOJ,7
LTN,PDV,3
LTN,SOF,20
LTN,VAR,11
LTN,DBV,2
LTN,PUY,2
LTN,SPU,10
LTN,LCA,10
LTN,PFO,5
LTN,BRQ,1
LTN,PRG,18
LTN,BLL,1
LTN,RKE,1
LTN,HRG,5
LTN,SSH,3
LTN,TLL,2
LTN,BZR,3
LTN,BOD,4
LTN,CEQ,1
LTN,LME,1
LTN,LYS,8
LTN,NCE,19
LTN,ORE,1
LTN,CDG,26
LTN,LBG,2
LTN,TLN,1
LTN,BER,5
LTN,DUS,1
LTN,FRA,1
LTN,HAM,1
LTN,LEJ,2
LTN,SGE,1
LTN,PVK,1
LTN,ATH,12
LTN,CHQ,5
LTN,CFU,10
LTN,HER,6
LTN,KGS,1
LTN,JMK,1
LTN,RHO,8
LTN,JTR,2
LTN,JSI,1
LTN,SKG,4
LTN,ZTH,1
LTN,BUD,25
LTN,DEB,7
LTN,KEF,7
LTN,ORK,7
LTN,DUB,30
LTN,KIR,8
LTN,NOC,11
LTN,IOM,1
LTN,TLV,33
LTN,BLQ,4
LTN,CTA,8
LTN,LIN,1
LTN,MXP,9
LTN,NAP,11
LTN,OLB,2
LTN,PMO,2
LTN,PSA,7
LTN,VCE,6
LTN,JER,9
LTN,AMM,3
LTN,ALA,0
LTN,NQZ,1
LTN,PRN,8
LTN,RIX,10
LTN,KUN,14
LTN,VNO,14
LTN,MLA,4
LTN,KIV,8
LTN,AGA,3
LTN,RAK,2
LTN,AMS,50
LTN,RTM,1
LTN,LOS,1
LTN,SKP,3
LTN,BZG,5
LTN,GDN,16
LTN,KTW,16
LTN,KRK,18
LTN,LCJ,2
LTN,LUZ,13
LTN,SZY,2
LTN,POZ,8
LTN,RZE,4
LTN,WAW,23
LTN,WRO,12
LTN,FAO,29
LTN,LIS,32
LTN,OPO,7
LTN,BCM,8
LTN,OTP,28
LTN,CLJ,19
LTN,CND,2
LTN,CRA,12
LTN,IAS,23
LTN,SUJ,2
LTN,SBZ,8
LTN,SCV,12
LTN,TGM,2
LTN,TSR,10
LTN,JED,1
LTN,BEG,6
LTN,BTS,6
LTN,KSC,6
LTN,TAT,3
LTN,LJU,3
LTN,ALC,27
LTN,BCN,20
LTN,FUE,5
LTN,LPA,6
LTN,IBZ,10
LTN,ACE,7
LTN,MAD,3
LTN,MAH,5
LTN,AGP,36
LTN,RMU,10
LTN,PMI,38
LTN,SVQ,3
LTN,TFS,10
LTN,BMA,1
LTN,GVA,15
LTN,ZRH,6
LTN,NBE,2
LTN,AYT,8
LTN,BJV,5
LTN,DLM,10
LTN,GZT,1
LTN,IST,8
LTN,ADB,4
LTN,DWC,1
LTN,ABZ,10
LTN,BFS,30
LTN,EDI,27
LTN,FAB,1
LTN,GLA,22
LTN,INV,15
LTN,KOI,1
LTN,STN,1
LTN,MAN,1
LTN,NHT,1
LTN,BED,1
LTN,BOS,1
LOZ,CHA,1
LOZ,PPF,1
LDY,FAB,1
LDY,GLA,4
LDY,LPL,3
LDY,LHR,22
LDY,MAN,4
LDB,VCP,22
LDB,CWB,15
LDB,CGH,20
LDB,GRU,25
LDB,GTP,7
LKH,MUR,2
LKH,MYY,1
LGB,CSL,0
LGB,AUS,14
LGB,BXK,0
LGB,QTC,0
LGB,MDW,8
LGB,CEC,0
LGB,DAL,16
LGB,DEN,24
LGB,DLH,1
LGB,FUL,0
LGB,HNL,16
LGB,HOU,14
LGB,JAC,0
LGB,OGG,16
LGB,MCI,7
LGB,LAS,46
LGB,HSH,0
LGB,LVK,0
LGB,SDF,2
LGB,MRY,1
LGB,BNA,8
LGB,MSY,1
LGB,OAK,38
LGB,OCN,0
LGB,GYR,0
LGB,PHX,24
LGB,RNO,15
LGB,SMF,38
LGB,SLC,32
LGB,CLD,0
LGB,MYF,0
LGB,SJC,30
LGB,SNA,0
LGB,STS,0
LGB,STL,8
LGB,TOA,0
LGB,VNY,0
LGB,WVI,0
LGL,BBN,1
LGL,MUR,2
LGL,MYY,1
LNL,PKX,8
LNL,TFU,4
LNL,CKG,3
LNL,DNH,3
LNL,KWE,8
LNL,HGH,4
LNL,LHW,4
LNL,PVG,4
LNL,SZX,4
LNL,URC,4
LNL,XIY,4
LNL,XNN,4
LNL,INC,4
LRE,BNE,8
LRE,WIN,3
LCX,PKX,8
LCX,CSX,4
LCX,CAN,5
LCX,KMG,4
LCX,NKG,4
LCX,PVG,4
LYR,CDG,2
LYR,OSL,7
LYR,TOS,12
LDH,SYD,10
LTO,LAP,2
LTO,PPE,2
LTO,TIJ,7
LTO,LAX,4
LTO,PHX,4
LTO,CLD,0
LRT,LBG,1
LRT,TLS,6
LAX,BNE,8
LAX,MEL,12
LAX,SYD,34
LAX,VIE,4
LAX,BRU,3
LAX,LGG,2
LAX,BZE,3
LAX,YYC,41
LAX,YEG,10
LAX,YUL,28
LAX,YYZ,48
LAX,YVR,82
LAX,YWG,3
LAX,GCM,1
LAX,SCL,3
LAX,PEK,16
LAX,TFU,1
LAX,CAN,29
LAX,NKG,8
LAX,PVG,80
LAX,SZX,17
LAX,XMN,5
LAX,BOG,8
LAX,LIR,10
LAX,SJO,12
LAX,CPH,8
LAX,SAL,40
LAX,NAN,8
LAX,HEL,3
LAX,CDG,38
LAX,ORY,5
LAX,PPT,15
LAX,FRA,19
LAX,LEJ,5
LAX,MUC,8
LAX,GUA,28
LAX,HKG,12
LAX,DUB,8
LAX,TLV,7
LAX,MXP,1
LAX,CIA,1
LAX,FCO,8
LAX,KIX,9
LAX,HND,56
LAX,NRT,53
LAX,LUX,4
LAX,AGU,4
LAX,CSL,3
LAX,CUN,49
LAX,GDL,86
LAX,LTO,4
LAX,ZLO,1
LAX,MZT,3
LAX,MEX,69
LAX,MTY,2
LAX,MLM,6
LAX,OAX,4
LAX,PVR,33
LAX,SJD,76
LAX,BJX,5
LAX,UPN,1
LAX,ZCL,5
LAX,ZIH,2
LAX,OZZ,1
LAX,AMS,18
LAX,AKL,8
LAX,OSL,3
LAX,PTY,20
LAX,LIM,13
LAX,MNL,17
LAX,WAW,8
LAX,DOH,12
LAX,JED,3
LAX,SIN,12
LAX,ICN,57
LAX,BCN,4
LAX,MAD,5
LAX,ZRH,7
LAX,TPE,54
LAX,IST,16
LAX,DXB,8
LAX,PIK,1
LAX,LHR,0
LAX,ABQ,55
LAX,ANC,22
LAX,ACV,8
LAX,ASE,24
LAX,ATL,121
LAX,AUS,89
LAX,BWI,33
LAX,BLI,3
LAX,XNA,10
LAX,BIS,2
LAX,BMG,1
LAX,BOI,29
LAX,BOS,114
LAX,BZN,9
LAX,BUR,1
LAX,CID,3
LAX,CHS,8
LAX,CLT,61
LAX,MDW,39
LAX,ORD,156
LAX,RFD,1
LAX,CVG,15
LAX,CLE,16
LAX,CMH,7
LAX,DFW,148
LAX,DAL,59
LAX,APA,0
LAX,DEN,153
LAX,DSM,2
LAX,DTW,61
LAX,DLN,0
LAX,ELP,31
LAX,EUG,12
LAX,PAE,7
LAX,FLL,46
LAX,AFW,4
LAX,FAT,8
LAX,GJT,3
LAX,GRR,2
LAX,SUN,3
LAX,HNL,146
LAX,IAH,123
LAX,HOU,31
LAX,HYA,1
LAX,IPL,20
LAX,IND,18
LAX,JAC,16
LAX,JAX,4
LAX,OGG,70
LAX,FCA,8
LAX,MKC,0
LAX,MCI,36
LAX,KOA,50
LAX,LAS,247
LAX,LIH,41
LAX,LIT,3
LAX,LVK,0
LAX,LGB,1
LAX,SDF,11
LAX,MFE,2
LAX,MFR,11
LAX,MEM,29
LAX,MIA,81
LAX,MSP,80
LAX,MSO,10
LAX,MRY,16
LAX,BNA,50
LAX,MSY,37
LAX,JFK,222
LAX,EWR,143
LAX,SWF,1
LAX,ORF,2
LAX,OAK,107
LAX,OKC,16
LAX,OMA,11
LAX,MCO,75
LAX,PMD,0
LAX,PSC,3
LAX,PHL,64
LAX,PHX,152
LAX,PIT,8
LAX,PDX,109
LAX,PRC,8
LAX,PVD,2
LAX,PVU,2
LAX,RDU,17
LAX,RDD,8
LAX,RDM,15
LAX,RNO,60
LAX,RIC,4
LAX,SMF,104
LAX,SLC,96
LAX,SAT,51
LAX,SAN,49
LAX,CLD,1
LAX,SFO,298
LAX,SJC,114
LAX,SBP,6
LAX,SNA,1
LAX,SBA,17
LAX,STS,12
LAX,SCF,0
LAX,BFI,0
LAX,SEA,186
LAX,SHV,2
LAX,FSD,2
LAX,GEG,16
LAX,SGF,2
LAX,STL,31
LAX,TPA,20
LAX,TEB,4
LAX,TUS,49
LAX,TUL,10
LAX,VNY,0
LAX,IAD,53
LAX,DCA,32
LAX,ICT,3
LAX,BDL,8
LSN,NO,0
LMM,CUU,4
LMM,GDL,7
LMM,LAP,7
LMM,MEX,18
LMM,MTY,2
LMM,TIJ,14
LRV,CCS,33
LSZ,ZAG,1
LMO,QCY,1
LOW,PDK,1
LOW,APG,1
LFN,HHH,1
LFN,RDU,1
LOU,TRI,1
LOU,LUK,1
LOU,BKL,1
LOU,EKX,1
LOU,JLN,1
LOU,LOU,1
LOU,BFM,1
LOU,PTW,1
LOU,MBS,1
LOU,AWM,1
LMS,LIT,1
LAD,CAB,30
LAD,CBT,16
LAD,DUE,14
LAD,NOV,4
LAD,SVP,1
LAD,SDD,17
LAD,LUO,6
LAD,SPP,1
LAD,VPE,4
LAD,VHC,17
LAD,SZA,7
LAD,UGO,2
LAD,MSZ,7
LAD,GRU,5
LAD,PNR,5
LAD,FIH,6
LAD,ADD,7
LAD,CDG,5
LAD,LBV,2
LAD,FRA,3
LAD,CMN,4
LAD,MPM,4
LAD,WDH,6
LAD,LOS,4
LAD,LIS,24
LAD,OPO,3
LAD,DOH,4
LAD,TMS,1
LAD,CPT,7
LAD,JNB,12
LAD,MAD,3
LAD,DXB,7
LXG,VTE,23
LPQ,SZX,1
LPQ,HOE,0
LPQ,PKZ,1
LPQ,VTE,10
LPQ,DMK,8
LPQ,BKK,8
LPQ,CNX,3
LPQ,HAN,2
LBB,CSL,0
LBB,ABI,6
LBB,AXX,0
LBB,AUS,8
LBB,EDC,1
LBB,CNM,0
LBB,RFD,1
LBB,ADS,1
LBB,DFW,58
LBB,DAL,37
LBB,DEN,16
LBB,ELP,0
LBB,FYV,0
LBB,AFW,1
LBB,FTW,2
LBB,QTG,1
LBB,GUY,1
LBB,HOT,1
LBB,IAH,24
LBB,HOU,1
LBB,LAS,9
LBB,LIT,1
LBB,MEM,4
LBB,MAF,2
LBB,MTJ,0
LBB,PPA,1
LBB,ECP,1
LBB,PHX,10
LBB,SAT,1
LBB,PNX,1
LBB,TPL,1
LBC,SZG,1
LBC,RNN,1
LBC,RKE,2
LBC,BIA,1
LBC,FDH,1
LBC,MUC,11
LBC,CFU,1
LBC,HER,2
LBC,OLB,3
LBC,VCE,1
LBC,GRQ,1
LBC,BGO,2
LBC,MAH,3
LBC,PMI,3
LBC,BRN,2
LBC,AYT,2
LUZ,BOJ,1
LUZ,SPU,1
LUZ,DUB,2
LUZ,BGY,3
LUZ,GDN,2
LUZ,KTW,2
LUZ,WAW,4
LUZ,AYT,2
LUZ,LTN,13
LLJ,CGK,6
LCV,NO,0
LKO,AGR,4
LKO,AMD,19
LKO,IXD,8
LKO,ATQ,8
LKO,BLR,52
LKO,IXC,4
LKO,MAA,8
LKO,DED,10
LKO,DEL,94
LKO,GOX,2
LKO,GOI,8
LKO,GOP,6
LKO,GAU,4
LKO,HYD,16
LKO,IDR,16
LKO,JAI,9
LKO,CCU,26
LKO,BOM,51
LKO,NAG,8
LKO,PGH,4
LKO,PAT,8
LKO,PNQ,16
LKO,RPR,1
LKO,IXR,2
LKO,MCT,8
LKO,DMM,6
LKO,JED,3
LKO,RUH,7
LKO,DMK,3
LKO,DXB,11
LKO,SHJ,8
LUD,ERS,3
LUD,WDH,1
LUH,NO,0
LDM,GRR,1
LDM,IMT,1
LDM,TVC,1
LFK,HOU,1
LUG,DBV,1
LUG,CEQ,1
LUG,NCE,0
LUG,LBG,2
LUG,LTT,2
LUG,LHA,1
LUG,OLB,1
LUG,AMS,1
LUG,BCM,1
LUG,IBZ,1
LUG,GVA,2
LUG,ZRH,1
LUG,CBG,1
LUG,FAB,1
LUG,BQH,1
LUA,KTM,8
LLA,RVN,1
LLA,HER,1
LLA,GOT,2
LLA,PJA,12
LLA,ARN,88
LLA,BMA,1
LLA,UME,2
LLA,BRN,1
LLA,NHT,1
LBT,MTN,1
LBT,CHO,1
LBT,TEB,1
LBT,PBI,1
LBT,WGO,1
LYA,PKX,8
LYA,CTU,4
LYA,CKG,8
LYA,DLC,5
LYA,DYG,8
LYA,FOC,0
LYA,CAN,2
LYA,KWE,7
LYA,HAK,4
LYA,HGH,16
LYA,HRB,4
LYA,HET,12
LYA,SWA,1
LYA,KMG,6
LYA,KHN,12
LYA,NNG,4
LYA,SYX,4
LYA,SHA,8
LYA,PVG,8
LYA,SHE,8
LYA,SZX,8
LYA,URC,0
LYA,WEH,4
LYA,XMN,4
LYA,XNN,8
LYA,INC,12
LUN,GBE,2
LUN,FBM,0
LUN,ADD,11
LUN,NBO,11
LUN,LLW,3
LUN,DOH,6
LUN,KGL,8
LUN,DUR,2
LUN,JNB,66
LUN,DAR,6
LUN,DXB,8
LUN,JEK,13
LUN,UMB,6
LUN,LVI,22
LUN,MFU,24
LUN,NLA,46
LUN,RYL,3
LUN,SLI,19
LUN,HRE,27
LUW,CGK,1
LUW,UPG,24
LUW,MDC,1
LUW,PLW,1
LUX,SZG,1
LUX,VIE,19
LUX,GYD,9
LUX,BAH,1
LUX,ANR,2
LUX,VCP,6
LUX,GIG,1
LUX,GRU,4
LUX,BOJ,1
LUX,SOF,1
LUX,VAR,2
LUX,YMX,1
LUX,SID,1
LUX,PEK,2
LUX,PVG,11
LUX,CGO,9
LUX,DBV,1
LUX,ZAD,1
LUX,PRG,6
LUX,CPH,12
LUX,HRG,2
LUX,RMF,1
LUX,AJA,2
LUX,NCY,1
LUX,BSL,1
LUX,BIA,3
LUX,BIQ,3
LUX,CLY,2
LUX,CFE,1
LUX,FSC,2
LUX,EDM,1
LUX,MRS,4
LUX,ETZ,2
LUX,MPL,3
LUX,NCE,17
LUX,CDG,24
LUX,LBG,1
LUX,VIY,1
LUX,TLN,1
LUX,TLS,3
LUX,TBS,1
LUX,BER,17
LUX,FRA,35
LUX,HAM,9
LUX,HAJ,1
LUX,HDF,1
LUX,MUC,37
LUX,GWT,3
LUX,ATH,3
LUX,CHQ,1
LUX,CFU,3
LUX,HER,4
LUX,KGS,1
LUX,RHO,3
LUX,JTR,1
LUX,SKG,2
LUX,HKG,2
LUX,BUD,5
LUX,DUB,11
LUX,BRI,3
LUX,BLQ,2
LUX,BDS,2
LUX,CAG,2
LUX,CTA,2
LUX,FLR,3
LUX,SUF,3
LUX,BGY,6
LUX,LIN,1
LUX,MXP,30
LUX,NAP,2
LUX,OLB,2
LUX,PMO,2
LUX,PSR,2
LUX,RMI,2
LUX,CIA,1
LUX,FCO,8
LUX,VCE,8
LUX,KMQ,1
LUX,NRT,1
LUX,AMM,3
LUX,KWI,4
LUX,KUL,3
LUX,MLA,3
LUX,MEX,9
LUX,TIV,2
LUX,AGA,2
LUX,RBA,1
LUX,AMS,28
LUX,OSL,4
LUX,MCT,2
LUX,KRK,2
LUX,WAW,8
LUX,CAT,1
LUX,FAO,9
LUX,FNC,4
LUX,LIS,26
LUX,OPO,32
LUX,SJU,1
LUX,DOH,2
LUX,OTP,4
LUX,DMM,2
LUX,RUH,2
LUX,SIN,3
LUX,BTS,1
LUX,LJU,1
LUX,JNB,5
LUX,ICN,1
LUX,ALC,2
LUX,LEI,2
LUX,BCN,14
LUX,FUE,2
LUX,LPA,3
LUX,IBZ,2
LUX,XRY,1
LUX,ACE,2
LUX,MAD,12
LUX,MAH,2
LUX,AGP,8
LUX,PMI,18
LUX,SVQ,2
LUX,TFS,4
LUX,VLC,2
LUX,ZAZ,2
LUX,GOT,1
LUX,ARN,6
LUX,BMA,1
LUX,BRN,1
LUX,GVA,17
LUX,QYG,1
LUX,ZRH,21
LUX,TPE,5
LUX,DJE,5
LUX,NBE,2
LUX,MIR,3
LUX,TUN,1
LUX,AYT,5
LUX,IST,8
LUX,ADB,1
LUX,ASB,1
LUX,DWC,11
LUX,FAB,1
LUX,PIK,2
LUX,BQH,1
LUX,LCY,41
LUX,LHR,12
LUX,STN,7
LUX,ATL,4
LUX,ORD,5
LUX,DFW,2
LUX,HSV,1
LUX,IND,2
LUX,LAX,3
LUX,MIA,2
LUX,JFK,3
LUX,SEA,1
LXR,CAI,73
LXR,HRG,3
LXR,RMF,1
LXR,SSH,9
LXR,CDG,1
LXR,KWI,4
LXR,JED,6
LXR,MED,2
LZO,PKX,15
LZO,CSX,4
LZO,DLU,4
LZO,DCY,3
LZO,CAN,16
LZO,KWL,4
LZO,KWE,4
LZO,HAK,4
LZO,HGH,16
LZO,HFE,8
LZO,HUZ,1
LZO,SWA,2
LZO,TNA,4
LZO,JHG,8
LZO,KMG,14
LZO,LHW,4
LZO,LXA,5
LZO,LJG,4
LZO,KHN,3
LZO,NKG,8
LZO,NNG,8
LZO,NGB,16
LZO,TAO,4
LZO,SYX,7
LZO,SHA,8
LZO,PVG,8
LZO,SZX,16
LZO,SJW,4
LZO,TSN,4
LZO,URC,8
LZO,WNZ,4
LZO,WUH,8
LZO,WUX,4
LZO,XIY,8
LZO,XMN,6
LZO,XIC,8
LZO,XNN,8
LZO,INC,4
LZO,CGO,12
LZO,ZUH,7
LWO,NO,0
LYC,ARN,24
LYC,VHM,24
LYX,MPL,1
LYX,BQH,1
LYH,BWI,1
LYH,JZI,1
LYH,CLT,40
LYH,CHO,1
LYH,PGV,0
LYH,LYH,1
LYH,ROA,1
LYH,TEB,1
LYH,VNC,1
LYN,QXB,1
LYN,NCY,1
LYN,AUR,1
LYN,AUF,1
LYN,CEQ,4
LYN,CFE,1
LYN,LBY,1
LYN,LYN,2
LYN,MRS,1
LYN,MPL,1
LYN,FNI,1
LYN,LBG,1
LYN,VIY,2
LYN,PGF,1
LYN,RNS,1
LYN,EBU,1
LYN,SYT,1
LYN,LDE,1
LYN,TNF,1
LYN,VAF,2
LYN,CIA,1
LYN,TIV,1
LYN,FEZ,1
LYN,RBA,1
LYN,LCG,1
LYN,MAD,1
LYN,PNA,1
LYN,SIR,1
LYN,BQH,2
LYS,TIA,3
LYS,ALG,20
LYS,AAE,4
LYS,BLJ,1
LYS,BJA,6
LYS,BSK,1
LYS,CZL,5
LYS,ORN,10
LYS,QSF,13
LYS,TLM,2
LYS,EVN,2
LYS,VIE,9
LYS,BRU,18
LYS,YUL,5
LYS,DBV,3
LYS,SPU,6
LYS,PRG,2
LYS,CPH,2
LYS,HRG,1
LYS,AJA,12
LYS,BIA,11
LYS,BIQ,26
LYS,BOD,52
LYS,BES,23
LYS,CFR,20
LYS,FSC,6
LYS,LRH,4
LYS,LIL,17
LYS,LIG,13
LYS,MRS,22
LYS,NTE,47
LYS,NCE,22
LYS,CDG,57
LYS,PUF,18
LYS,RNS,19
LYS,SXB,19
LYS,TLS,40
LYS,CGN,1
LYS,DUS,6
LYS,FRA,26
LYS,LEJ,1
LYS,QCM,1
LYS,MUC,24
LYS,STR,10
LYS,ATH,7
LYS,CFU,3
LYS,HER,10
LYS,RHO,1
LYS,JTR,4
LYS,DUB,11
LYS,TLV,2
LYS,BRI,2
LYS,BLQ,9
LYS,CAG,1
LYS,CTA,2
LYS,FLR,2
LYS,BGY,2
LYS,MXP,11
LYS,NAP,7
LYS,OLB,2
LYS,PMO,7
LYS,FCO,20
LYS,VCE,13
LYS,AMM,2
LYS,BEY,2
LYS,MLA,6
LYS,TGD,2
LYS,AGA,3
LYS,CMN,12
LYS,FEZ,3
LYS,RAK,10
LYS,OUD,2
LYS,TNG,2
LYS,AMS,26
LYS,KRK,3
LYS,FAO,10
LYS,FNC,3
LYS,LIS,26
LYS,OPO,20
LYS,DOH,1
LYS,OTP,4
LYS,CLJ,2
LYS,DSS,3
LYS,BEG,2
LYS,ALC,2
LYS,BCN,17
LYS,ACE,3
LYS,MAD,26
LYS,MAH,4
LYS,AGP,8
LYS,PMI,16
LYS,SVQ,2
LYS,TFS,3
LYS,VLC,2
LYS,GOT,1
LYS,DJE,12
LYS,MIR,8
LYS,TUN,23
LYS,AYT,1
LYS,IST,15
LYS,SAW,15
LYS,DXB,8
LYS,EDI,3
LYS,LGW,15
LYS,LHR,21
LYS,LTN,8
LYS,QKY,1
LYS,EWR,1
LLV,PEK,8
LLV,PKX,8
LLV,TFU,8
LLV,CKG,4
LLV,DLC,8
LLV,KWE,8
LLV,KMG,8
LLV,LHW,4
LLV,TAO,4
LLV,PVG,4
LLV,SHE,8
LLV,TSN,4
LLV,XIY,8
LGS,NO,0
LNU,BPN,8
LUM,CSX,4
LUM,CTU,6
LUM,TFU,26
LUM,CKG,12
LUM,FOC,1
LUM,CAN,16
LUM,KWE,4
LUM,HGH,4
LUM,SWA,2
LUM,KMG,120
LUM,JJN,2
LUM,PVG,4
LUM,WUH,1
LUM,XIY,8
LUM,MDL,4
LZN,RMQ,24
LZN,TSA,64
LIN,HME,1
LIN,BRU,43
LIN,PRG,1
LIN,HEL,4
LIN,NCY,1
LIN,QYA,2
LIN,CLY,1
LIN,CFE,1
LIN,MRS,1
LIN,NCE,2
LIN,CDG,75
LIN,LBG,2
LIN,ORY,37
LIN,BER,23
LIN,DUS,13
LIN,FRA,58
LIN,HAM,8
LIN,MUC,16
LIN,RLG,1
LIN,STR,13
LIN,DUB,8
LIN,AHO,24
LIN,BRI,56
LIN,VBS,1
LIN,BDS,24
LIN,CAG,48
LIN,CTA,80
LIN,CUF,1
LIN,EBA,4
LIN,FOG,1
LIN,GRS,1
LIN,SUF,24
LIN,LMP,1
LIN,LIN,1
LIN,NAP,62
LIN,OLB,64
LIN,PMO,46
LIN,PNL,1
LIN,PEG,1
LIN,PSR,13
LIN,PSA,1
LIN,REG,16
LIN,CIA,4
LIN,FCO,99
LIN,TAR,1
LIN,TRS,2
LIN,TRN,1
LIN,MLA,8
LIN,AMS,54
LIN,SKP,1
LIN,LIS,1
LIN,BCM,1
LIN,BCN,2
LIN,IBZ,4
LIN,MAD,26
LIN,AGP,1
LIN,PMI,2
LIN,ARN,8
LIN,GVA,3
LIN,LUG,1
LIN,ZRH,1
LIN,AYT,1
LIN,IST,1
LIN,ISL,1
LIN,FAB,2
LIN,BQH,1
LIN,LCY,21
LIN,LGW,6
LIN,LHR,39
LIN,BOS,1
LMA,FAI,2
LOV,NO,0
LLY,FRG,1
LLY,MPO,1
LGA,AUA,1
LGA,NAS,8
LGA,BGI,1
LGA,BDA,8
LGA,YUL,115
LGA,YYZ,172
LGA,NCE,1
LGA,ALB,15
LGA,ABE,1
LGA,AVL,23
LGA,ATL,175
LGA,BGR,24
LGA,BED,2
LGA,XNA,13
LGA,BHM,28
LGA,BOS,169
LGA,BUF,57
LGA,BTV,15
LGA,CHS,44
LGA,CLT,122
LGA,CHO,35
LGA,MDW,61
LGA,ORD,208
LGA,CVG,57
LGA,CLE,57
LGA,CAE,15
LGA,CMH,77
LGA,DFW,132
LGA,DAL,31
LGA,DAY,14
LGA,DEN,120
LGA,DSM,20
LGA,DTW,98
LGA,FLL,92
LGA,GRR,21
LGA,BGM,15
LGA,GSO,50
LGA,GSP,36
LGA,HHH,9
LGA,IAH,110
LGA,HOU,23
LGA,HYA,8
LGA,IND,64
LGA,JAX,37
LGA,MCI,50
LGA,TYS,29
LGA,LIT,14
LGA,SDF,35
LGA,MSN,8
LGA,MVY,23
LGA,MEM,36
LGA,MIA,108
LGA,OPF,1
LGA,MKE,30
LGA,MSP,52
LGA,MMU,1
LGA,MYR,24
LGA,ACK,32
LGA,BNA,105
LGA,EWB,1
LGA,MSY,39
LGA,ORF,48
LGA,OKC,23
LGA,OMA,29
LGA,MCO,110
LGA,PNS,1
LGA,PIT,72
LGA,PWM,47
LGA,PVD,15
LGA,RDU,92
LGA,RIC,57
LGA,ROA,14
LGA,ROC,21
LGA,SRQ,8
LGA,SAV,23
LGA,RSW,31
LGA,STL,92
LGA,SYR,21
LGA,TPA,63
LGA,TEB,5
LGA,TVC,9
LGA,TTN,1
LGA,TUL,7
LGA,IAD,48
LGA,DCA,110
LGA,PBI,54
LGA,WST,1
LGA,HPN,1
LGA,ILM,45
LGA,BDL,7
LGA,ORH,7
LBF,PWK,0
LBF,DEN,13
LBF,BJC,0
LBF,JAC,0
LBF,OMA,2
LBF,XPR,0
LBF,SNY,0
LZY,PEK,8
LZY,CTU,16
LZY,TFU,24
LZY,CKG,18
LZY,CAN,4
LZY,WUH,6
LZY,XIY,8
LZY,XIC,8
LZY,ZHA,1
LLO,UPG,10
LBG,VIE,2
LBG,ANR,1
LBG,BRU,1
LBG,SOF,1
LBG,DBV,1
LBG,SPU,1
LBG,ZAD,1
LBG,PRG,1
LBG,SGD,1
LBG,SPX,1
LBG,AJA,3
LBG,BYF,2
LBG,AVN,2
LBG,BSL,1
LBG,BIQ,2
LBG,BOD,2
LBG,QYY,1
LBG,CFR,2
LBG,CEQ,2
LBG,CFE,2
LBG,FSC,1
LBG,EDM,1
LBG,CTT,1
LBG,LIL,1
LBG,MRS,1
LBG,MVV,1
LBG,HZB,1
LBG,ETZ,1
LBG,MPL,1
LBG,MXN,1
LBG,NCE,4
LBG,FNI,1
LBG,PIS,1
LBG,SBK,1
LBG,LTT,2
LBG,SXB,3
LBG,LDE,2
LBG,TLN,2
LBG,TNF,1
LBG,BER,4
LBG,QCD,2
LBG,DUS,1
LBG,HHN,1
LBG,HAM,1
LBG,QCI,1
LBG,LEJ,1
LBG,MHG,3
LBG,MUC,1
LBG,NUE,1
LBG,OBF,1
LBG,QCS,1
LBG,STR,1
LBG,ATH,2
LBG,HER,1
LBG,BUD,1
LBG,ORK,1
LBG,DUB,1
LBG,IOM,1
LBG,GOA,1
LBG,LIN,2
LBG,MXP,1
LBG,NAP,1
LBG,OLB,4
LBG,PSA,2
LBG,CIA,4
LBG,ALA,0
LBG,LUX,2
LBG,AGA,1
LBG,CMN,1
LBG,AMS,1
LBG,EIN,1
LBG,ENS,1
LBG,RTM,2
LBG,KTW,2
LBG,KRK,1
LBG,FAO,2
LBG,LIS,1
LBG,SMA,1
LBG,RUH,1
LBG,BEG,2
LBG,BTS,1
LBG,LEU,1
LBG,BCN,3
LBG,IBZ,2
LBG,MAD,3
LBG,MAH,1
LBG,AGP,1
LBG,VLL,1
LBG,BRN,1
LBG,GVA,3
LBG,QYL,1
LBG,QYN,1
LBG,SMV,1
LBG,ZRH,3
LBG,ISL,1
LBG,OGU,1
LBG,DWC,1
LBG,BHD,1
LBG,BHX,2
LBG,BRS,2
LBG,QUG,1
LBG,FAB,3
LBG,BQH,2
LBG,LTN,3
LBG,STN,1
LBG,BGR,3
LBG,BED,1
LBG,STL,1
LBG,TEB,3
LBG,IAD,1
LQK,ITH,1
LQM,FLA,1
LQM,PUU,2
LOT,PWK,2
LOT,CUH,1
LOT,QTB,1
LOT,IND,1
LOT,JVL,1
LOT,EWR,1
LOT,PHX,1
LOT,SNA,1
LOT,SCF,0
LOT,TEB,1
LTT,INN,1
LTT,AJA,1
LTT,QEF,1
LTT,NAP,1
LTT,QYE,1
LTT,GVA,2
LTT,QYL,2
LTT,LUG,2
LTT,SIR,1
LTT,ZRH,1
LUQ,AEP,10
LED,EVN,21
LED,GYD,12
LED,MSQ,26
LED,,0
LED,PEK,3
LED,TFU,3
LED,PVG,3
LED,HRG,4
LED,SSH,4
LED,IKA,2
LED,NQZ,6
LED,FRU,7
LED,OSS,10
LED,AAQ,7
LED,KVK,8
LED,ARH,21
LED,ASF,3
LED,BAX,5
LED,OGZ,3
LED,CSY,3
LED,CEK,31
LED,CEE,16
LED,GDZ,2
LED,RGK,2
LED,GRV,8
LED,IKT,24
LED,IWA,14
LED,IJK,10
LED,KGD,88
LED,KLF,7
LED,KZN,58
LED,KEJ,3
LED,KHV,3
LED,HMA,2
LED,KVX,3
LED,KMW,5
LED,KSZ,3
LED,KRR,9
LED,KJA,21
LED,KRO,2
LED,URS,2
LED,LPK,3
LED,IGT,3
LED,MCX,24
LED,MRV,44
LED,DME,79
LED,SVO,227
LED,VKO,122
LED,MMK,40
LED,NBC,3
LED,NYM,2
LED,NNM,5
LED,NJC,8
LED,GOJ,39
LED,NSK,5
LED,NOZ,5
LED,OVB,54
LED,NUX,3
LED,NOJ,2
LED,OMS,23
LED,REN,18
LED,PEZ,4
LED,PEE,30
LED,ROV,6
LED,SLY,4
LED,KUF,41
LED,SKX,4
LED,GSV,3
LED,AER,102
LED,OVS,1
LED,STW,3
LED,SGC,20
LED,SCW,23
LED,TBW,4
LED,RMZ,1
LED,TOF,1
LED,TJM,24
LED,UFA,60
LED,UCT,8
LED,ULV,6
LED,USK,4
LED,VVO,4
LED,VOG,26
LED,VGD,0
LED,VOZ,3
LED,YKS,2
LED,IAR,6
LED,SVX,80
LED,JOK,2
LED,RUH,1
LED,BEG,4
LED,DYU,11
LED,LBD,8
LED,TJU,0
LED,MIR,2
LED,TUN,0
LED,AYT,59
LED,BJV,2
LED,DLM,4
LED,IST,24
LED,SAW,8
LED,SIP,4
LED,DXB,16
LED,BHK,4
LED,FEG,1
LED,SKD,9
LED,TAS,12
LED,TMJ,1
LED,UGC,3
LSI,BGO,2
LSI,ABZ,43
LSI,DND,2
LSI,EDI,15
LSI,GLA,8
LSI,KOI,8
LDE,CRL,2
LDE,PRG,1
LDE,CCF,1
LDE,LYN,1
LDE,LBG,3
LDE,ORY,16
LDE,POX,1
LDE,RNS,3
LDE,TLS,2
LDE,ORK,2
LDE,DUB,3
LDE,NOC,1
LDE,CTA,2
LDE,BGY,4
LDE,MXP,2
LDE,NAP,2
LDE,PMO,3
LDE,CIA,2
LDE,FCO,2
LDE,MLA,2
LDE,QHB,1
LDE,KRK,2
LDE,BKK,1
LDE,LBA,1
LDE,STN,7
LNA,PIE,1
LNN,TEB,1
LNN,THA,0
LDS,PKX,8
LDS,DLC,3
LDS,SHE,7
LLF,PKX,4
LLF,CKG,4
LLF,HAK,4
