Departure,Arrival,Number of flights
MRI,MRI,0
MRI,HOM,0
MRI,AKN,0
MRI,NIB,4
MRI,SLQ,0
MRI,TKA,0
MRI,TEK,2
MMI,NO,0
MER,CYS,1
MTN,MTN,0
MTN,TRI,1
MTN,QQU,0
MTN,APA,0
MTN,YIP,1
MTN,ESN,1
MTN,FLL,1
MTN,FWA,1
MTN,FDK,1
MTN,MDT,1
MTN,LWB,1
MTN,BNA,0
MTN,PIT,1
MTN,SBY,1
MTN,SCE,1
MTN,IAD,1
MTN,BDL,1
MTN,ISW,0
MVW,YVR,0
MVW,EGE,0
MVW,HES,0
MVW,RAP,0
MVW,BFI,0
MVW,SGR,1
MVW,UES,0
MDH,MDH,0
MDH,CLT,1
MDH,STL,0
MHC,SCL,12
MPH,CRK,22
MPH,CEB,55
MPH,ENI,4
MPH,MNL,196
MPH,TPE,4
MAA,BAH,11
MAA,DAC,15
MAA,CSX,5
MAA,CTU,7
MAA,KMG,8
MAA,NNG,3
MAA,SZX,7
MAA,WUH,2
MAA,ADD,5
MAA,CDG,6
MAA,FRA,6
MAA,HKG,13
MAA,AMD,21
MAA,BLR,135
MAA,BBI,16
MAA,IXC,8
MAA,COK,46
MAA,CJB,63
MAA,DEL,141
MAA,RDP,7
MAA,GOI,8
MAA,GOX,0
MAA,GAU,24
MAA,HBX,8
MAA,HYD,100
MAA,IDR,8
MAA,JAI,8
MAA,JDH,8
MAA,CDP,4
MAA,CNN,8
MAA,CCU,53
MAA,CCJ,16
MAA,KJB,5
MAA,LKO,8
MAA,IXM,54
MAA,IXE,8
MAA,BOM,167
MAA,MYQ,12
MAA,NAG,5
MAA,PAT,8
MAA,IXZ,48
MAA,PNQ,34
MAA,RPR,4
MAA,RJA,8
MAA,IXR,8
MAA,SAG,7
MAA,IXB,16
MAA,STV,4
MAA,TRZ,31
MAA,TRV,24
MAA,TCR,28
MAA,BDQ,1
MAA,VNS,8
MAA,VGA,16
MAA,VTZ,15
MAA,KWI,24
MAA,KUL,41
MAA,RGN,1
MAA,AMS,3
MAA,MCT,24
MAA,DOH,20
MAA,DMM,2
MAA,JED,9
MAA,SIN,48
MAA,CMB,68
MAA,JAF,4
MAA,DMK,8
MAA,BKK,7
MAA,IST,3
MAA,AUH,34
MAA,DXB,44
MAA,SHJ,8
MAA,LHR,8
MDW,YZE,1
MDW,YHU,1
MDW,YTZ,7
MDW,YYZ,1
MDW,PUJ,6
MDW,MBJ,6
MDW,AGU,4
MDW,CSL,0
MDW,CUN,10
MDW,DGO,2
MDW,GDL,10
MDW,MLM,11
MDW,BJX,7
MDW,ZCL,7
MDW,SJU,6
MDW,CIW,1
MDW,CAK,2
MDW,ALB,15
MDW,ABQ,9
MDW,AVL,2
MDW,ATL,86
MDW,AUS,38
MDW,BWI,40
MDW,BTL,1
MDW,BIE,0
MDW,BHM,15
MDW,BOS,32
MDW,BUF,21
MDW,BUR,8
MDW,CHS,15
MDW,CLT,21
MDW,CHO,1
MDW,AUZ,0
MDW,PWK,0
MDW,MDW,0
MDW,ORD,0
MDW,UGN,1
MDW,LUK,1
MDW,CVG,29
MDW,CLE,35
MDW,COS,14
MDW,CAE,1
MDW,CMH,42
MDW,CXO,0
MDW,DFW,9
MDW,DAL,53
MDW,DEC,0
MDW,DEN,80
MDW,VPS,2
MDW,DET,2
MDW,DTW,51
MDW,YIP,2
MDW,EGV,0
MDW,FAR,0
MDW,FRG,1
MDW,FLL,25
MDW,FWA,2
MDW,GFK,1
MDW,GRR,24
MDW,GPZ,0
MDW,GRB,0
MDW,GSO,1
MDW,HAO,1
MDW,HHH,1
MDW,IAH,14
MDW,HOU,33
MDW,TYQ,1
MDW,JXN,1
MDW,JAX,8
MDW,AZO,0
MDW,MKC,1
MDW,MCI,58
MDW,TYS,2
MDW,LAS,83
MDW,LEX,1
MDW,LGB,9
MDW,LAX,44
MDW,SDF,23
MDW,MHT,14
MDW,MEM,14
MDW,MIA,25
MDW,MKE,0
MDW,MSP,88
MDW,MYR,10
MDW,ACK,3
MDW,BNA,48
MDW,HVN,2
MDW,MSY,24
MDW,LGA,59
MDW,EWR,1
MDW,ORF,15
MDW,OAK,16
MDW,OKC,16
MDW,OMA,38
MDW,ONT,8
MDW,MCO,71
MDW,SFB,1
MDW,OXC,1
MDW,ECP,3
MDW,PNS,1
MDW,PHL,36
MDW,PHX,67
MDW,PIT,35
MDW,PSF,1
MDW,PDX,16
MDW,PWM,8
MDW,PVD,14
MDW,PVU,0
MDW,PGD,2
MDW,RDU,23
MDW,RIC,14
MDW,ROC,14
MDW,LOT,0
MDW,SMF,15
MDW,SLC,16
MDW,SAT,15
MDW,SAN,30
MDW,SFO,8
MDW,SJC,14
MDW,SRQ,8
MDW,SAV,12
MDW,SCF,0
MDW,SEA,16
MDW,SBM,0
MDW,SHV,0
MDW,RSW,24
MDW,SUS,0
MDW,SGF,0
MDW,STL,52
MDW,STP,0
MDW,TPA,42
MDW,TEB,4
MDW,TVC,1
MDW,TTN,1
MDW,TUS,2
MDW,TUL,15
MDW,VNY,1
MDW,IAD,24
MDW,DCA,48
MDW,CWA,0
MDW,PBI,2
MDW,FOK,1
MDW,HPN,2
MDW,ICT,0
MDW,BDL,16
MRC,NO,0
MME,CFU,1
MME,JER,1
MME,AMS,20
MME,SVG,1
MME,FAO,3
MME,BTS,1
MME,ALC,2
MME,AGP,1
MME,PMI,4
MME,ABZ,7
MME,LBA,1
MGY,MGY,1
MGY,ITH,1
MGY,ISM,1
MGY,PHF,1
MGL,SZG,1
MGL,LBG,1
MGL,QEF,1
MGL,OBF,1
MGL,STR,1
MGL,ZTH,1
MGL,OLB,1
MGL,CIA,1
MGL,RIX,1
MGL,VNO,1
MGL,AMS,1
MGL,ACH,1
MGL,ZRH,1
MGL,QKT,1
MRQ,NO,0
MDT,ATL,23
MDT,AVP,1
MDT,MTN,1
MDT,BOS,7
MDT,QQF,1
MDT,CLT,44
MDT,ORD,32
MDT,RFD,1
MDT,CVG,2
MDT,DFW,8
MDT,DSM,0
MDT,DTW,8
MDT,FLL,1
MDT,GED,1
MDT,HAO,1
MDT,IND,2
MDT,AZO,1
MDT,GGG,0
MDT,SDF,2
MDT,MEM,1
MDT,MYR,3
MDT,BNA,3
MDT,EWR,17
MDT,MCO,2
MDT,SFB,6
MDT,PHL,33
MDT,PGD,2
MDT,RIC,1
MDT,SRQ,2
MDT,PIE,4
MDT,TOL,1
MDT,BDL,1
MKL,ATL,20
MKL,AUS,1
MKL,DFW,0
MKL,HOT,0
MKL,MEM,1
MKL,BNA,0
MKL,QQN,0
MKL,UCY,0
MJQ,NO,0
MCI,CUN,7
MCI,ABQ,7
MCI,ATL,82
MCI,ACY,1
MCI,AUS,23
MCI,BWI,17
MCI,BOS,24
MCI,CID,0
MCI,CLT,28
MCI,MDW,59
MCI,ORD,64
MCI,RFD,1
MCI,CVG,3
MCI,DFW,51
MCI,DAL,47
MCI,DEN,97
MCI,VPS,3
MCI,DTW,31
MCI,DDC,1
MCI,EAU,0
MCI,FRG,1
MCI,FLL,8
MCI,AFW,0
MCI,IAH,26
MCI,HOU,17
MCI,IND,15
MCI,MKC,0
MCI,LAS,44
MCI,LGB,8
MCI,LAX,37
MCI,SDF,3
MCI,MEM,2
MCI,MIA,8
MCI,MKE,0
MCI,MSP,34
MCI,MYR,1
MCI,BNA,26
MCI,MSY,9
MCI,JFK,16
MCI,LGA,51
MCI,EWR,16
MCI,OAK,8
MCI,MCO,33
MCI,ECP,3
MCI,PNS,8
MCI,PHL,16
MCI,PHX,53
MCI,PDX,8
MCI,PGD,2
MCI,RDU,1
MCI,SLC,23
MCI,SAT,1
MCI,SAN,16
MCI,SFO,8
MCI,SNA,0
MCI,SEA,26
MCI,PNX,0
MCI,RSW,3
MCI,SGF,1
MCI,STL,28
MCI,PIE,2
MCI,TPA,17
MCI,IAD,8
MCI,DCA,44
MKC,NAS,1
MKC,AUS,0
MKC,BED,1
MKC,CLT,1
MKC,AUZ,1
MKC,DPA,0
MKC,MDW,1
MKC,ORD,1
MKC,LUK,2
MKC,CEU,1
MKC,COS,0
MKC,CMH,1
MKC,RBD,0
MKC,DAL,0
MKC,APA,2
MKC,DEN,0
MKC,EVV,0
MKC,FLG,0
MKC,FXE,1
MKC,FCA,1
MKC,MKC,0
MKC,TYS,1
MKC,LWM,1
MKC,LIT,0
MKC,MEM,0
MKC,FCM,1
MKC,MSP,0
MKC,MSO,0
MKC,QTH,0
MKC,PWA,0
MKC,SLC,0
MKC,SUS,1
MKC,SGF,0
MKC,TEB,2
MKC,TWF,0
MKC,VNY,0
MKC,BDL,1
MPA,ERS,8
MKK,HNL,103
MKK,OGG,62
MKK,LUP,21
MKK,LNY,4
MQJ,YKS,3
MRW,DUS,1
MAS,KVG,1
MAS,LAE,1
MAS,MAG,1
MAS,POM,3
MAS,WWK,1
MST,CDG,1
MST,AMS,1
MST,ZAZ,2
MST,IST,10
MEA,NO,0
MCP,BEL,27
MCP,BSB,15
MCP,GTP,7
MFM,PNH,3
MFM,PEK,16
MFM,PKX,4
MFM,CZX,7
MFM,TFU,8
MFM,CKG,4
MFM,HAK,3
MFM,HGH,24
MFM,NKG,22
MFM,NNG,1
MFM,NTG,4
MFM,NGB,8
MFM,TAO,4
MFM,JJN,6
MFM,SHA,36
MFM,PVG,55
MFM,TYN,2
MFM,TSN,4
MFM,WNZ,3
MFM,WUH,4
MFM,WUX,16
MFM,XMN,9
MFM,NGO,2
MFM,KIX,4
MFM,NRT,4
MFM,FRU,3
MFM,KUL,8
MFM,ROR,3
MFM,CRK,0
MFM,MNL,16
MFM,DOH,1
MFM,SIN,13
MFM,PUS,7
MFM,ICN,14
MFM,KHH,9
MFM,TPE,38
MFM,DMK,24
MFM,BKK,11
MFM,UTP,1
MFM,DAD,6
MFM,HAN,2
MFM,CXR,4
MCZ,EZE,1
MCZ,CNF,5
MCZ,BSB,20
MCZ,VCP,15
MCZ,FOR,8
MCZ,GYN,1
MCZ,NAT,3
MCZ,REC,32
MCZ,RAO,1
MCZ,GIG,8
MCZ,SDU,1
MCZ,SSA,6
MCZ,SJP,1
MCZ,CGH,8
MCZ,GRU,49
MCZ,UDI,1
MCZ,GTP,7
MKY,BNE,74
MKY,CNS,2
MKY,MEL,2
MKY,ROK,13
MKY,MCY,4
MKY,TSV,18
MCD,NO,0
MCN,BWI,16
MCN,CUB,1
MCN,GPT,1
MCN,LEE,1
MCN,RED,1
MAC,MAC,1
MAC,SRQ,1
MAC,SAV,1
MAG,LAE,4
MAG,MAS,1
MAG,POM,15
MAG,WWK,9
MAE,CVO,0
MAE,WVI,0
MSN,ATL,23
MSN,CLT,25
MSN,MDW,0
MSN,ORD,63
MSN,LUK,1
MSN,CMH,1
MSN,DFW,24
MSN,DAL,0
MSN,APA,0
MSN,DEN,21
MSN,DSM,0
MSN,DTW,31
MSN,EAU,1
MSN,ESC,0
MSN,FRG,1
MSN,GRB,3
MSN,HYR,1
MSN,MKC,0
MSN,LSE,0
MSN,LGU,0
MSN,SDF,6
MSN,MEM,1
MSN,MKE,0
MSN,FCM,1
MSN,MSP,31
MSN,LGA,8
MSN,EWR,8
MSN,ORL,1
MSN,PHL,8
MSN,PHX,8
MSN,RAC,0
MSN,SFO,1
MSN,SJC,0
MSN,SUX,0
MSN,CPS,0
MSN,STL,0
MSN,STP,0
MSN,TVC,1
MSN,IAD,2
MSN,DCA,15
MSN,CWA,1
MAD,TIA,2
MAD,AZR,1
MAD,ALG,1
MAD,HME,2
MAD,LAD,3
MAD,EZE,33
MAD,VIE,32
MAD,BRU,76
MAD,CRL,5
MAD,LGG,5
MAD,CBB,2
MAD,VVI,6
MAD,GIG,3
MAD,SSA,3
MAD,GRU,24
MAD,SOF,11
MAD,YUL,4
MAD,YYZ,10
MAD,SID,2
MAD,SCL,17
MAD,PEK,5
MAD,CKG,3
MAD,HGH,6
MAD,PVG,5
MAD,BOG,58
MAD,CLO,4
MAD,MDE,10
MAD,SJO,10
MAD,DBV,8
MAD,ZAG,2
MAD,HAV,20
MAD,SCU,2
MAD,PRG,13
MAD,BLL,2
MAD,CPH,14
MAD,PUJ,9
MAD,SDQ,16
MAD,GYE,3
MAD,UIO,12
MAD,CAI,10
MAD,LXR,3
MAD,SSG,1
MAD,HEL,8
MAD,BSL,8
MAD,BOD,21
MAD,FSC,1
MAD,LME,1
MAD,LYS,27
MAD,MRS,30
MAD,NTE,24
MAD,NCE,24
MAD,BVA,6
MAD,CDG,76
MAD,LBG,3
MAD,ORY,100
MAD,SXB,7
MAD,TLN,1
MAD,TLS,22
MAD,KUT,3
MAD,BER,29
MAD,CGN,2
MAD,DRS,1
MAD,DUS,30
MAD,FRA,73
MAD,HAM,15
MAD,FKB,1
MAD,LEJ,2
MAD,MUC,64
MAD,STR,1
MAD,ATH,26
MAD,HER,0
MAD,JMK,0
MAD,JTR,0
MAD,GUA,7
MAD,XPL,2
MAD,SAP,3
MAD,HKG,2
MAD,BUD,19
MAD,KEF,6
MAD,DUB,30
MAD,TLV,39
MAD,AHO,3
MAD,BRI,3
MAD,BLQ,27
MAD,BDS,2
MAD,CAG,4
MAD,CTA,3
MAD,FLR,16
MAD,GOA,1
MAD,BGY,14
MAD,LIN,26
MAD,MXP,44
MAD,NAP,17
MAD,OLB,6
MAD,PMO,3
MAD,PSA,4
MAD,FCO,114
MAD,TRS,1
MAD,TRN,18
MAD,VCE,35
MAD,AMM,8
MAD,KWI,4
MAD,RIX,3
MAD,BEY,4
MAD,KUN,2
MAD,LUX,13
MAD,MLA,9
MAD,MRU,0
MAD,CUN,11
MAD,GDL,8
MAD,MEX,40
MAD,MTY,8
MAD,AGA,2
MAD,CMN,37
MAD,ESU,2
MAD,FEZ,5
MAD,RAK,24
MAD,NDR,6
MAD,RBA,6
MAD,TNG,24
MAD,TTU,2
MAD,AMS,71
MAD,EIN,3
MAD,OSL,10
MAD,PTY,11
MAD,ASU,8
MAD,LIM,31
MAD,KRK,4
MAD,WAW,12
MAD,WMI,4
MAD,FAO,7
MAD,FNC,3
MAD,LIS,152
MAD,OPO,89
MAD,SJU,6
MAD,DOH,20
MAD,OTP,22
MAD,CLJ,6
MAD,CRA,4
MAD,IAS,3
MAD,TSR,2
MAD,JED,5
MAD,DSS,9
MAD,BEG,4
MAD,BTS,1
MAD,ICN,5
MAD,LCG,66
MAD,ALC,37
MAD,LEI,20
MAD,LEU,2
MAD,OVD,35
MAD,BJZ,14
MAD,BCN,127
MAD,BIO,73
MAD,CDT,6
MAD,FUE,25
MAD,GRO,4
MAD,LPA,109
MAD,GRX,19
MAD,IBZ,69
MAD,XRY,25
MAD,SPC,12
MAD,ACE,37
MAD,RJL,7
MAD,MAH,29
MAD,AGP,57
MAD,MLN,27
MAD,PMI,161
MAD,PNA,17
MAD,EAS,24
MAD,SDR,26
MAD,SCQ,32
MAD,SVQ,32
MAD,TFN,99
MAD,TFS,22
MAD,VLC,36
MAD,VGO,66
MAD,ZAZ,1
MAD,ARN,11
MAD,GVA,43
MAD,ZRH,48
MAD,TUN,8
MAD,IST,30
MAD,ISL,1
MAD,SAW,13
MAD,NAV,1
MAD,AUH,8
MAD,DXB,8
MAD,DWC,3
MAD,BHX,2
MAD,BRS,9
MAD,EDI,14
MAD,FAB,1
MAD,LPL,4
MAD,LGW,50
MAD,LHR,102
MAD,STN,24
MAD,MAN,9
MAD,ATL,8
MAD,BOS,8
MAD,CLT,8
MAD,ORD,8
MAD,DFW,16
MAD,LAX,5
MAD,MIA,32
MAD,JFK,35
MAD,EWR,8
MAD,PHL,4
MAD,SFO,4
MAD,IAD,13
MAD,MVD,10
MAD,CCS,10
MAQ,DMK,16
MFA,DAR,53
MFA,KIY,3
MGN,NO,0
MQF,KZN,2
MQF,KUF,2
MJN,TNR,3
MJN,DZA,4
MBD,NO,0
MAH,CRL,2
MAH,PRG,3
MAH,BSL,3
MAH,BOD,4
MAH,LIL,2
MAH,LYS,4
MAH,MRS,9
MAH,NTE,3
MAH,CDG,2
MAH,ORY,10
MAH,TLS,5
MAH,CGN,3
MAH,DUS,5
MAH,FRA,4
MAH,HAJ,2
MAH,LBC,3
MAH,MUC,4
MAH,STR,1
MAH,DUB,2
MAH,BLQ,3
MAH,BGY,4
MAH,LIN,1
MAH,MXP,7
MAH,NAP,3
MAH,FCO,4
MAH,TSF,2
MAH,VRN,1
MAH,LUX,2
MAH,AMS,3
MAH,LIS,9
MAH,OPO,3
MAH,BTS,1
MAH,LCG,2
MAH,ALC,4
MAH,OVD,4
MAH,BCN,69
MAH,BIO,14
MAH,LPA,1
MAH,IBZ,3
MAH,MAD,29
MAH,AGP,3
MAH,RMU,3
MAH,PMI,78
MAH,EAS,2
MAH,SDR,2
MAH,SCQ,2
MAH,SVQ,4
MAH,VLC,22
MAH,ZAZ,3
MAH,GVA,3
MAH,ACH,1
MAH,ZRH,3
MAH,BFS,3
MAH,BHX,11
MAH,BOH,3
MAH,BRS,10
MAH,CWL,2
MAH,EDI,2
MAH,EXT,2
MAH,GLA,2
MAH,LBA,5
MAH,LGW,33
MAH,LTN,5
MAH,STN,14
MAH,MAN,20
MAH,NCL,6
MAH,NWI,3
MAH,EMA,9
MRX,MHD,1
MRX,SYZ,1
MRX,THR,4
MIU,ABV,22
MIU,LOS,5
MMO,RAI,4
MTL,NO,0
MAJ,TRW,2
MAJ,AUL,1
MAJ,EBO,1
MAJ,JAT,1
MAJ,UIT,2
MAJ,JEJ,1
MAJ,KWA,4
MAJ,MJE,1
MAJ,MAV,1
MAJ,MJB,1
MAJ,MIJ,1
MAJ,UTK,2
MAJ,WTE,1
MAJ,PNI,6
MAJ,HNL,4
MKP,HHZ,1
MKP,PPT,1
MCX,GYD,2
MCX,TLV,4
MCX,SCO,1
MCX,FRU,2
MCX,CEK,2
MCX,KZN,6
MCX,KJA,2
MCX,MRV,3
MCX,DME,49
MCX,SVO,43
MCX,VKO,14
MCX,ZIA,2
MCX,NJC,1
MCX,GOJ,2
MCX,OVB,8
MCX,NUX,3
MCX,OMS,3
MCX,REN,1
MCX,PEE,4
MCX,KUF,2
MCX,AER,4
MCX,LED,24
MCX,SGC,2
MCX,TJM,2
MCX,UFA,4
MCX,SVX,14
MCX,JED,0
MCX,AYT,8
MCX,IST,8
MCX,DXB,12
MCX,BHK,1
MCX,NMA,2
MCX,TAS,1
MKZ,PKU,7
MAK,NO,0
MLG,HLP,34
MLG,CGK,11
MLX,JED,0
MLX,MED,1
MLX,ESB,12
MLX,IST,24
MLX,SAW,15
MLX,ADB,3
MAW,NO,0
MLE,BAH,8
MLE,DAC,6
MLE,PKX,3
MLE,CTU,4
MLE,PVG,4
MLE,FRA,2
MLE,BLR,8
MLE,COK,13
MLE,BOM,16
MLE,TRV,5
MLE,FCO,1
MLE,KUL,9
MLE,DDD,38
MLE,DRV,80
MLE,FND,3
MLE,FVM,16
MLE,GAN,38
MLE,HAQ,39
MLE,HRF,3
MLE,IFU,16
MLE,KDM,24
MLE,KDO,40
MLE,GKK,38
MLE,HDK,8
MLE,VAM,40
MLE,RUL,2
MLE,TMF,3
MLE,DOH,24
MLE,SVO,5
MLE,JED,1
MLE,RUH,1
MLE,SIN,16
MLE,CMB,62
MLE,ZRH,1
MLE,DMK,8
MLE,IST,6
MLE,AUH,16
MLE,DXB,43
MLE,LHR,4
MYD,ASV,10
MYD,LAU,11
MYD,NBO,26
MYD,WIL,24
MYD,UKA,3
MMX,TIA,2
MMX,ANR,2
MMX,TZL,3
MMX,ZAG,5
MMX,LCA,1
MMX,RKE,1
MMX,HEL,1
MMX,QEQ,1
MMX,CGN,2
MMX,FRA,1
MMX,CHQ,1
MMX,HER,1
MMX,RHO,1
MMX,BUD,3
MMX,DUB,1
MMX,PRN,1
MMX,OHD,2
MMX,SKP,4
MMX,OSL,1
MMX,SVG,1
MMX,GDN,5
MMX,KTW,2
MMX,WAW,2
MMX,OTP,2
MMX,CLJ,4
MMX,BEG,4
MMX,INI,2
MMX,PMI,2
MMX,GOT,2
MMX,QEL,3
MMX,MMX,2
MMX,ARN,46
MMX,BMA,49
MMX,VBY,2
MMX,AYT,1
MLA,VIE,13
MLA,BRU,8
MLA,CRL,4
MLA,SOF,4
MLA,ZAG,5
MLA,LCA,8
MLA,PFO,2
MLA,PRG,3
MLA,BLL,2
MLA,BOD,2
MLA,LYS,7
MLA,MRS,9
MLA,NTE,2
MLA,NCE,3
MLA,BVA,2
MLA,CDG,11
MLA,LBG,1
MLA,ORY,16
MLA,LDE,2
MLA,TLS,4
MLA,BER,3
MLA,CGN,2
MLA,DUS,4
MLA,FRA,18
MLA,HAM,1
MLA,FKB,1
MLA,FMM,2
MLA,MUC,21
MLA,ATH,10
MLA,CHQ,3
MLA,SKG,5
MLA,BUD,11
MLA,DUB,4
MLA,SNN,2
MLA,TLV,6
MLA,BRI,11
MLA,BLQ,16
MLA,CAG,4
MLA,CTA,29
MLA,SUF,5
MLA,BGY,5
MLA,LIN,9
MLA,MXP,6
MLA,NAP,14
MLA,PMO,4
MLA,PMF,2
MLA,PEG,3
MLA,PSR,4
MLA,PSA,4
MLA,CIA,12
MLA,FCO,23
MLA,TPS,6
MLA,TRS,2
MLA,TRN,3
MLA,TSF,10
MLA,RIX,4
MLA,BEN,2
MLA,MRA,1
MLA,MJI,5
MLA,VNO,2
MLA,LUX,3
MLA,MLA,1
MLA,AMS,9
MLA,EIN,2
MLA,SKP,2
MLA,GDN,3
MLA,KTW,2
MLA,KRK,2
MLA,POZ,2
MLA,WAW,4
MLA,WMI,3
MLA,WRO,3
MLA,LIS,3
MLA,OPO,4
MLA,OTP,6
MLA,CLJ,3
MLA,BEG,9
MLA,INI,2
MLA,BTS,4
MLA,BCN,8
MLA,MAD,9
MLA,SVQ,2
MLA,VLC,4
MLA,ARN,3
MLA,BRN,1
MLA,GVA,5
MLA,ZRH,15
MLA,TUN,6
MLA,IST,16
MLA,BHX,6
MLA,BOH,2
MLA,BRS,3
MLA,EDI,3
MLA,GLA,2
MLA,LBA,2
MLA,LPL,2
MLA,BQH,1
MLA,LGW,34
MLA,LHR,17
MLA,LTN,4
MLA,STN,10
MLA,MAN,19
MLA,NCL,1
MLA,EMA,2
MBO,NO,0
MMH,QTC,0
MMH,MMH,0
MMH,VGT,0
MMH,SFO,0
MMH,SNA,1
MJU,BPN,3
MJU,UPG,24
MNF,NO,0
MDC,FOC,2
MDC,CAN,2
MDC,NKG,3
MDC,BPN,2
MDC,MWS,1
MDC,DPS,1
MDC,CGK,49
MDC,KAZ,3
MDC,LUW,1
MDC,UPG,46
MDC,SOQ,8
MDC,SUB,8
MDC,NAH,3
MDC,TTE,26
MDC,NRT,1
MDC,SIN,4
MGA,SJO,5
MGA,HAV,12
MGA,SAL,35
MGA,MEX,8
MGA,BEF,16
MGA,RNI,16
MGA,PUZ,6
MGA,BZA,1
MGA,PTY,17
MGA,LCK,1
MGA,FLL,8
MGA,IAH,8
MGA,MIA,37
MNZ,CIA,1
MNZ,AEX,0
MNZ,BWI,5
MNZ,BFP,1
MNZ,CHO,2
MNZ,QQP,1
MNZ,CMH,1
MNZ,MGY,1
MNZ,GVE,1
MNZ,GSO,11
MNZ,HKS,0
MNZ,JAX,1
MNZ,ISM,2
MNZ,LOU,1
MNZ,MNZ,2
MNZ,OPF,1
MNZ,NTU,1
MNZ,PKB,1
MNZ,AGC,1
MNZ,RDG,14
MNZ,SAV,0
MNZ,SHD,1
MNZ,RVS,0
MNZ,PBI,0
MNZ,ILG,1
MAO,IUP,3
MAO,BAZ,3
MAO,BEL,14
MAO,BVB,7
MAO,RBB,1
MAO,BSB,32
MAO,VCP,39
MAO,CAF,2
MAO,CIZ,5
MAO,SJL,2
MAO,ERN,3
MAO,FOR,8
MAO,ITB,3
MAO,LBR,3
MAO,MNX,3
MAO,MBZ,3
MAO,PIN,5
MAO,TMT,0
MAO,PVH,18
MAO,REC,8
MAO,RBR,1
MAO,GIG,2
MAO,SSA,1
MAO,STM,6
MAO,GRU,39
MAO,TBT,4
MAO,TFF,7
MAO,BOG,7
MAO,MDE,4
MAO,UIO,5
MAO,PTY,4
MAO,LIM,1
MAO,FLL,3
MAO,GTP,7
MAO,MIA,3
MAO,PZO,2
MAN,INN,1
MAN,SZG,1
MAN,VIE,9
MAN,BAH,5
MAN,ZYL,3
MAN,BRU,14
MAN,CRL,15
MAN,BOJ,11
MAN,SOF,2
MAN,YYZ,6
MAN,BVC,2
MAN,SID,3
MAN,PEK,5
MAN,DBV,9
MAN,PUY,2
MAN,SPU,9
MAN,ZAD,2
MAN,ZAG,2
MAN,VRA,2
MAN,LCA,17
MAN,PFO,26
MAN,PRG,14
MAN,AAR,1
MAN,BLL,12
MAN,CPH,37
MAN,PUJ,4
MAN,HRG,8
MAN,SSH,8
MAN,HEL,9
MAN,BSL,7
MAN,EGC,1
MAN,BZR,3
MAN,BOD,8
MAN,CCF,6
MAN,DNR,1
MAN,LIG,4
MAN,MRS,3
MAN,NTE,4
MAN,NCE,10
MAN,BVA,9
MAN,CDG,53
MAN,ORY,8
MAN,BER,17
MAN,CGN,8
MAN,DUS,16
MAN,FRA,28
MAN,HAM,3
MAN,MUC,21
MAN,GIB,8
MAN,PVK,10
MAN,ATH,12
MAN,CHQ,11
MAN,CFU,26
MAN,HER,20
MAN,KLX,3
MAN,KVA,1
MAN,EFL,15
MAN,KGS,23
MAN,JMK,6
MAN,MJT,3
MAN,RHO,34
MAN,JTR,10
MAN,JSI,9
MAN,SKG,9
MAN,ZTH,15
MAN,GCI,11
MAN,HKG,5
MAN,BUD,9
MAN,KEF,8
MAN,ORK,16
MAN,DUB,89
MAN,KIR,4
MAN,NOC,4
MAN,SNN,8
MAN,IOM,26
MAN,TLV,3
MAN,BLQ,4
MAN,BDS,2
MAN,CTA,5
MAN,GOA,4
MAN,SUF,1
MAN,BGY,11
MAN,MXP,19
MAN,NAP,14
MAN,OLB,4
MAN,PSA,14
MAN,CIA,12
MAN,FCO,10
MAN,TPS,2
MAN,VCE,14
MAN,VRN,8
MAN,MBJ,2
MAN,JER,8
MAN,KWI,3
MAN,RIX,3
MAN,MLA,19
MAN,CUN,6
MAN,PVR,1
MAN,TGD,2
MAN,TIV,5
MAN,AGA,6
MAN,RAK,10
MAN,AMS,76
MAN,EIN,3
MAN,OHD,2
MAN,BGO,2
MAN,OSL,12
MAN,TRF,7
MAN,SVG,2
MAN,TRD,2
MAN,GDN,2
MAN,KTW,2
MAN,KRK,12
MAN,POZ,2
MAN,RZE,3
MAN,WMI,4
MAN,WRO,2
MAN,FAO,41
MAN,FNC,10
MAN,LIS,27
MAN,OPO,10
MAN,PXO,1
MAN,DOH,21
MAN,OTP,4
MAN,JED,5
MAN,SIN,6
MAN,BTS,4
MAN,ALC,57
MAN,LEI,8
MAN,BCN,35
MAN,BIO,6
MAN,FUE,15
MAN,GRO,7
MAN,LPA,18
MAN,IBZ,36
MAN,ACE,26
MAN,MAD,9
MAN,MAH,20
MAN,AGP,44
MAN,RMU,9
MAN,PMI,80
MAN,REU,11
MAN,SDR,2
MAN,SVQ,2
MAN,TFS,45
MAN,VLC,4
MAN,GOT,3
MAN,ARN,9
MAN,GVA,21
MAN,ZRH,16
MAN,NBE,9
MAN,AYT,69
MAN,BJV,7
MAN,DLM,59
MAN,IST,27
MAN,SAW,25
MAN,ADB,9
MAN,AUH,9
MAN,DXB,24
MAN,ABZ,27
MAN,BHD,30
MAN,BFS,53
MAN,BHX,1
MAN,LDY,4
MAN,INV,11
MAN,BQH,2
MAN,LGW,1
MAN,LHR,41
MAN,LTN,1
MAN,NQY,15
MAN,SOU,1
MAN,ATL,8
MAN,IAH,3
MAN,MLB,4
MAN,JFK,15
MAN,MCO,17
MHT,YYZ,1
MHT,ALB,2
MHT,ACY,1
MHT,LEW,2
MHT,BWI,36
MHT,BGR,4
MHT,BUF,2
MHT,BTV,3
MHT,CLT,28
MHT,MDW,14
MHT,ORD,8
MHT,CVG,2
MHT,MPV,1
MHT,SDF,3
MHT,MEM,2
MHT,MYR,3
MHT,EWB,1
MHT,RNH,0
MHT,EWR,16
MHT,MCO,16
MHT,PHL,26
MHT,PNE,1
MHT,PWM,1
MHT,PQI,1
MHT,ROC,1
MHT,RKD,1
MHT,RUT,1
MHT,TPA,1
MHT,TEB,2
MHT,DCA,23
MHT,WVL,2
MHT,CWA,0
MDL,KMG,8
MDL,LUM,4
MDL,BMO,6
MDL,HEH,8
MDL,HOX,7
MDL,KMV,6
MDL,KET,7
MDL,KHM,7
MDL,LSH,7
MDL,NYW,2
MDL,MYT,27
MDL,AKY,2
MDL,THL,28
MDL,RGN,39
MDL,DMK,5
MDL,BKK,8
MHK,NO,0
MNL,BNE,6
MNL,MEL,10
MNL,PER,3
MNL,SYD,19
MNL,BAH,8
MNL,BWN,11
MNL,PNH,5
MNL,YYZ,3
MNL,YVR,6
MNL,PEK,8
MNL,CSX,10
MNL,DYG,5
MNL,FOC,5
MNL,CAN,24
MNL,HGH,6
MNL,NNG,10
MNL,NGB,2
MNL,JJN,10
MNL,PVG,35
MNL,SZX,23
MNL,XMN,17
MNL,YIW,7
MNL,CGO,4
MNL,GUM,12
MNL,HKG,126
MNL,DPS,13
MNL,CGK,15
MNL,FUK,15
MNL,NGO,22
MNL,KIX,36
MNL,HND,32
MNL,NRT,72
MNL,KWI,8
MNL,MFM,16
MNL,BKI,6
MNL,KUL,56
MNL,MCT,8
MNL,ROR,2
MNL,POM,8
MNL,BCD,115
MNL,BSO,11
MNL,USU,62
MNL,BXU,47
MNL,CGY,91
MNL,CYP,5
MNL,CRM,4
MNL,MPH,191
MNL,CYZ,8
MNL,CEB,273
MNL,CBO,24
MNL,DVO,164
MNL,IAO,33
MNL,DPL,19
MNL,DGT,35
MNL,ENI,58
MNL,GES,32
MNL,ILO,117
MNL,KLO,40
MNL,LAO,23
MNL,DRP,64
MNL,CGM,3
MNL,MBT,7
MNL,WNP,16
MNL,OZC,20
MNL,PAG,22
MNL,TAG,84
MNL,PPS,98
MNL,RXS,34
MNL,SJI,8
MNL,EUQ,3
MNL,SWL,1
MNL,ICO,3
MNL,SUG,8
MNL,TBH,3
MNL,TAC,97
MNL,TUG,15
MNL,VRC,7
MNL,ZAM,55
MNL,DOH,26
MNL,DMM,2
MNL,JED,2
MNL,MED,6
MNL,RUH,13
MNL,SIN,119
MNL,PUS,8
MNL,ICN,77
MNL,KHH,8
MNL,TPE,94
MNL,DMK,8
MNL,BKK,51
MNL,IST,8
MNL,AUH,16
MNL,DXB,45
MNL,HNL,6
MNL,LAX,16
MNL,JFK,5
MNL,SFO,8
MNL,HAN,12
MNL,SGN,20
MXA,NO,0
MNG,DRW,9
MNG,ELC,3
MNG,MGT,2
MBL,ORD,33
MBL,FWA,1
MBL,ENW,0
MTW,NO,0
MZL,BOG,21
MZL,EOH,12
MJP,NO,0
MKT,MKT,0
MKT,ULM,0
MKT,OWA,0
MKT,RST,0
MKT,TEB,1
MLY,FAI,0
MLY,RMP,2
MHG,LBG,3
MHG,HDF,1
MHG,GWT,5
MHG,BLQ,3
MKW,FKQ,3
MKW,DJJ,11
MKW,KNG,4
MKW,UPG,8
MKW,NBX,8
MKW,SOQ,56
MFD,CKB,1
MFD,OSU,1
MFD,CPS,0
MEC,UIO,25
MEO,CHO,1
MEO,CON,1
MEO,DYL,0
MEO,GSP,1
MEO,ORF,2
MEO,HPN,1
MEO,INT,1
MZO,NO,0
MTS,NO,0
MPM,LAD,4
MPM,ADD,8
MPM,NBO,1
MPM,BEW,24
MPM,VPY,9
MPM,INH,2
MPM,MNC,6
MPM,APL,16
MPM,POL,9
MPM,UEL,10
MPM,TET,15
MPM,VNX,3
MPM,VJB,1
MPM,LIS,4
MPM,DOH,6
MPM,CPT,4
MPM,JNB,46
MPM,HRE,4
MDQ,BHI,4
MDQ,AEP,22
MDQ,COR,2
MDQ,MDZ,2
MAB,BEL,13
MAB,CNF,5
MAB,BSB,16
MAB,GTP,7
MAR,SDQ,2
MAR,PTY,7
MAR,CCS,32
MAR,MUN,2
MAR,PMV,6
MAR,PZO,1
MAR,VLN,1
MZK,TRW,4
MZJ,NO,0
MTH,FLL,1
MTH,MMU,1
MTH,APF,1
MTH,ORL,1
MTH,PPM,1
MTH,QTS,1
MTH,PBI,1
MTH,ILM,1
MRK,MLB,2
MRK,OCF,1
MQM,MED,1
MQM,ESB,8
MQM,IST,24
MQM,SAW,15
MQM,ADB,5
MEE,LIF,13
MEE,GEA,34
MRG,NO,0
MRF,AUS,0
MRF,AFW,0
MQZ,NO,0
MGH,JNB,7
MBX,GRZ,1
MBX,FDH,2
MHQ,HEL,4
MHQ,TKU,11
MHQ,RIX,1
MHQ,ARN,25
MII,VCP,8
MGF,VCP,19
MGF,CWB,16
MGF,CGH,5
MGF,GRU,28
MGF,GTP,7
MWA,FMY,1
MWA,LEX,1
MWA,BNA,14
MWA,PIA,0
MWA,SRQ,1
MWA,STL,28
MZZ,BKG,0
MZZ,JXN,1
MZZ,BNA,0
MVR,DLA,3
MVR,NSI,2
MQT,ORD,8
MQT,DTW,8
MQT,MKE,1
MQT,PIE,1
MQT,SUE,0
MRS,ALG,37
MRS,AAE,11
MRS,BLJ,1
MRS,BJA,7
MRS,CFK,4
MRS,CZL,16
MRS,HME,3
MRS,GJL,2
MRS,ORN,16
MRS,QSF,3
MRS,TLM,5
MRS,VIE,7
MRS,BRU,15
MRS,CRL,14
MRS,YUL,5
MRS,DBV,2
MRS,SPU,3
MRS,ZAD,2
MRS,PFO,3
MRS,PRG,2
MRS,CPH,2
MRS,CAI,2
MRS,QXB,1
MRS,AJA,40
MRS,BSL,2
MRS,BIA,29
MRS,BIQ,2
MRS,BOD,33
MRS,BES,7
MRS,CFR,5
MRS,CLY,16
MRS,CEQ,2
MRS,FSC,19
MRS,LRH,4
MRS,LIL,10
MRS,LIG,1
MRS,LYS,24
MRS,MRS,1
MRS,ETZ,12
MRS,NTE,31
MRS,NCE,6
MRS,FNI,1
MRS,BVA,2
MRS,CDG,76
MRS,LBG,1
MRS,ORY,51
MRS,QYR,1
MRS,RNS,9
MRS,SXB,11
MRS,TLS,30
MRS,TUF,6
MRS,AGB,2
MRS,BER,4
MRS,CGN,1
MRS,DUS,3
MRS,FRA,21
MRS,LEJ,1
MRS,MUC,24
MRS,ATH,7
MRS,CHQ,2
MRS,CFU,4
MRS,HER,6
MRS,JMK,2
MRS,RHO,1
MRS,JTR,3
MRS,BUD,2
MRS,DUB,6
MRS,SNN,2
MRS,TLV,7
MRS,BRI,3
MRS,BLQ,4
MRS,CAG,1
MRS,CTA,6
MRS,FLR,2
MRS,BGY,4
MRS,MXP,11
MRS,NAP,5
MRS,OLB,2
MRS,PMO,7
MRS,PEG,1
MRS,FCO,17
MRS,VCE,2
MRS,TSF,6
MRS,BEY,2
MRS,LUX,4
MRS,MLA,9
MRS,AGA,4
MRS,CMN,8
MRS,ESU,2
MRS,FEZ,12
MRS,RAK,13
MRS,NDR,2
MRS,OZZ,2
MRS,OUD,6
MRS,RBA,5
MRS,TNG,3
MRS,TTU,2
MRS,AMS,24
MRS,EIN,4
MRS,KRK,2
MRS,FAO,7
MRS,FNC,2
MRS,LIS,24
MRS,OPO,11
MRS,RUN,2
MRS,OTP,5
MRS,JED,2
MRS,DSS,2
MRS,BEG,2
MRS,ICN,1
MRS,ALC,7
MRS,BCN,10
MRS,IBZ,4
MRS,ACE,2
MRS,MAD,30
MRS,MAH,9
MRS,AGP,9
MRS,PMI,18
MRS,SCQ,3
MRS,SVQ,5
MRS,TFS,3
MRS,VLC,8
MRS,ZRH,7
MRS,DJE,5
MRS,MIR,4
MRS,TUN,32
MRS,AYT,1
MRS,IST,14
MRS,SAW,8
MRS,BRS,5
MRS,EDI,3
MRS,PIK,3
MRS,LBA,1
MRS,LGW,11
MRS,LHR,28
MRS,STN,16
MRS,MAN,3
MRS,EMA,3
MHH,NAS,38
MHH,ATL,5
MHH,CHS,1
MHH,CLT,1
MHH,FLL,10
MHH,FPR,2
MHH,JAX,1
MHH,MIA,19
MHH,APF,1
MHH,ORL,1
MHH,MCO,1
MHH,SFB,1
MHH,PSM,1
MHH,UST,1
MHH,PIE,1
MHH,TPA,2
MHH,PBI,6
MML,FCM,0
MLL,BET,6
MLL,PQS,2
MLL,RSH,0
MLL,KSM,8
MVY,BWI,1
MVY,BOS,52
MVY,CMH,1
MVY,CON,0
MVY,HYA,7
MVY,ACK,1
MVY,EWB,6
MVY,HVN,1
MVY,JFK,17
MVY,LGA,23
MVY,EWR,1
MVY,PWM,1
MVY,PVD,3
MVY,PVC,1
MVY,TEB,5
MVY,DCA,3
MVY,HPN,17
MVY,ORH,1
MRB,EVV,0
MRB,TEB,1
MUR,BBN,8
MUR,LKH,2
MUR,LBP,1
MUR,LGL,2
MUR,ODN,2
MUR,MYY,26
MYP,ASB,16
MYP,TAZ,2
MBH,NO,0
MYV,FAT,0
MRE,ASV,10
MRE,KIS,7
MRE,HKR,47
MRE,KEU,8
MRE,WIL,64
MRE,EBB,3
MBT,MNL,8
MSU,JNB,22
MHD,KBL,2
MHD,MZR,2
MHD,ABD,17
MHD,AWZ,23
MHD,PGU,1
MHD,BND,8
MHD,XBJ,3
MHD,BUZ,3
MHD,ZBR,4
MHD,GSM,6
MHD,GBT,5
MHD,HDM,1
MHD,IIL,3
MHD,IFN,13
MHD,KKS,3
MHD,KER,4
MHD,KSH,5
MHD,KIH,18
MHD,MRX,1
MHD,NSH,3
MHD,RZR,2
MHD,RAS,9
MHD,SRY,17
MHD,SYZ,15
MHD,TBZ,17
MHD,THR,161
MHD,OMH,2
MHD,AZD,13
MHD,ACZ,1
MHD,ZAH,8
MHD,JWN,4
MHD,NJF,20
MHD,BGW,10
MHD,KWI,14
MHD,MCT,1
MHD,LHE,1
MHD,DOH,8
MHD,JED,26
MHD,MED,8
MHD,DYU,2
MHD,IST,8
MHD,DXB,10
MHD,SHJ,8
MCW,CID,0
MCW,PWK,0
MCW,ORD,8
MCW,FOD,6
MCW,QTB,1
MCW,TYQ,1
MCW,MOX,0
MCW,OWA,0
MCW,FSD,0
MCW,STP,0
MSS,BOS,24
MVT,PPT,2
MVT,RGI,1
MWK,NO,0
MAM,MEX,8
MAM,MTY,12
MAM,TAM,6
MFK,TSA,24
MMJ,FUK,16
MMJ,UKB,16
MMJ,CTS,8
MMJ,OKD,8
MYJ,FUK,32
MYJ,KOJ,8
MYJ,NGO,24
MYJ,OKA,8
MYJ,ITM,87
MYJ,HND,95
MYJ,NRT,18
MYJ,ICN,2
MUN,CCS,9
MUN,MAR,2
MUN,PMV,23
MBZ,MAO,3
MOF,KOE,19
MOF,LBJ,8
MOF,UPG,8
MUB,GBE,8
MUB,BBK,4
MUB,CPT,8
MUB,JNB,23
MUB,VFA,4
MAU,BOB,1
MAU,PPT,5
MAU,RFP,6
MNU,RGN,5
MXE,NO,0
MYG,IGA,1
MYG,NAS,1
MAZ,SJU,32
MZR,HEA,1
MZR,KBL,10
MZR,MHD,1
MZR,ISB,2
MZR,JED,3
MZT,CSL,0
MZT,CUU,2
MZT,CJS,4
MZT,CUL,0
MZT,LAP,9
MZT,MEX,43
MZT,MTY,13
MZT,QRO,4
MZT,SJD,2
MZT,TIJ,27
MZT,DFW,1
MZT,LAX,3
MZT,PHX,8
MBI,DAR,17
MJM,FIH,8
MJM,KWZ,1
MJM,FBM,7
MLC,TUL,0
MFE,NTR,0
MFE,TLC,0
MFE,DFW,40
MFE,GPT,1
MFE,HRL,0
MFE,IAH,48
MFE,LRD,0
MFE,LAS,6
MFE,LGB,0
MFE,LAX,3
MFE,SDF,2
MFE,MAF,0
MFE,BNA,3
MFE,SFB,3
MFE,SAT,5
MCV,DRW,8
MYL,MMH,0
MYL,SEE,0
MCK,DEN,14
MCK,GLD,0
MCK,LBF,0
MCG,ANC,3
MCG,NIB,3
MCG,SXQ,1
MCG,TCT,3
MMV,AST,0
MMV,HIO,0
MMV,PDX,0
MDE,AUA,5
MDE,AXM,4
MDE,BAQ,28
MDE,BOG,337
MDE,BGA,20
MDE,CLO,79
MDE,CTG,68
MDE,CUC,15
MDE,MTR,16
MDE,PEI,29
MDE,RCH,4
MDE,ADZ,11
MDE,SMR,26
MDE,SJO,4
MDE,HAV,3
MDE,CUR,7
MDE,PUJ,14
MDE,SDQ,9
MDE,GYE,4
MDE,UIO,4
MDE,CUN,13
MDE,MEX,16
MDE,BLB,10
MDE,PTY,49
MDE,LIM,9
MDE,MAD,11
MDE,FLL,13
MDE,MIA,42
MDE,JFK,8
MDE,MCO,12
MFR,BUR,2
MFR,DEN,16
MFR,LAS,2
MFR,LAX,10
MFR,OTH,0
MFR,PHX,15
MFR,PDX,6
MFR,SLC,16
MFR,SAN,3
MFR,SFO,24
MFR,SJC,0
MFR,SNA,2
MFR,BFI,0
MFR,SEA,55
MFR,EAT,0
MED,ALG,5
MED,AAE,1
MED,CZL,2
MED,LOO,2
MED,ORN,4
MED,OGX,3
MED,GYD,3
MED,BAH,8
MED,DAC,6
MED,BWN,0
MED,JIB,3
MED,HBE,9
MED,ATZ,1
MED,ASW,1
MED,CAI,51
MED,SPX,1
MED,LXR,1
MED,CCU,1
MED,CGK,4
MED,NJF,2
MED,BGW,29
MED,BSR,7
MED,EBL,1
MED,ISU,1
MED,AMM,4
MED,KWI,22
MED,BKO,12
MED,RAK,1
MED,LOS,1
MED,SKO,1
MED,YOL,3
MED,MCT,10
MED,ISB,4
MED,KHI,5
MED,LHE,4
MED,MUX,0
MED,DOH,20
MED,DMM,32
MED,JED,51
MED,RUH,85
MED,MGQ,4
MED,ESB,3
MED,AYT,1
MED,DIY,1
MED,ERZ,1
MED,AOE,1
MED,IST,27
MED,SAW,10
MED,TZX,1
MED,AUH,8
MED,DXB,24
MED,SHJ,15
MKR,MMG,0
MEH,BVG,6
MEH,HFT,1
MEH,HVG,13
MEH,VDS,7
MXZ,PKX,4
MXZ,CKG,2
MXZ,CAN,8
MXZ,HAK,4
MXZ,PVG,4
MXZ,ZUH,2
MQX,ADD,58
MYU,BET,0
MYU,OOK,9
MNA,NAH,3
MBW,NO,0
MEB,DBO,0
MEB,FLS,0
MEB,KNS,0
MEB,OAG,0
MEB,WOL,0
MEL,ADL,191
MEL,ABX,5
MEL,ASP,4
MEL,AYQ,6
MEL,BNK,5
MEL,BNE,277
MEL,BME,2
MEL,BDB,2
MEL,BWT,23
MEL,BQB,3
MEL,CNS,50
MEL,CBR,117
MEL,CFS,8
MEL,DRW,21
MEL,DPO,39
MEL,GLT,2
MEL,OOL,125
MEL,HTI,6
MEL,HBA,100
MEL,KNS,8
MEL,LST,75
MEL,LEA,3
MEL,MKY,2
MEL,MIM,8
MEL,MQL,57
MEL,MGB,14
MEL,NTL,33
MEL,PER,130
MEL,PQQ,3
MEL,PPP,5
MEL,ROK,4
MEL,MCY,48
MEL,SYD,606
MEL,TMW,3
MEL,WTB,5
MEL,TSV,15
MEL,WGA,11
MEL,BWN,5
MEL,PEK,3
MEL,TFU,4
MEL,CAN,8
MEL,TAO,2
MEL,PVG,16
MEL,XMN,8
MEL,NAN,16
MEL,HKG,22
MEL,DEL,12
MEL,DPS,61
MEL,CGK,7
MEL,HND,4
MEL,NRT,5
MEL,KUL,21
MEL,AKL,69
MEL,CHC,19
MEL,ZQN,13
MEL,WLG,13
MEL,MNL,8
MEL,DOH,16
MEL,SIN,72
MEL,CMB,8
MEL,TPE,5
MEL,BKK,21
MEL,HKT,3
MEL,AUH,7
MEL,DXB,16
MEL,DFW,4
MEL,HNL,2
MEL,LAX,11
MEL,SFO,8
MEL,VLI,2
MEL,HAN,3
MEL,SGN,16
MLB,ELH,1
MLB,BHX,3
MLB,BRS,1
MLB,GLA,3
MLB,LGW,4
MLB,MAN,5
MLB,NCL,2
MLB,ATL,32
MLB,CHS,1
MLB,CLT,24
MLB,DAB,1
MLB,FXE,0
MLB,GPT,0
MLB,HWO,1
MLB,ISM,1
MLB,MNZ,1
MLB,MRK,1
MLB,MLB,2
MLB,OPF,1
MLB,JFK,1
MLB,OBE,1
MLB,PIT,2
MLB,SRQ,2
MLB,UST,1
MLB,TPA,2
MLB,VRB,1
MFV,NO,0
MLN,LEI,10
MLN,BCN,2
MLN,GRX,10
MLN,MAD,27
MLN,AGP,60
MLN,SVQ,4
MMB,CTS,48
MMB,OKD,15
MMB,HND,51
MEM,LGG,0
MEM,VCP,2
MEM,YYC,1
MEM,,0
MEM,YEG,1
MEM,YHM,1
MEM,YMX,2
MEM,YOW,2
MEM,YYZ,3
MEM,YVR,1
MEM,YWG,1
MEM,CDG,2
MEM,CGN,2
MEM,NRT,1
MEM,GDL,1
MEM,MTY,1
MEM,QRO,1
MEM,TLC,1
MEM,BQN,3
MEM,SJU,5
MEM,ICN,1
MEM,DXB,2
MEM,STN,2
MEM,ABI,0
MEM,ALB,2
MEM,ABQ,1
MEM,ABE,2
MEM,ANC,3
MEM,ATW,1
MEM,PDK,2
MEM,FTY,1
MEM,ATL,86
MEM,AUS,10
MEM,BWI,5
MEM,BIL,0
MEM,BHM,1
MEM,BMI,1
MEM,BOI,1
MEM,BOS,23
MEM,BUF,2
MEM,BUR,1
MEM,CPR,1
MEM,CID,1
MEM,CHS,3
MEM,CLT,47
MEM,CHA,2
MEM,MDW,14
MEM,ORD,49
MEM,RFD,1
MEM,CVG,3
MEM,CLE,3
MEM,COS,1
MEM,CAE,2
MEM,CSG,1
MEM,LCK,3
MEM,DFW,56
MEM,DAL,9
MEM,DAY,2
MEM,DCU,0
MEM,DEN,31
MEM,DSM,1
MEM,VPS,2
MEM,DTW,23
MEM,DHN,0
MEM,ELD,5
MEM,ELP,1
MEM,EVV,1
MEM,FAR,1
MEM,FNT,2
MEM,FLL,10
MEM,FWA,2
MEM,FTW,0
MEM,GJT,1
MEM,GRR,3
MEM,GTF,1
MEM,GSO,3
MEM,GSP,2
MEM,HRL,1
MEM,MDT,2
MEM,HRO,5
MEM,HNL,2
MEM,HOT,2
MEM,IAH,31
MEM,HOU,8
MEM,HTS,3
MEM,HSV,1
MEM,IND,3
MEM,HKS,0
MEM,MKL,0
MEM,JAX,3
MEM,MCI,1
MEM,TYS,3
MEM,LFT,1
MEM,LRD,1
MEM,LAS,13
MEM,LIT,0
MEM,LAX,20
MEM,SDF,7
MEM,LMS,0
MEM,LBB,1
MEM,MSN,1
MEM,MHT,3
MEM,MEM,0
MEM,MIA,15
MEM,MKE,1
MEM,MSP,24
MEM,BFM,1
MEM,MLU,0
MEM,MGM,0
MEM,BNA,6
MEM,MSY,1
MEM,JFK,7
MEM,LGA,36
MEM,EWR,27
MEM,SWF,2
MEM,TNU,0
MEM,ORF,3
MEM,OAK,4
MEM,OKC,1
MEM,OMA,1
MEM,ONT,1
MEM,MCO,22
MEM,SFB,4
MEM,PHL,22
MEM,PHX,9
MEM,PIT,3
MEM,PDX,2
MEM,PWM,3
MEM,PVD,3
MEM,RDU,5
MEM,RNO,2
MEM,RIC,3
MEM,ROA,2
MEM,RST,1
MEM,ROC,4
MEM,SMF,2
MEM,SLC,9
MEM,SAT,1
MEM,SAN,2
MEM,SFO,1
MEM,SJC,1
MEM,SAV,2
MEM,SEA,2
MEM,SHV,1
MEM,SNY,0
MEM,FSD,1
MEM,RSW,2
MEM,GEG,1
MEM,SGF,1
MEM,STL,1
MEM,PIE,2
MEM,SUA,1
MEM,SYR,2
MEM,TLH,3
MEM,TPA,5
MEM,TOL,1
MEM,TUS,1
MEM,TUL,1
MEM,IAD,6
MEM,DCA,31
MEM,PBI,2
MEM,ICT,2
MEM,BDL,3
MEN,NO,0
MDZ,AEP,115
MDZ,EZE,16
MDZ,COR,15
MDZ,JUJ,2
MDZ,MDQ,2
MDZ,NQN,7
MDZ,ROS,5
MDZ,SLA,8
MDZ,BRC,3
MDZ,GRU,13
MDZ,SCL,15
MDZ,PTY,6
MDZ,LIM,4
MNM,DET,1
MNM,IMT,0
MNM,OSH,0
MKQ,EWE,2
MKQ,DJJ,11
MKQ,UPG,8
MKQ,TMH,8
MCE,HHR,11
MCE,LAS,11
MCE,MOD,0
MCE,VNY,0
MID,CMW,1
MID,HAV,4
MID,FRS,2
MID,GUA,3
MID,CUN,2
MID,GDL,23
MID,NLU,16
MID,MEX,125
MID,MTY,19
MID,OAX,2
MID,QRO,3
MID,BJX,5
MID,TIJ,2
MID,TLC,8
MID,TGZ,5
MID,VER,7
MID,VSA,4
MID,CLE,1
MID,DFW,4
MID,IAH,8
MID,MIA,13
MEI,ATL,1
MEI,AUO,0
MEI,BWG,0
MEI,ADS,0
MEI,IAH,17
MEI,JAN,0
MEI,CRG,1
MEI,DTN,1
MIM,MEL,8
MIM,MYA,34
MIM,SYD,4
MUH,SSH,1
MUH,BLQ,1
MUH,MXP,3
MUH,VRN,1
MZH,JED,2
MZH,MED,2
MZH,IST,8
MZH,SAW,2
MSC,ABQ,0
MSC,FHU,0
MSC,ISO,1
MSC,NUQ,0
MSC,OLS,0
MSC,PJB,0
MSC,PVU,0
MSC,RNO,0
MSC,CLD,0
MSC,MYF,0
MSC,SGU,0
MSC,TUS,0
MSC,YUM,0
MXL,CUN,8
MXL,CUL,15
MXL,GDL,41
MXL,HMO,4
MXL,NLU,8
MXL,MEX,46
MXL,MTY,7
MXL,MLM,2
MXL,BJX,5
MEX,EZE,8
MEX,GRU,15
MEX,YUL,24
MEX,YYZ,33
MEX,YVR,32
MEX,SCL,8
MEX,BOG,70
MEX,MDE,16
MEX,SJO,34
MEX,HAV,15
MEX,SDQ,8
MEX,UIO,14
MEX,SAL,28
MEX,CDG,26
MEX,FRA,8
MEX,MUC,3
MEX,GUA,34
MEX,XPL,4
MEX,SAP,8
MEX,FCO,5
MEX,NRT,16
MEX,LUX,1
MEX,ACA,60
MEX,AGU,46
MEX,CPE,17
MEX,CUN,300
MEX,CTM,22
MEX,CUU,56
MEX,CME,23
MEX,CJS,61
MEX,CEN,15
MEX,CVM,6
MEX,CLQ,8
MEX,CZM,15
MEX,CUL,49
MEX,DGO,29
MEX,GDL,264
MEX,HMO,66
MEX,HUX,51
MEX,LAP,32
MEX,LZC,0
MEX,LMM,18
MEX,ZLO,16
MEX,MAM,8
MEX,MZT,43
MEX,MID,124
MEX,MXL,46
MEX,MTT,22
MEX,MTY,234
MEX,MLM,24
MEX,NLD,16
MEX,OAX,78
MEX,PXM,51
MEX,PVR,78
MEX,QRO,39
MEX,REX,32
MEX,SJD,66
MEX,SLP,44
MEX,BJX,47
MEX,TAM,43
MEX,TAP,34
MEX,TPQ,8
MEX,TIJ,159
MEX,TRC,38
MEX,TGZ,73
MEX,VER,60
MEX,VSA,73
MEX,ZCL,15
MEX,ZIH,37
MEX,AMS,16
MEX,MGA,8
MEX,PTY,40
MEX,LIM,20
MEX,BCN,8
MEX,MAD,40
MEX,LHR,16
MEX,ATL,32
MEX,AUS,8
MEX,CLT,8
MEX,ORD,45
MEX,CVG,6
MEX,DFW,48
MEX,DEN,12
MEX,DTW,8
MEX,GSP,3
MEX,IAH,79
MEX,LAS,24
MEX,LAX,79
MEX,SDF,2
MEX,MIA,54
MEX,MSP,8
MEX,JFK,50
MEX,EWR,16
MEX,OAK,5
MEX,MCO,29
MEX,PHX,8
MEX,SMF,2
MEX,SLC,8
MEX,SAT,29
MEX,SFO,40
MEX,SEA,8
MEX,IAD,8
MFU,LLW,5
MFU,JEK,3
MFU,LUN,24
MIA,AXA,8
MIA,ANU,10
MIA,EZE,34
MIA,AUA,17
MIA,FPO,14
MIA,GGT,17
MIA,MHH,16
MIA,NAS,56
MIA,ELH,16
MIA,ZSA,1
MIA,BGI,20
MIA,BRU,1
MIA,LGG,11
MIA,BZE,9
MIA,VVI,10
MIA,BSB,8
MIA,VCP,26
MIA,CWB,5
MIA,FOR,2
MIA,MAO,13
MIA,PLL,1
MIA,GIG,8
MIA,GRU,35
MIA,VIX,1
MIA,YUL,28
MIA,YYZ,39
MIA,YVR,2
MIA,CYB,1
MIA,GCM,27
MIA,ANF,1
MIA,SCL,23
MIA,BAQ,20
MIA,BOG,101
MIA,BGA,4
MIA,CLO,28
MIA,CTG,22
MIA,MDE,36
MIA,PEI,11
MIA,SMR,2
MIA,LIR,17
MIA,SJO,49
MIA,CMW,9
MIA,HAV,85
MIA,HOG,9
MIA,SNU,17
MIA,SCU,8
MIA,VRA,8
MIA,CUR,16
MIA,DOM,5
MIA,LRM,19
MIA,POP,9
MIA,PUJ,35
MIA,STI,18
MIA,SDQ,79
MIA,GYE,21
MIA,UIO,35
MIA,SAL,32
MIA,CDG,11
MIA,ORY,3
MIA,CGN,1
MIA,FRA,8
MIA,GND,8
MIA,PTP,3
MIA,GUA,38
MIA,GEO,17
MIA,PAP,9
MIA,XPL,16
MIA,RTB,8
MIA,SAP,23
MIA,TLV,7
MIA,FCO,8
MIA,KIN,31
MIA,MBJ,28
MIA,LUX,2
MIA,FDF,3
MIA,CUN,50
MIA,CZM,6
MIA,GDL,3
MIA,MID,8
MIA,MEX,56
MIA,MTY,8
MIA,TLC,0
MIA,CMN,3
MIA,AMS,18
MIA,BON,4
MIA,MST,2
MIA,SXM,11
MIA,MGA,36
MIA,PTY,81
MIA,ASU,3
MIA,AGT,1
MIA,LIM,45
MIA,WAW,3
MIA,LIS,8
MIA,SJU,77
MIA,DOH,8
MIA,SKB,9
MIA,UVF,9
MIA,SVD,7
MIA,ICN,1
MIA,BCN,8
MIA,MAD,32
MIA,ZRH,8
MIA,POS,23
MIA,IST,15
MIA,PLS,17
MIA,DXB,8
MIA,LHR,36
MIA,STN,1
MIA,ANC,4
MIA,AVL,8
MIA,FTY,1
MIA,ATL,153
MIA,AUS,40
MIA,BWI,46
MIA,XNA,1
MIA,BHM,16
MIA,BOS,78
MIA,BZN,0
MIA,CHS,16
MIA,CLT,72
MIA,CHA,1
MIA,MDW,24
MIA,ORD,88
MIA,CVG,32
MIA,CLE,22
MIA,CAE,1
MIA,CMH,16
MIA,CSG,1
MIA,DFW,96
MIA,DAL,19
MIA,APA,1
MIA,DEN,50
MIA,DSM,1
MIA,DSI,0
MIA,DTW,30
MIA,DOV,1
MIA,JPX,2
MIA,FYV,0
MIA,FXE,1
MIA,FLL,3
MIA,FMY,1
MIA,GNV,8
MIA,GSO,8
MIA,GSP,8
MIA,IAH,88
MIA,HOU,22
MIA,HSV,1
MIA,IND,16
MIA,JAX,33
MIA,MCI,8
MIA,JRF,1
MIA,EYW,31
MIA,ISM,1
MIA,TYS,8
MIA,LAS,48
MIA,LIT,1
MIA,LAX,80
MIA,SDF,17
MIA,MEM,11
MIA,MIA,1
MIA,OPF,1
MIA,MSP,22
MIA,BNA,48
MIA,MSY,34
MIA,JFK,133
MIA,LGA,108
MIA,EWR,76
MIA,ORF,8
MIA,NGU,1
MIA,OKC,8
MIA,MCO,97
MIA,PNS,24
MIA,PHL,74
MIA,PHX,32
MIA,PIT,9
MIA,RDU,48
MIA,RIC,8
MIA,SLC,8
MIA,SAT,16
MIA,SAN,8
MIA,SFO,33
MIA,SRQ,1
MIA,SAV,8
MIA,SCF,1
MIA,SEA,16
MIA,STL,11
MIA,PIE,1
MIA,SGR,1
MIA,TLH,24
MIA,TPA,0
MIA,TEB,2
MIA,TUL,1
MIA,VRB,2
MIA,IAD,9
MIA,DCA,67
MIA,PBI,2
MIA,FOK,1
MIA,HPN,9
MIA,BDL,8
MIA,MVD,2
MIA,EIS,9
MIA,STX,16
MIA,STT,17
MIO,NO,0
MIG,PEK,22
MIG,PKX,8
MIG,CSX,4
MIG,DLU,4
MIG,CAN,8
MIG,HAK,13
MIG,HGH,14
MIG,HCJ,3
MIG,HFE,13
MIG,TNA,16
MIG,JHG,5
MIG,KMG,12
MIG,LXA,24
MIG,LJG,8
MIG,NKG,11
MIG,NGB,4
MIG,TAO,4
MIG,SYX,5
MIG,SHA,8
MIG,PVG,27
MIG,SZX,19
MIG,SJW,12
MIG,TSN,11
MIG,URC,19
MIG,WNZ,7
MIG,WUH,4
MIG,XMN,4
MIG,XIC,3
MIG,XNN,5
MIG,YTY,3
MIG,KEU,8
MMM,NO,0
MWO,NO,0
MAF,YYC,1
MAF,ALE,0
MAF,AUS,8
MAF,CNM,1
MAF,CHA,1
MAF,ADS,0
MAF,DFW,57
MAF,DAL,35
MAF,DEN,32
MAF,AFW,0
MAF,FTW,0
MAF,GLS,0
MAF,HOB,0
MAF,DWH,1
MAF,IAH,39
MAF,HOU,29
MAF,JAC,0
MAF,LAS,9
MAF,LBB,0
MAF,OKC,0
MAF,PHX,8
MAF,RIF,0
MAF,SJT,0
MAF,SAT,0
MAF,SGR,1
MDD,TDW,0
MDD,DFW,1
MDD,FTW,1
MDD,QQT,0
MDD,MWL,0
MDD,OGD,0
MDD,ECP,0
MDD,SAT,0
MDD,TYR,0
MXP,TIA,34
MXP,ALG,5
MXP,EVN,7
MXP,VIE,43
MXP,GYD,10
MXP,BAH,5
MXP,BRU,17
MXP,LGG,4
MXP,GRU,4
MXP,YMX,1
MXP,YUL,7
MXP,YYZ,1
MXP,BVC,2
MXP,PEK,8
MXP,NKG,2
MXP,PVG,16
MXP,WNZ,4
MXP,SPU,4
MXP,ZAD,4
MXP,ZAG,1
MXP,LCA,3
MXP,PRG,24
MXP,AAR,2
MXP,CPH,31
MXP,LRM,1
MXP,HBE,2
MXP,CAI,25
MXP,SPX,0
MXP,HRG,1
MXP,LXR,2
MXP,RMF,12
MXP,MUH,2
MXP,SSH,13
MXP,TLL,2
MXP,ADD,4
MXP,HEL,15
MXP,TMP,2
MXP,BOD,4
MXP,CFE,1
MXP,LYS,11
MXP,MRS,11
MXP,NTE,3
MXP,NCE,2
MXP,BVA,2
MXP,CDG,81
MXP,LBG,2
MXP,ORY,21
MXP,LDE,2
MXP,KUT,4
MXP,BER,8
MXP,CGN,14
MXP,DUS,16
MXP,FRA,43
MXP,HAM,11
MXP,HAJ,1
MXP,LEJ,6
MXP,MUC,30
MXP,STR,8
MXP,GWT,1
MXP,ATH,37
MXP,CFU,8
MXP,HER,9
MXP,AOK,1
MXP,KGS,4
MXP,JMK,14
MXP,RHO,2
MXP,SMI,1
MXP,JTR,4
MXP,JSI,0
MXP,SKG,4
MXP,HKG,5
MXP,BUD,15
MXP,KEF,14
MXP,ATQ,2
MXP,DEL,5
MXP,BOM,1
MXP,IKA,4
MXP,DUB,13
MXP,TLV,31
MXP,AHO,13
MXP,AOI,1
MXP,BRI,38
MXP,BLQ,2
MXP,BDS,32
MXP,CAG,21
MXP,CTA,80
MXP,FOG,8
MXP,SUF,53
MXP,LMP,4
MXP,NAP,62
MXP,OLB,28
MXP,PMO,59
MXP,PSA,2
MXP,FCO,11
MXP,TPS,0
MXP,VRN,1
MXP,NRT,10
MXP,AMM,7
MXP,ALA,2
MXP,PRN,4
MXP,KWI,4
MXP,RIX,6
MXP,BEY,4
MXP,VNO,4
MXP,LUX,34
MXP,NOS,2
MXP,MLA,4
MXP,CUN,2
MXP,KIV,2
MXP,TGD,2
MXP,CMN,14
MXP,RAK,13
MXP,AMS,47
MXP,NIM,2
MXP,SKP,2
MXP,OSL,13
MXP,MCT,6
MXP,KRK,6
MXP,WAW,18
MXP,FNC,2
MXP,LIS,50
MXP,OPO,15
MXP,SMA,1
MXP,DOH,25
MXP,BCM,2
MXP,OTP,4
MXP,JED,8
MXP,RUH,3
MXP,DSS,5
MXP,BEG,13
MXP,SIN,8
MXP,ICN,18
MXP,LCG,2
MXP,ALC,7
MXP,BCN,73
MXP,BIO,6
MXP,FUE,5
MXP,LPA,3
MXP,IBZ,20
MXP,ACE,2
MXP,MAD,44
MXP,MAH,7
MXP,AGP,17
MXP,PMI,23
MXP,SVQ,3
MXP,TFS,12
MXP,VLC,9
MXP,VIT,2
MXP,ARN,0
MXP,GVA,2
MXP,ZRH,37
MXP,TPE,4
MXP,DJE,2
MXP,MIR,1
MXP,TUN,11
MXP,IST,42
MXP,ADB,3
MXP,AUH,8
MXP,DXB,16
MXP,DWC,3
MXP,BHD,1
MXP,BRS,3
MXP,EDI,4
MXP,LGW,41
MXP,LHR,32
MXP,LTN,8
MXP,STN,26
MXP,MAN,19
MXP,EMA,4
MXP,ANC,1
MXP,ATL,8
MXP,ORD,12
MXP,CVG,2
MXP,MEM,1
MXP,JFK,44
MXP,EWR,13
MXP,TAS,1
MXP,UGC,1
MHZ,NO,0
MQL,MEL,56
MQL,MCY,2
MQL,SYD,10
MLS,BIL,0
MLS,BTM,0
MLS,GDV,0
MLS,XMD,0
MLS,SHR,0
MGT,DRW,2
MGT,MNG,5
MLJ,ATL,1
MLJ,AGS,0
MIV,YXU,1
MIV,WWD,1
MIV,OAJ,1
MIV,LNS,1
MIV,IAG,1
MIV,PHL,1
MIV,AGC,1
MIV,PWM,1
MIV,SBY,1
MIV,TEB,1
MIV,ILG,1
MLO,ATH,49
MKE,POP,1
MKE,QQR,2
MKE,ATL,52
MKE,AUS,0
MKE,BWI,23
MKE,TRI,1
MKE,BOS,23
MKE,QTC,0
MKE,CLT,20
MKE,ORD,81
MKE,CVG,1
MKE,BKL,1
MKE,CLE,1
MKE,ADS,1
MKE,DFW,25
MKE,DAL,8
MKE,DEN,55
MKE,DTW,32
MKE,YIP,1
MKE,ESC,2
MKE,FBL,0
MKE,GRB,0
MKE,GPT,0
MKE,CMX,2
MKE,IAH,16
MKE,IND,1
MKE,IMT,1
MKE,JLN,0
MKE,LAN,0
MKE,LAS,20
MKE,SDF,1
MKE,MSN,5
MKE,MQT,2
MKE,MEM,2
MKE,MNM,0
MKE,FCM,0
MKE,MSP,40
MKE,MMU,0
MKE,BNA,16
MKE,JFK,16
MKE,LGA,29
MKE,EWR,24
MKE,OUN,0
MKE,OMA,0
MKE,MCO,28
MKE,OSH,0
MKE,PHL,24
MKE,PHX,25
MKE,PIT,0
MKE,PBG,0
MKE,PTK,1
MKE,RHI,2
MKE,RST,0
MKE,SEA,8
MKE,SBN,1
MKE,RSW,1
MKE,UST,0
MKE,STL,14
MKE,PIE,0
MKE,TPA,10
MKE,TEB,1
MKE,IAD,1
MKE,DCA,15
MKE,UES,0
MKE,CWA,0
MWC,QTE,1
MWC,GRB,0
MWC,MSP,0
MWC,EWR,0
MWC,SWF,0
MTT,MEX,22
MEV,ELP,0
MEV,LAX,0
MWL,HSH,1
MWL,MDD,0
MRV,EVN,19
MRV,GYD,8
MRV,SSH,3
MRV,TLV,9
MRV,SCO,1
MRV,ALA,2
MRV,OSS,2
MRV,ASF,2
MRV,CEK,5
MRV,CEE,2
MRV,IJK,2
MRV,KLF,5
MRV,KZN,8
MRV,HMA,2
MRV,KJA,5
MRV,URS,1
MRV,MCX,3
MRV,DME,47
MRV,SVO,56
MRV,VKO,19
MRV,ZIA,2
MRV,NBC,5
MRV,NYM,1
MRV,NJC,4
MRV,GOJ,2
MRV,OVB,12
MRV,NUX,2
MRV,NOJ,1
MRV,OMS,1
MRV,REN,3
MRV,PEZ,3
MRV,PEE,8
MRV,PES,2
MRV,PKV,3
MRV,SLY,2
MRV,KUF,8
MRV,SKX,5
MRV,GSV,3
MRV,AER,11
MRV,LED,46
MRV,SGC,4
MRV,SCW,1
MRV,TJM,7
MRV,UFA,14
MRV,ULV,3
MRV,VOG,2
MRV,SVX,23
MRV,DYU,4
MRV,LBD,2
MRV,AYT,24
MRV,IST,12
MRV,DXB,5
MRV,DWC,1
MRV,SKD,3
MRV,TAS,3
MRV,UGC,0
MSP,YYC,16
MSP,YEG,6
MSP,YUL,17
MSP,YXE,0
MSP,YYZ,47
MSP,YVR,11
MSP,YWG,15
MSP,CDG,13
MSP,FRA,2
MSP,KEF,16
MSP,HND,8
MSP,CUN,10
MSP,MEX,8
MSP,AMS,28
MSP,SJU,2
MSP,ICN,8
MSP,LHR,8
MSP,ABR,16
MSP,ABQ,8
MSP,AXN,0
MSP,ANC,32
MSP,ATW,21
MSP,AVL,9
MSP,ATL,87
MSP,AUS,32
MSP,BWI,41
MSP,BJI,16
MSP,XNA,5
MSP,BIL,8
MSP,BIS,32
MSP,BOI,24
MSP,BOS,62
MSP,BZN,25
MSP,BRD,14
MSP,BUF,11
MSP,BTV,4
MSP,CID,16
MSP,CHS,6
MSP,CLT,54
MSP,DPA,5
MSP,PWK,0
MSP,MDW,81
MSP,ORD,138
MSP,RFD,1
MSP,CVG,40
MSP,CLE,31
MSP,COS,11
MSP,CMH,33
MSP,CLU,0
MSP,DFW,79
MSP,DAL,2
MSP,APA,1
MSP,DEN,158
MSP,DSM,23
MSP,VPS,8
MSP,DTW,57
MSP,DIK,0
MSP,DLH,25
MSP,EAU,3
MSP,EVM,0
MSP,FAI,8
MSP,INL,14
MSP,FAR,39
MSP,FLL,17
MSP,FWA,8
MSP,GFK,24
MSP,GRR,32
MSP,GPZ,0
MSP,GTF,8
MSP,GRB,23
MSP,GPT,2
MSP,HSI,0
MSP,HYR,1
MSP,HNL,8
MSP,IAH,56
MSP,IND,37
MSP,IMT,8
MSP,IWD,7
MSP,JAC,3
MSP,JAX,10
MSP,FCA,10
MSP,MKC,0
MSP,MCI,34
MSP,TYS,3
MSP,LSE,0
MSP,LAL,0
MSP,LAS,78
MSP,LAX,78
MSP,SDF,18
MSP,MSN,32
MSP,QQT,0
MSP,MEM,26
MSP,MIA,22
MSP,MKE,41
MSP,ARV,0
MSP,MOT,31
MSP,MSO,8
MSP,MKG,2
MSP,MYR,5
MSP,BNA,47
MSP,MSY,11
MSP,JFK,29
MSP,LGA,53
MSP,EWR,61
MSP,OKC,8
MSP,OMA,33
MSP,MCO,50
MSP,PSC,8
MSP,PHL,45
MSP,PHX,67
MSP,PIT,37
MSP,PDX,43
MSP,PWM,11
MSP,PVD,7
MSP,RDU,37
MSP,RAP,24
MSP,RNO,6
MSP,RHI,16
MSP,RIE,0
MSP,RIC,10
MSP,RST,16
MSP,ROW,1
MSP,SMF,15
MSP,SLE,0
MSP,SLC,39
MSP,SAT,26
MSP,SAN,39
MSP,SFO,65
MSP,SJC,14
MSP,SNA,13
MSP,CIU,8
MSP,SAV,6
MSP,SEA,76
MSP,FSD,40
MSP,SBN,9
MSP,RSW,24
MSP,SUS,1
MSP,GEG,17
MSP,STL,48
MSP,STP,0
MSP,SGR,0
MSP,TPA,30
MSP,TEB,0
MSP,TVF,14
MSP,TVC,16
MSP,RRT,0
MSP,IAD,36
MSP,DCA,56
MSP,CWA,16
MSP,PBI,0
MSP,ICT,8
MSP,XWA,14
MSP,ILL,0
MSP,ILM,3
MSP,BDL,24
MIC,DLH,0
MIC,MIC,0
MOT,BIS,0
MOT,CXO,1
MOT,DEN,16
MOT,FAR,0
MOT,FTW,0
MOT,GFK,0
MOT,IAH,1
MOT,LAS,3
MOT,MSP,31
MOT,CIU,1
MOT,STC,0
MOT,VNY,0
MSQ,EVN,4
MSQ,GYD,6
MSQ,PEK,2
MSQ,BUS,7
MSQ,KUT,11
MSQ,TBS,8
MSQ,NQZ,7
MSQ,DOH,3
MSQ,CEE,3
MSQ,KGD,7
MSQ,KLF,2
MSQ,KZN,3
MSQ,DME,36
MSQ,SVO,48
MSQ,VKO,8
MSQ,MMK,1
MSQ,GOJ,3
MSQ,NOJ,0
MSQ,PEE,3
MSQ,AER,3
MSQ,LED,26
MSQ,UFA,1
MSQ,SVX,2
MSQ,AYT,4
MSQ,IST,12
MSQ,KRW,1
MSQ,DXB,10
MSQ,SHJ,1
MSQ,TAS,5
MYY,BBN,16
MYY,BTU,7
MYY,JHB,2
MYY,BKI,16
MYY,KUL,67
MYY,KCH,50
MYY,LBU,31
MYY,LWY,43
MYY,LMN,24
MYY,LKH,1
MYY,LBP,3
MYY,LGL,1
MYY,ODN,2
MYY,MUR,26
MYY,MKM,8
MYY,MZV,16
MYY,SBW,40
MYY,SIN,7
MJZ,IKT,10
MJZ,KHV,2
MJZ,DME,3
MJZ,VKO,2
MJZ,OVB,10
MJZ,YKS,4
MSJ,NO,0
MIS,GUR,2
MIS,POM,2
MRA,HBE,3
MRA,CAI,1
MRA,BEN,5
MRA,MLA,1
MRA,DAM,1
MRA,SFA,1
MRA,TUN,17
MRA,IST,10
MRA,TZX,1
MSO,YVR,1
MSO,BIL,0
MSO,BZN,0
MSO,ORD,16
MSO,DFW,8
MSO,DEN,32
MSO,GTF,0
MSO,FCA,0
MSO,LAS,2
MSO,LAX,10
MSO,MLB,0
MSO,MLS,0
MSO,MSP,8
MSO,OAK,2
MSO,AZA,3
MSO,PDX,1
MSO,SLC,24
MSO,SFO,8
MSO,QTZ,1
MSO,SNA,2
MSO,BFI,0
MSO,SEA,23
MHE,CAK,0
MVP,BOG,4
MVP,VVC,2
MYE,NO,0
MMY,ISG,14
MMY,NGO,8
MMY,OKA,108
MMY,KIX,16
MMY,TRA,8
MMY,HND,32
MQN,BOO,22
MQN,TRD,28
MBY,PWK,0
MBY,JEF,0
MOB,ATL,31
MOB,BMT,0
MOB,CLT,23
MOB,DFW,24
MOB,QTQ,0
MOB,IAH,24
MOB,LEE,0
MOB,MGM,0
MOB,ROG,0
MOB,STL,0
MBG,YXE,0
MOD,CSN,0
MOD,DSM,1
MOD,HWD,0
MOD,MCE,0
MOD,APC,0
MOD,HIO,0
MOD,MHR,0
MOD,SNA,0
MOD,SBA,0
MGQ,JIB,4
MGQ,ADD,14
MGQ,NBO,26
MGQ,DOH,4
MGQ,MED,5
MGQ,AAD,1
MGQ,BIB,2
MGQ,BSA,7
MGQ,GLK,4
MGQ,GGR,12
MGQ,GUO,2
MGQ,HGA,15
MGQ,KMU,3
MGQ,IST,6
MGQ,EBB,6
MGQ,DXB,8
MVQ,NO,0
MJD,NO,0
MHV,ONT,0
MOL,BGO,28
MOL,OSL,36
MOL,SVG,1
MLI,ATL,16
MLI,ORD,39
MLI,LUK,1
MLI,DFW,16
MLI,DEN,8
MLI,MKC,0
MLI,LAS,2
MLI,LNK,0
MLI,SDF,0
MLI,MWC,0
MLI,SFB,2
MLI,PGD,2
MLI,SMF,1
MLI,SAV,0
MLI,PIE,3
MBA,ADD,8
MBA,FRA,4
MBA,BOM,3
MBA,MXP,2
MBA,FCO,1
MBA,ASV,7
MBA,EDL,8
MBA,KIS,2
MBA,LAU,8
MBA,NBO,142
MBA,WIL,46
MBA,UKA,19
MBA,KGL,2
MBA,HGA,1
MBA,JRO,2
MBA,ZNZ,28
MBA,EBB,5
MBA,DXB,3
MMP,NO,0
MIR,EVN,0
MIR,VIE,1
MIR,BRU,2
MIR,BNX,4
MIR,SJJ,1
MIR,ZAG,2
MIR,PRG,4
MIR,LIL,1
MIR,LYS,8
MIR,MRS,4
MIR,NTE,4
MIR,NCE,8
MIR,CDG,10
MIR,ORY,18
MIR,BER,2
MIR,CGN,1
MIR,DUS,5
MIR,FRA,5
MIR,HAM,1
MIR,HAJ,3
MIR,LEJ,1
MIR,MUC,3
MIR,STR,3
MIR,BUD,4
MIR,MXP,1
MIR,LUX,3
MIR,SKP,1
MIR,GDN,1
MIR,KTW,5
MIR,POZ,1
MIR,WAW,4
MIR,WRO,1
MIR,OPO,1
MIR,VKO,2
MIR,LED,2
MIR,BEG,7
MIR,BTS,5
MIR,KSC,2
MIR,LJU,2
MIR,DJE,4
MIR,TUN,1
MBE,HND,8
MJK,CVQ,16
MLU,ATL,16
MLU,BTR,0
MLU,BOI,0
MLU,DFW,23
MLU,GUF,0
MLU,HOT,0
MLU,EFD,0
MLU,MEM,0
MLU,QQN,0
MLU,SAT,0
MLU,IAD,1
MVC,PNS,0
MTP,BED,0
MTP,HFD,0
MTE,STM,4
MCM,NO,0
MEU,GGF,4
MEU,BEL,2
MBJ,NAS,2
MBJ,BRU,1
MBJ,YUL,2
MBJ,YYZ,27
MBJ,FRA,2
MBJ,CUN,2
MBJ,PTY,5
MBJ,BHX,3
MBJ,LGW,3
MBJ,LHR,4
MBJ,MAN,2
MBJ,ATL,33
MBJ,AUS,1
MBJ,BWI,17
MBJ,BOS,1
MBJ,CLT,21
MBJ,MDW,5
MBJ,ORD,11
MBJ,DFW,19
MBJ,DEN,4
MBJ,FLL,33
MBJ,IAH,10
MBJ,HOU,7
MBJ,MIA,28
MBJ,MSY,0
MBJ,JFK,36
MBJ,EWR,16
MBJ,MCO,32
MBJ,PHL,23
MBJ,STL,5
MBJ,TPA,2
MBJ,IAD,3
MRY,IFP,0
MRY,QTC,0
MRY,MDW,2
MRY,CCR,0
MRY,CRP,0
MRY,DFW,16
MRY,DAL,0
MRY,APA,1
MRY,DEN,8
MRY,HWD,0
MRY,IAH,0
MRY,HOU,1
MRY,ISP,0
MRY,LAS,2
MRY,LGB,1
MRY,LAX,16
MRY,MEV,0
MRY,MRY,0
MRY,OAK,1
MRY,PAO,0
MRY,PHL,1
MRY,PHX,24
MRY,SLC,1
MRY,SQL,0
MRY,SAN,8
MRY,CLD,1
MRY,SFO,16
MRY,SJC,1
MRY,SBP,0
MRY,SNA,4
MRY,SCF,0
MRY,SEA,5
MRY,SCK,0
MRY,TUS,0
MRY,VNY,0
MRY,VIS,1
MRY,YKM,0
MTR,BAQ,8
MTR,BOG,54
MTR,EOH,24
MTR,MDE,16
MTY,BOG,2
MTY,HAV,3
MTY,ACA,3
MTY,AGU,6
MTY,CUN,123
MTY,CUU,16
MTY,CJS,16
MTY,CEN,3
MTY,CVM,8
MTY,CZM,4
MTY,CUL,8
MTY,GDL,71
MTY,HMO,16
MTY,HUX,3
MTY,LMM,2
MTY,MAM,14
MTY,MZT,13
MTY,MID,19
MTY,MXL,6
MTY,NLU,28
MTY,MEX,234
MTY,MLM,4
MTY,OAX,5
MTY,PDS,19
MTY,PBC,18
MTY,PVR,31
MTY,QRO,57
MTY,SJD,11
MTY,SLP,2
MTY,BJX,32
MTY,TAM,21
MTY,TIJ,47
MTY,TLC,23
MTY,TGZ,10
MTY,VER,18
MTY,VSA,8
MTY,PTY,4
MTY,MAD,9
MTY,ATL,8
MTY,AUS,5
MTY,ORD,11
MTY,CVG,6
MTY,DFW,50
MTY,DTW,7
MTY,IAH,61
MTY,LAS,5
MTY,LAX,3
MTY,SDF,1
MTY,MEM,1
MTY,MIA,8
MTY,JFK,8
MTY,PHX,8
MTY,SAT,16
MOC,CNF,26
MOC,BPS,2
MOC,CGH,8
MOC,GRU,14
MOC,GTP,7
MVE,NO,0
MVD,AEP,31
MVD,EZE,5
MVD,FLN,2
MVD,POA,8
MVD,REC,1
MVD,GIG,3
MVD,GRU,32
MVD,SCL,16
MVD,BOG,7
MVD,PTY,24
MVD,ASU,10
MVD,LIM,5
MVD,MAD,13
MGM,ATL,31
MGM,AUO,0
MGM,BHM,0
MGM,CLT,16
MGM,CHO,0
MGM,DFW,15
MGM,DCU,0
MGM,GPT,1
MGM,OPF,0
MGM,QQN,1
MGM,TEB,0
MGM,DCA,7
MGJ,MMU,0
MGJ,RME,0
MSV,NO,0
MXO,NO,0
MCU,NO,0
MPL,ALG,5
MPL,ORN,3
MPL,CPH,2
MPL,AJA,1
MPL,QYA,1
MPL,AVN,1
MPL,BSL,5
MPL,BIA,7
MPL,BZR,1
MPL,BES,2
MPL,CFR,2
MPL,DCM,1
MPL,EDM,1
MPL,LIL,2
MPL,LIG,1
MPL,LYN,1
MPL,MPL,1
MPL,NTE,14
MPL,CDG,40
MPL,LBG,2
MPL,ORY,24
MPL,PUF,1
MPL,PIS,1
MPL,RDZ,1
MPL,SXB,2
MPL,TLS,1
MPL,ATH,1
MPL,FLR,1
MPL,FCO,2
MPL,LUX,3
MPL,MLA,1
MPL,CMN,6
MPL,FEZ,5
MPL,RAK,2
MPL,NDR,4
MPL,AMS,7
MPL,RTM,2
MPL,MCT,0
MPL,LIS,2
MPL,OPO,1
MPL,BCN,1
MPL,SVQ,2
MPL,GVA,1
MPL,TUN,3
MPL,LGW,14
MPL,SEN,1
MTJ,ORD,2
MTJ,CNO,1
MTJ,COS,0
MTJ,DFW,16
MTJ,APA,0
MTJ,DEN,32
MTJ,RIL,0
MTJ,IAH,8
MTJ,IOW,0
MTJ,SLC,0
MNI,ANU,30
MOO,ADL,5
MOO,BBL,2
MOO,BNE,3
MOZ,BOB,13
MOZ,HUH,4
MOZ,PPT,2
MOZ,RFP,2
MXX,NO,0
MOV,BNE,38
MOV,EMD,1
MRZ,SYD,14
MLM,CUN,3
MLM,MXL,2
MLM,MEX,24
MLM,MTY,4
MLM,TIJ,43
MLM,MDW,10
MLM,ORD,6
MLM,DFW,8
MLM,FAT,3
MLM,IAH,8
MLM,LAX,6
MLM,OAK,4
MLM,SJC,4
MRN,NO,0
MGW,GYY,0
MGW,DUJ,0
MGW,EVV,0
MGW,HOU,0
MGW,LBE,0
MGW,PIT,14
MGW,IAD,30
MXN,LBG,1
MXH,POM,1
MXV,ULG,2
MXV,UBN,1
MOQ,TNR,2
MOX,AMA,0
MOX,CID,0
MMU,YOW,0
MMU,YYZ,0
MMU,ABE,0
MMU,PDK,0
MMU,BUR,1
MMU,QQY,0
MMU,CHS,0
MMU,CLT,2
MMU,OSU,0
MMU,DAL,0
MMU,JPX,0
MMU,ELM,0
MMU,FNT,1
MMU,FXE,1
MMU,FRY,0
MMU,PGV,1
MMU,HHH,1
MMU,LCI,1
MMU,LWB,0
MMU,OPF,0
MMU,MKE,0
MMU,MGJ,0
MMU,MMU,0
MMU,APF,1
MMU,BNA,0
MMU,QQN,0
MMU,OAK,0
MMU,OMA,1
MMU,OGB,0
MMU,PLN,0
MMU,PHL,1
MMU,PNE,0
MMU,PHX,1
MMU,PTK,0
MMU,RIC,0
MMU,ROC,0
MMU,RUT,0
MMU,SJC,1
MMU,SEG,0
MMU,STL,0
MMU,PIE,0
MMU,SUM,0
MMU,TEB,1
MMU,MJX,0
MMU,VRB,1
MMU,IAD,2
MMU,DCA,1
MMU,PBI,0
MMU,FOK,0
MMU,HPN,1
MMU,ILG,1
MMU,ORH,1
MOR,CAE,0
MOR,IAH,0
MOR,SWO,0
MVL,CON,0
MYA,MIM,7
MYA,SYD,20
MWH,COE,0
MWH,PAE,0
MWH,KTN,1
MWH,MWH,0
MWH,BFI,1
MWH,VNY,1
MWH,ALW,0
MWH,YKM,0
MJF,BOO,14
MJF,TRD,21
MVF,REC,6
MGR,FAY,1
MGR,PBI,0
MGB,ADL,24
MGB,MEL,13
MMG,PER,0
MPN,SID,1
MPN,PUQ,1
MOP,NO,0
MPO,NO,0
MVN,DTN,0
MVN,SUS,0
MOU,BET,5
MOU,PQS,1
MOU,KSM,7
MYW,DAR,3
MWX,DYG,2
MWX,NGO,3
MWX,CJU,2
MWX,GMP,2
MWX,DAD,2
MDG,PEK,21
MDG,DLC,15
MDG,TAO,23
MDG,SHE,3
MDG,WEH,8
MDG,YNT,8
MDG,ICN,4
MKM,BTU,2
MKM,KCH,24
MKM,MYY,8
MKM,SBW,4
MUX,BAH,7
MUX,MCT,5
MUX,ISB,2
MUX,KHI,4
MUX,DOH,5
MUX,ELQ,0
MUX,JED,6
MUX,MED,1
MUX,AUH,2
MUX,DXB,23
MUX,SHJ,13
MZV,BKI,8
MZV,KCH,8
MZV,MYY,16
MIE,LAF,0
MUA,GZO,6
MUA,HIR,7
MUA,EGM,1
MUC,TIA,15
MUC,GRZ,8
MUC,SZG,2
MUC,VIE,50
MUC,BRU,52
MUC,LGG,5
MUC,GIG,3
MUC,SOF,16
MUC,YUL,8
MUC,YYZ,16
MUC,YVR,8
MUC,BVC,1
MUC,PVG,4
MUC,BWK,1
MUC,DBV,15
MUC,OSI,2
MUC,PUY,4
MUC,RJK,4
MUC,SPU,25
MUC,ZAD,4
MUC,ZAG,19
MUC,LCA,8
MUC,PFO,1
MUC,PRG,16
MUC,BLL,8
MUC,CPH,50
MUC,CAI,16
MUC,HRG,16
MUC,RMF,5
MUC,TLL,10
MUC,HEL,40
MUC,TMP,4
MUC,BIA,2
MUC,BIQ,1
MUC,BOD,3
MUC,LYS,24
MUC,MRS,24
MUC,NCE,33
MUC,CDG,83
MUC,LBG,1
MUC,ORY,16
MUC,TLS,25
MUC,TBS,8
MUC,BER,83
MUC,BWE,1
MUC,BRE,39
MUC,CGN,60
MUC,DTM,11
MUC,DRS,23
MUC,DUS,101
MUC,FRA,91
MUC,HAM,101
MUC,HAJ,42
MUC,KSF,1
MUC,LEJ,17
MUC,LBC,11
MUC,FMO,29
MUC,OBF,1
MUC,PAD,16
MUC,SGE,1
MUC,STR,32
MUC,GWT,7
MUC,PVK,3
MUC,ATH,56
MUC,CHQ,5
MUC,CFU,10
MUC,HER,32
MUC,KLX,1
MUC,AOK,1
MUC,KVA,3
MUC,EFL,1
MUC,KGS,8
MUC,JMK,4
MUC,GPA,1
MUC,RHO,12
MUC,JTR,2
MUC,JSI,2
MUC,SKG,26
MUC,VOL,1
MUC,ZTH,3
MUC,BUD,31
MUC,DEB,5
MUC,KEF,15
MUC,DEL,8
MUC,BOM,8
MUC,EBL,1
MUC,DUB,29
MUC,TLV,24
MUC,AOI,8
MUC,BRI,16
MUC,BLQ,24
MUC,BDS,2
MUC,CAG,6
MUC,CTA,14
MUC,FLR,24
MUC,GOA,9
MUC,SUF,4
MUC,LIN,16
MUC,MXP,31
MUC,NAP,24
MUC,OLB,20
MUC,PMO,9
MUC,FCO,40
MUC,TRN,22
MUC,VCE,31
MUC,VRN,16
MUC,KIX,3
MUC,HND,0
MUC,JER,1
MUC,PRN,8
MUC,KWI,4
MUC,RIX,14
MUC,VNO,4
MUC,LUX,36
MUC,MLA,21
MUC,MEX,3
MUC,TGD,1
MUC,TIV,1
MUC,AMS,80
MUC,BGO,3
MUC,OSL,30
MUC,MCT,6
MUC,GDN,17
MUC,KRK,24
MUC,POZ,16
MUC,RZE,9
MUC,WAW,49
MUC,WRO,16
MUC,FAO,12
MUC,FNC,7
MUC,LIS,40
MUC,OPO,16
MUC,DOH,18
MUC,OTP,16
MUC,CLJ,16
MUC,OMR,1
MUC,SBZ,16
MUC,TGM,1
MUC,TSR,24
MUC,JED,3
MUC,RUH,3
MUC,BEG,16
MUC,SIN,15
MUC,BTS,1
MUC,LJU,8
MUC,ICN,8
MUC,ALC,5
MUC,OVD,1
MUC,BCN,54
MUC,BIO,24
MUC,FUE,6
MUC,LPA,8
MUC,IBZ,16
MUC,XRY,2
MUC,SPC,1
MUC,ACE,3
MUC,MAD,64
MUC,MAH,3
MUC,AGP,14
MUC,PMI,82
MUC,SVQ,8
MUC,TFS,8
MUC,VLC,8
MUC,GOT,16
MUC,ARN,41
MUC,BXO,1
MUC,GVA,33
MUC,ZRH,46
MUC,TPE,5
MUC,DYU,1
MUC,BKK,16
MUC,DJE,4
MUC,MIR,3
MUC,TUN,10
MUC,ADA,1
MUC,ESB,8
MUC,AYT,58
MUC,BJV,4
MUC,DLM,3
MUC,IST,31
MUC,SAW,20
MUC,ADB,23
MUC,ASR,1
MUC,AUH,8
MUC,DXB,16
MUC,BHX,14
MUC,EDI,7
MUC,BQH,1
MUC,LGW,10
MUC,LHR,93
MUC,MAN,21
MUC,EMA,1
MUC,ATL,8
MUC,BOS,6
MUC,CLT,16
MUC,ORD,24
MUC,RFD,1
MUC,DEN,16
MUC,DTW,8
MUC,IAH,8
MUC,LAX,8
MUC,JFK,7
MUC,EWR,16
MUC,SAN,4
MUC,SFO,16
MUC,IAD,16
MMK,MSQ,1
MMK,ARH,2
MMK,CEE,3
MMK,KGD,1
MMK,KLF,2
MMK,DME,16
MMK,SVO,52
MMK,VKO,3
MMK,GOJ,2
MMK,PEE,2
MMK,AER,2
MMK,LED,40
MMK,AYT,1
MYI,NLF,17
MYI,HID,8
MYI,OKR,15
MSR,JED,1
MSR,MED,0
MSR,ESB,8
MSR,YEI,3
MSR,GZT,1
MSR,IST,20
MSR,SAW,5
MCT,BAH,30
MCT,CGP,19
MCT,DAC,28
MCT,ZYL,1
MCT,LCA,1
MCT,JIB,1
MCT,HBE,2
MCT,CAI,24
MCT,ADD,4
MCT,CDG,8
MCT,FRA,8
MCT,MUC,6
MCT,HKG,1
MCT,BLR,11
MCT,MAA,25
MCT,COK,32
MCT,DEL,24
MCT,GOI,5
MCT,HYD,26
MCT,JAI,7
MCT,CNN,2
MCT,CCJ,24
MCT,LKO,8
MCT,IXE,4
MCT,BOM,40
MCT,TRZ,1
MCT,TRV,15
MCT,CGK,8
MCT,MHD,1
MCT,SYZ,7
MCT,IKA,10
MCT,MXP,7
MCT,AMM,7
MCT,NBO,1
MCT,KWI,33
MCT,BEY,0
MCT,KUL,7
MCT,KTM,4
MCT,DQM,5
MCT,FAU,5
MCT,KHS,7
MCT,OMM,8
MCT,MSH,2
MCT,UKH,6
MCT,RNM,2
MCT,SLL,47
MCT,LYP,2
MCT,ISB,15
MCT,KHI,11
MCT,LHE,14
MCT,MUX,5
MCT,PEW,2
MCT,SKT,9
MCT,TUK,2
MCT,MNL,8
MCT,DOH,45
MCT,SVO,6
MCT,DMM,29
MCT,JED,46
MCT,MED,9
MCT,RUH,27
MCT,CMB,12
MCT,ZRH,5
MCT,DAM,1
MCT,ZNZ,7
MCT,BKK,21
MCT,HKT,14
MCT,IST,24
MCT,SAW,10
MCT,TZX,15
MCT,AUH,28
MCT,DXB,109
MCT,DWC,1
MCT,SHJ,16
MCT,LHR,9
MCT,HAN,2
MUT,NO,0
MSL,CLT,8
MSL,QQN,0
MSL,CLD,0
MKG,MDW,1
MKG,ORD,40
MKG,RFD,0
MKG,DSM,0
MKG,LDM,0
MKG,MLI,1
MKG,OMA,0
MKO,NO,0
MSA,XBE,7
MSA,YXL,10
MUZ,NO,0
MQS,BGI,24
MQS,UVF,32
MQS,SVD,23
MOK,NO,0
MWZ,NBO,2
MWZ,KGL,16
MWZ,BKZ,8
MWZ,DAR,29
MWZ,JRO,9
MWZ,GTZ,14
MWZ,SEU,14
MWZ,EBB,4
MGZ,TVY,0
MGZ,KAW,1
MGZ,RGN,19
MYT,LSH,1
MYT,MDL,26
MYT,PBU,5
MYT,RGN,8
MYR,CAK,3
MYR,ALB,2
MYR,ABE,4
MYR,PDK,0
MYR,ATL,32
MYR,ACY,8
MYR,BLM,0
MYR,BWI,25
MYR,BLV,2
MYR,BOS,10
MYR,QQC,1
MYR,CHS,0
MYR,CRW,1
MYR,CLT,69
MYR,MDW,10
MYR,ORD,9
MYR,CVG,7
MYR,CKB,3
MYR,CLE,8
MYR,CAE,8
MYR,CMH,3
MYR,LCK,7
MYR,USA,0
MYR,DFW,17
MYR,DAL,2
MYR,DEN,2
MYR,DTW,14
MYR,JPX,0
MYR,FLL,8
MYR,FWA,2
MYR,GGE,0
MYR,GMU,0
MYR,HGR,2
MYR,HAO,0
MYR,MDT,4
MYR,HTS,3
MYR,IND,2
MYR,ISP,3
MYR,MCI,1
MYR,LBE,8
MYR,LEX,3
MYR,SDF,1
MYR,MHT,4
MYR,MSP,5
MYR,BFM,1
MYR,MYR,0
MYR,BNA,16
MYR,HVN,3
MYR,LGA,24
MYR,EWR,24
MYR,SWF,2
MYR,CRE,0
MYR,MCO,16
MYR,PHL,32
MYR,AGC,0
MYR,PIT,14
MYR,PVD,0
MYR,ROC,4
MYR,SAV,1
MYR,STL,2
MYR,SYR,2
MYR,TMA,0
MYR,IAD,1
MYR,DCA,7
MYR,BDL,8
MYQ,MAA,12
MYQ,GOI,5
MYQ,HYD,16
MJT,BRU,1
MJT,ATH,44
MJT,JKH,4
MJT,LXS,4
MJT,SKG,13
MJT,AMS,4
MJT,LGW,1
MJT,STN,1
MJT,MAN,3
MNC,MPM,6
MQP,VNX,5
MQP,CPT,8
MQP,DUR,4
MQP,JNB,39
MQP,PZL,8
MQP,LVI,8
MQP,VFA,7
MSY,YYZ,4
MSY,SAP,8
MSY,CUN,10
MSY,LHR,6
MSY,ALX,0
MSY,AVL,0
MSY,ATL,95
MSY,AUS,53
MSY,BWI,23
MSY,XNA,2
MSY,BOS,24
MSY,CHS,7
MSY,CLT,36
MSY,MDW,24
MSY,ORD,24
MSY,CVG,3
MSY,CLL,0
MSY,CRP,0
MSY,DFW,64
MSY,DAL,55
MSY,DEN,44
MSY,DTW,8
MSY,QTE,0
MSY,FLL,38
MSY,GTR,0
MSY,GUF,0
MSY,IAH,91
MSY,HOU,51
MSY,JAN,0
MSY,HKS,0
MSY,JAX,9
MSY,MCI,9
MSY,LAS,17
MSY,LGB,1
MSY,LAX,37
MSY,SDF,4
MSY,MEM,2
MSY,TMB,0
MSY,MIA,34
MSY,MSP,10
MSY,BNA,25
MSY,JFK,31
MSY,LGA,39
MSY,EWR,24
MSY,ORF,2
MSY,MCO,52
MSY,PHL,20
MSY,PHX,16
MSY,PIT,2
MSY,RDU,8
MSY,RNO,1
MSY,RIC,4
MSY,SLC,8
MSY,SAT,9
MSY,SAN,1
MSY,SFO,8
MSY,SAV,2
MSY,SEA,13
MSY,UST,0
MSY,STL,15
MSY,SGR,0
MSY,TPA,32
MSY,IAD,16
MSY,DCA,39
MSY,PBI,0
MSY,BDL,2
MIQ,CIN,0
MIQ,OLU,0
MIQ,FDY,1
MIQ,EAR,0
MIQ,EOK,0
MIQ,LXN,0
MIQ,LNK,0
MIQ,ONL,0
MIQ,SLN,0
MIQ,SGF,0
MCO,AUA,8
MCO,MHH,1
MCO,NAS,19
MCO,ELH,1
MCO,BSB,6
MCO,VCP,8
MCO,GRU,4
MCO,YYC,3
MCO,YHM,2
MCO,YUL,26
MCO,YYZ,51
MCO,YVR,1
MCO,BOG,21
MCO,CTG,3
MCO,MDE,12
MCO,SJO,16
MCO,PUJ,16
MCO,SDQ,28
MCO,SAL,7
MCO,FRA,8
MCO,GUA,4
MCO,SAP,4
MCO,DUB,7
MCO,MBJ,32
MCO,CUN,37
MCO,GDL,7
MCO,MEX,30
MCO,SXM,1
MCO,PTY,38
MCO,BQN,31
MCO,PSE,20
MCO,SJU,162
MCO,POS,3
MCO,DXB,6
MCO,LGW,20
MCO,LHR,12
MCO,MAN,16
MCO,CAK,3
MCO,ALB,14
MCO,AVL,0
MCO,PDK,0
MCO,ATL,196
MCO,ACY,16
MCO,AUS,64
MCO,BWI,118
MCO,BED,0
MCO,XNA,5
MCO,BHM,16
MCO,BCT,1
MCO,BOS,87
MCO,BRO,3
MCO,BUF,23
MCO,CHS,11
MCO,CRW,2
MCO,CLT,114
MCO,CHO,2
MCO,MDW,70
MCO,ORD,114
MCO,CVG,36
MCO,CLE,45
MCO,CMH,54
MCO,DFW,118
MCO,DAL,71
MCO,DAY,2
MCO,DEN,90
MCO,DTW,82
MCO,DBQ,2
MCO,EAU,2
MCO,FLL,45
MCO,GRR,5
MCO,BGM,2
MCO,GSP,6
MCO,MDT,2
MCO,IAH,89
MCO,HOU,45
MCO,HSV,9
MCO,IND,55
MCO,ISP,25
MCO,JAN,1
MCO,AZO,3
MCO,MCI,34
MCO,EYW,10
MCO,ISM,1
MCO,LAN,3
MCO,LAS,34
MCO,LBE,8
MCO,LAX,76
MCO,SDF,20
MCO,MSN,3
MCO,MHT,15
MCO,MTH,0
MCO,MEM,20
MCO,MIA,95
MCO,OPF,2
MCO,MKE,28
MCO,MSP,49
MCO,BFM,2
MCO,MYR,16
MCO,BNA,69
MCO,HVN,10
MCO,MSY,52
MCO,JFK,113
MCO,LGA,110
MCO,EWR,145
MCO,SWF,3
MCO,IAG,0
MCO,ORF,16
MCO,OKC,2
MCO,OMA,9
MCO,ONT,8
MCO,MCO,0
MCO,ECP,0
MCO,PNS,16
MCO,PHL,132
MCO,PHX,42
MCO,AGC,1
MCO,PIT,50
MCO,PDX,8
MCO,PVD,32
MCO,RDU,66
MCO,RIC,21
MCO,ROC,9
MCO,SLC,46
MCO,SAT,26
MCO,SAN,16
MCO,SFO,32
MCO,SJC,1
MCO,SNA,8
MCO,SRQ,1
MCO,SEA,40
MCO,RSW,8
MCO,STL,56
MCO,SVH,1
MCO,SYR,13
MCO,TLH,1
MCO,TPA,0
MCO,TTN,16
MCO,TUL,2
MCO,VLD,5
MCO,IAD,32
MCO,DCA,89
MCO,PBI,0
MCO,HPN,33
MCO,ILM,2
MCO,ILG,5
MCO,BDL,42
MCO,ORH,1
MCO,STT,8
MZG,CYI,8
MZG,KHH,138
MZG,KNH,2
MZG,RMQ,77
MZG,TNN,24
MZG,TSA,150
MRU,PER,2
MRU,BRU,2
MRU,CDG,12
MRU,ORY,2
MRU,FRA,4
MRU,DEL,3
MRU,BOM,12
MRU,NBO,9
MRU,TNR,7
MRU,KUL,2
MRU,RRG,32
MRU,RUN,61
MRU,ZSE,2
MRU,JED,4
MRU,SEZ,3
MRU,CPT,2
MRU,JNB,19
MRU,IST,4
MRU,DXB,16
MRU,LGW,3
MRU,LHR,5
MSK,BOG,12
MSK,VVC,3
MCC,ACV,0
MCC,BOI,0
MCC,EUG,0
MCC,ONT,0
MCC,HIO,0
MCC,RDD,0
MCC,MCC,0
MCC,SFO,0
MCC,SJC,0
MCC,SNA,0
MHR,ABQ,0
MHR,ACV,0
MHR,BZN,0
MHR,RFD,1
MHR,CCR,1
MHR,HWD,0
MHR,SDF,1
MHR,MOD,0
MHR,SIY,0
MHR,OAK,0
MHR,ONT,1
MHR,PAO,0
MHR,RDD,0
MHR,RNO,0
MHR,MHR,0
MHR,SAN,0
MHR,AVW,0
MBS,APN,0
MBS,ORD,24
MBS,DTW,24
MBS,LJN,1
MBS,LAN,0
MBS,LOU,0
MBS,PTK,0
MBS,TEB,1
MYF,BFL,0
MYF,QTC,0
MYF,CNO,0
MYF,FAT,0
MYF,FUL,0
MYF,GJT,1
MYF,POC,1
MYF,WJF,0
MYF,HSH,0
MYF,LGB,0
MYF,LAX,0
MYF,MSC,0
MYF,OXR,0
MYF,PSP,0
MYF,GYR,0
MYF,PRC,1
MYF,PVU,0
MYF,RAL,0
MYF,CLD,0
MYF,SBP,0
MYF,SNA,0
MYF,SBA,0
MYF,SMX,0
MYF,SMO,1
MYF,VNY,0
MYF,VCV,0
MYF,VIS,0
MQY,PDK,0
MQY,CKV,0
MQY,LCK,0
MQY,USA,0
MQY,DAY,1
MQY,FTW,0
MQY,CDH,0
MQY,IND,0
MQY,CRG,0
MQY,TYS,0
MQY,LEX,0
MQY,LIT,0
MQY,MEM,0
MQY,FCM,0
MQY,BNA,0
MQY,OLV,1
MQY,ECP,0
MQY,PGD,0
MQY,MQY,0
MQY,SPA,0
MQY,THA,0
MCY,ADL,4
MCY,ABX,2
MCY,BNE,2
MCY,CNS,6
MCY,CFS,3
MCY,EMD,2
MCY,MKY,3
MCY,MEL,48
MCY,AVV,4
MCY,MQL,2
MCY,NTL,4
MCY,PQQ,2
MCY,PPP,4
MCY,ROK,3
MCY,SYD,54
MCY,TMW,2
MCY,TSV,5
MJX,CMH,0
MJX,FFA,0
MJX,MMU,0
MJX,TTN,0
MJX,STT,1
MJI,OST,1
MJI,HBE,6
MJI,CAI,16
MJI,CIA,1
MJI,BEY,1
MJI,LAQ,4
MJI,BEN,26
MJI,SEB,4
MJI,TOB,1
MJI,MLA,8
MJI,NIM,3
MJI,JED,3
MJI,DJE,2
MJI,SFA,7
MJI,TUN,72
MJI,IST,46
MUE,OGG,16
MUE,KOA,0
