Departure,Arrival,Number of flights
OVD,CRL,2
OVD,ORY,3
OVD,FRA,4
OVD,MUC,1
OVD,NRN,3
OVD,DUB,2
OVD,BGY,3
OVD,FCO,4
OVD,VCE,2
OVD,AMS,3
OVD,LIS,4
OVD,ALC,9
OVD,BCN,26
OVD,FUE,1
OVD,LPA,10
OVD,GRX,3
OVD,IBZ,3
OVD,ACE,3
OVD,MAD,35
OVD,MAH,4
OVD,AGP,9
OVD,RMU,2
OVD,PMI,8
OVD,SVQ,7
OVD,TFN,7
OVD,TFS,1
OVD,VLC,6
OVD,LGW,5
OVD,STN,3
OGZ,EVN,2
OGZ,KZN,2
OGZ,DME,32
OGZ,SVO,3
OGZ,VKO,3
OGZ,OVB,2
OGZ,PEE,1
OGZ,AER,3
OGZ,LED,3
OGZ,SVX,3
OGZ,AYT,6
OGZ,IST,2
OXB,RAI,2
OXB,ABJ,0
OXB,CKY,1
OXB,CMN,3
OXB,LIS,4
OXB,DSS,6
ODO,IKT,30
OCM,ALH,3
OCM,BQB,6
OCM,GET,8
OCM,PER,24
OLA,EVE,2
OLA,OSL,11
OTP,SZG,1
OTP,VIE,40
OTP,BRU,11
OTP,CRL,19
OTP,SOF,14
OTP,DBV,1
OTP,SPU,3
OTP,ZAD,2
OTP,LCA,5
OTP,PFO,5
OTP,PRG,9
OTP,AAR,3
OTP,BLL,4
OTP,CPH,6
OTP,CAI,4
OTP,BSL,5
OTP,LYS,4
OTP,MRS,5
OTP,NCE,8
OTP,BVA,10
OTP,CDG,42
OTP,SXB,1
OTP,BER,6
OTP,DTM,8
OTP,DUS,4
OTP,FRA,33
OTP,HAM,4
OTP,FMM,2
OTP,MUC,16
OTP,NUE,3
OTP,STR,3
OTP,PVK,1
OTP,ATH,30
OTP,CHQ,4
OTP,CFU,7
OTP,HER,9
OTP,EFL,1
OTP,JMK,3
OTP,RHO,2
OTP,JTR,2
OTP,JSI,2
OTP,SKG,12
OTP,ZTH,2
OTP,BUD,15
OTP,DUB,11
OTP,TLV,42
OTP,AHO,2
OTP,BRI,6
OTP,BLQ,14
OTP,CTA,10
OTP,FLR,1
OTP,GOA,2
OTP,BGY,26
OTP,MXP,5
OTP,NAP,12
OTP,PMO,3
OTP,PEG,2
OTP,PSR,4
OTP,PSA,5
OTP,CIA,13
OTP,FCO,18
OTP,TRN,3
OTP,TSF,18
OTP,AMM,6
OTP,RIX,3
OTP,BEY,6
OTP,VNO,2
OTP,LUX,4
OTP,MLA,6
OTP,KIV,23
OTP,AMS,37
OTP,EIN,8
OTP,TRF,6
OTP,WAW,24
OTP,WRO,1
OTP,LIS,4
OTP,DOH,16
OTP,BAY,8
OTP,CLJ,41
OTP,IAS,30
OTP,OMR,14
OTP,SUJ,3
OTP,SBZ,5
OTP,SCV,18
OTP,TGM,6
OTP,TSR,41
OTP,JED,2
OTP,RUH,2
OTP,BEG,15
OTP,ALC,4
OTP,BCN,14
OTP,CDT,2
OTP,MAD,22
OTP,AGP,6
OTP,PMI,4
OTP,SDR,2
OTP,SVQ,3
OTP,TFS,4
OTP,VLC,6
OTP,ZAZ,3
OTP,MMX,2
OTP,NYO,6
OTP,GVA,3
OTP,LUG,1
OTP,ZRH,16
OTP,ESB,3
OTP,AYT,6
OTP,IST,45
OTP,SAW,6
OTP,AUH,3
OTP,DXB,10
OTP,BHX,10
OTP,BRS,2
OTP,EDI,4
OTP,LBA,5
OTP,LPL,3
OTP,LGW,8
OTP,LHR,24
OTP,LTN,29
OTP,STN,28
OTP,MAN,4
OAL,CGB,3
ORD,AUA,2
ORD,VIE,8
ORD,GYD,5
ORD,NAS,2
ORD,BRU,13
ORD,LGG,7
ORD,GRU,8
ORD,YYC,28
ORD,YHZ,2
ORD,YUL,55
ORD,YOW,16
ORD,YQB,8
ORD,YYZ,136
ORD,YVR,32
ORD,GCM,1
ORD,PEK,6
ORD,NKG,6
ORD,PVG,83
ORD,SZX,5
ORD,LIR,1
ORD,SJO,1
ORD,CPH,8
ORD,PUJ,25
ORD,UIO,1
ORD,ADD,8
ORD,HEL,4
ORD,CDG,29
ORD,FRA,38
ORD,MUC,24
ORD,ATH,8
ORD,GUA,2
ORD,KEF,24
ORD,DEL,9
ORD,DUB,32
ORD,SNN,8
ORD,TLV,4
ORD,MXP,11
ORD,FCO,16
ORD,MBJ,11
ORD,NGO,1
ORD,HND,24
ORD,NRT,15
ORD,AMM,11
ORD,LUX,11
ORD,CUN,56
ORD,GDL,23
ORD,MEX,49
ORD,MTY,12
ORD,MLM,5
ORD,PVR,2
ORD,QRO,1
ORD,SJD,12
ORD,BJX,5
ORD,AMS,21
ORD,AKL,4
ORD,PTY,8
ORD,KRK,5
ORD,WAW,11
ORD,LIS,4
ORD,SJU,25
ORD,DOH,8
ORD,BEG,3
ORD,ICN,10
ORD,BCN,16
ORD,MAD,8
ORD,ARN,6
ORD,ZRH,24
ORD,TPE,15
ORD,IST,17
ORD,PLS,1
ORD,AUH,8
ORD,DXB,8
ORD,EDI,8
ORD,PIK,1
ORD,LHR,64
ORD,STN,2
ORD,EMA,1
ORD,CAK,22
ORD,ALB,39
ORD,ABQ,16
ORD,ABE,16
ORD,ANC,125
ORD,ATW,69
ORD,AVL,33
ORD,ASE,16
ORD,ATL,150
ORD,AUS,75
ORD,AVP,24
ORD,BWI,72
ORD,BGR,17
ORD,XNA,53
ORD,BIL,8
ORD,BHM,31
ORD,BMI,16
ORD,BOI,16
ORD,BOS,142
ORD,BZN,18
ORD,BUF,43
ORD,BTV,22
ORD,BRL,16
ORD,CID,62
ORD,CMI,16
ORD,CHS,29
ORD,CRW,24
ORD,CLT,93
ORD,CHA,22
ORD,PWK,0
ORD,MDW,2
ORD,CVG,73
ORD,CLE,69
ORD,COS,16
ORD,CAE,16
ORD,COU,16
ORD,CMH,63
ORD,LCK,1
ORD,DFW,140
ORD,DAL,31
ORD,DAY,69
ORD,DEC,14
ORD,DEN,146
ORD,DSM,56
ORD,VPS,1
ORD,DTW,106
ORD,DLH,16
ORD,ELP,8
ORD,FAI,8
ORD,SUU,0
ORD,FAR,29
ORD,FNT,40
ORD,FOD,8
ORD,FLL,39
ORD,FWA,47
ORD,AFW,2
ORD,FTW,0
ORD,FAT,8
ORD,GRR,72
ORD,GTF,1
ORD,GRB,64
ORD,GSO,25
ORD,GSP,32
ORD,CMX,16
ORD,MDT,32
ORD,HYS,8
ORD,HHH,2
ORD,HNL,9
ORD,IAH,104
ORD,HOU,0
ORD,HSV,23
ORD,IND,83
ORD,IWD,7
ORD,JAC,24
ORD,JAX,30
ORD,JST,8
ORD,OGG,5
ORD,AZO,16
ORD,FCA,16
ORD,MCI,63
ORD,TYS,48
ORD,KOA,1
ORD,LSE,16
ORD,LAN,16
ORD,LAS,116
ORD,LEX,40
ORD,LNK,24
ORD,LIT,46
ORD,LAX,157
ORD,SDF,65
ORD,MSN,63
ORD,MHT,8
ORD,MBL,32
ORD,MQT,6
ORD,MCW,6
ORD,MEM,51
ORD,MIA,91
ORD,MKE,82
ORD,FCM,0
ORD,MSP,136
ORD,MSO,16
ORD,MLI,39
ORD,MTJ,2
ORD,MKG,40
ORD,MYR,9
ORD,BNA,108
ORD,MSY,24
ORD,JFK,61
ORD,LGA,208
ORD,EWR,118
ORD,ORF,24
ORD,OAK,1
ORD,OKC,40
ORD,OMA,56
ORD,ONT,0
ORD,MCO,114
ORD,PSP,0
ORD,ECP,3
ORD,PNS,9
ORD,PIA,40
ORD,PHL,103
ORD,PHX,119
ORD,AGC,0
ORD,PIT,64
ORD,PDX,66
ORD,PWM,30
ORD,PVD,30
ORD,UIN,20
ORD,RDU,59
ORD,RAP,16
ORD,RNO,8
ORD,RIC,37
ORD,ROA,16
ORD,ROC,40
ORD,RST,24
ORD,SMF,24
ORD,MBS,24
ORD,SLC,61
ORD,SAT,29
ORD,SAN,61
ORD,SFO,124
ORD,SNA,55
ORD,SRQ,9
ORD,SAV,25
ORD,SEA,141
ORD,SHV,0
ORD,FSD,40
ORD,SUX,8
ORD,SBN,40
ORD,RSW,38
ORD,SUS,1
ORD,GEG,8
ORD,SPI,16
ORD,SGF,44
ORD,STL,92
ORD,SCE,24
ORD,SYR,40
ORD,TPA,57
ORD,TVC,64
ORD,TUS,8
ORD,TUL,40
ORD,IAD,40
ORD,DCA,139
ORD,ALO,15
ORD,ATY,7
ORD,CWA,16
ORD,HPN,44
ORD,ICT,39
ORD,ILM,9
ORD,BDL,42
ORD,ISW,0
ORD,STT,2
ONX,NO,0
OSU,BED,0
OSU,BMI,0
OSU,BOS,0
OSU,BUF,0
OSU,QQY,1
OSU,CMI,1
OSU,PWK,2
OSU,LUK,0
OSU,CGF,0
OSU,OSU,0
OSU,FKL,0
OSU,TYS,0
OSU,MNZ,0
OSU,MHT,1
OSU,BFM,0
OSU,BNA,0
OSU,PWA,0
OSU,PKB,0
OSU,SAV,0
OSU,STL,1
OSU,TEB,1
OSU,IAD,0
OSU,ILM,0
OLU,GRI,1
OLU,PWA,0
OLU,MIQ,0
OOM,NO,0
ODB,NO,0
ORK,DBV,3
ORK,CPH,1
ORK,BOD,4
ORK,CCF,2
ORK,LRH,3
ORK,CDG,8
ORK,ORY,1
ORK,LDE,1
ORK,FRA,3
ORK,DUB,1
ORK,AHO,2
ORK,BGY,3
ORK,PSA,2
ORK,FCO,2
ORK,TSF,2
ORK,AMS,24
ORK,GDN,2
ORK,POZ,2
ORK,FAO,14
ORK,ALC,5
ORK,GRO,3
ORK,LPA,1
ORK,ACE,9
ORK,AGP,14
ORK,PMI,11
ORK,REU,6
ORK,SVQ,2
ORK,TFS,2
ORK,VLC,3
ORK,ZRH,1
ORK,BHX,5
ORK,BRS,7
ORK,EDI,9
ORK,FAB,1
ORK,LPL,6
ORK,LGW,8
ORK,LHR,32
ORK,LTN,6
ORK,STN,24
ORK,MAN,16
ORK,EMA,3
OCC,UIO,26
OGL,BGI,9
OGL,LTM,23
OGL,ORG,24
OGL,POS,3
OOL,ADL,18
OOL,CNS,8
OOL,CBR,12
OOL,HBA,3
OOL,MEL,123
OOL,AVV,8
OOL,NTL,7
OOL,PER,3
OOL,SYD,173
OOL,DPS,4
OOL,NRT,5
OOL,KUL,4
OOL,AKL,20
OOL,CHC,6
OOL,ZQN,3
OOL,WLG,4
OOL,SIN,4
OAJ,ATL,16
OAJ,CLT,37
OAJ,ILG,0
OGG,YVR,15
OGG,ORD,5
OGG,DFW,8
OGG,DEN,9
OGG,HNM,16
OGG,ITO,37
OGG,HNL,327
OGG,MKK,78
OGG,KOA,88
OGG,LNY,26
OGG,LAS,24
OGG,LIH,32
OGG,LGB,16
OGG,LAX,70
OGG,MRY,1
OGG,OAK,24
OGG,ONT,0
OGG,PHX,16
OGG,PDX,16
OGG,SMF,16
OGG,SAN,16
OGG,SFO,40
OGG,SJC,31
OGG,BFI,1
OGG,SEA,40
OGG,MUE,16
OJC,ATW,0
OJC,QQR,0
OJC,BRL,0
OJC,PWK,0
OJC,COS,0
OJC,DVN,0
OJC,APA,1
OJC,DSM,1
OJC,MKC,0
OJC,GGG,0
OJC,EOS,0
OJC,SAT,0
OJC,UST,0
ONJ,HND,24
OBU,OTZ,12
OBU,SHG,8
OKK,YIP,0
OKK,IKK,0
OOD,OCM,1
OOD,PER,12
OOD,WLP,2
OSX,MLU,0
OSZ,NO,0
OTZ,ABL,12
OTZ,ANC,42
OTZ,BKC,11
OTZ,DRG,8
OTZ,IAN,9
OTZ,OBU,8
OTZ,ADQ,1
OTZ,WTK,16
OTZ,OME,6
OTZ,ORV,8
OTZ,PHO,23
OTZ,WLK,20
ODN,BBN,1
ODN,MUR,2
ODN,MYY,2
OAR,PGO,0
OAR,SJC,0
OMM,FAU,4
OMM,MCT,7
OMM,RNM,1
OPF,GGT,1
OPF,MHH,1
OPF,NAS,7
OPF,NMC,0
OPF,YYZ,8
OPF,YKF,1
OPF,GCM,1
OPF,BOG,0
OPF,ILS,0
OPF,LBG,1
OPF,BER,1
OPF,PAP,0
OPF,TGU,0
OPF,KIN,0
OPF,MBJ,0
OPF,MGA,0
OPF,PAC,0
OPF,LIS,1
OPF,SJU,1
OPF,PLS,0
OPF,ASE,1
OPF,PDK,0
OPF,FTY,1
OPF,BED,1
OPF,BCT,0
OPF,PWK,0
OPF,CXO,0
OPF,JPX,0
OPF,FXE,0
OPF,FLL,0
OPF,FMY,0
OPF,GMU,0
OPF,GSP,0
OPF,GUF,0
OPF,HWD,0
OPF,IAH,0
OPF,CRG,0
OPF,JAX,1
OPF,LNS,0
OPF,LZU,0
OPF,MNZ,0
OPF,MLB,0
OPF,MIA,0
OPF,OPF,0
OPF,MMU,0
OPF,MOR,0
OPF,ACK,0
OPF,APF,0
OPF,LGA,0
OPF,OAK,0
OPF,SFB,0
OPF,ECP,1
OPF,PHX,0
OPF,PGD,0
OPF,LOT,0
OPF,SAT,0
OPF,SNA,1
OPF,SRQ,1
OPF,SAV,1
OPF,RSW,0
OPF,ASN,1
OPF,TPA,0
OPF,TEB,3
OPF,VNY,0
OPF,VNC,0
OPF,IAD,0
OPF,ETB,1
OPF,PBI,0
OPF,FOK,0
OPF,EIS,0
OHE,HRB,9
OHE,JGD,4
ONG,BUC,3
ONG,CNS,1
ONG,DMD,3
ONG,NTN,8
OZP,NO,0
OTI,TTE,8
OSF,NO,0
OMO,ZAG,4
OMO,FOG,2
OMO,FRL,0
ODY,VTE,7
OCH,AUS,0
OCH,ADS,0
OCH,GGG,0
OSY,TRD,20
ONP,CVO,0
ONP,MRY,0
ONP,OTH,0
ONP,SLE,0
OLS,PHX,1
OME,ANC,24
OME,DIO,2
OME,ELI,7
OME,GAM,7
OME,OTZ,22
OME,KKA,8
OME,SVA,19
OME,SHH,19
OME,WBB,7
OME,TLA,8
OME,UNK,8
OME,WAA,8
OME,WMO,11
ORV,IAN,8
ORV,OTZ,12
ORF,CAK,3
ORF,ATL,58
ORF,ACY,1
ORF,BWI,31
ORF,BOS,10
ORF,BWG,0
ORF,QQY,2
ORF,CHS,3
ORF,CLT,53
ORF,CHO,1
ORF,CHA,0
ORF,MDW,15
ORF,ORD,24
ORF,CVG,2
ORF,CMH,2
ORF,DFW,24
ORF,DAL,2
ORF,DEN,13
ORF,DTW,16
ORF,FLL,10
ORF,GAI,0
ORF,IAH,8
ORF,ISP,6
ORF,JAX,7
ORF,LAS,2
ORF,LAX,2
ORF,MNZ,0
ORF,MEO,1
ORF,MEM,2
ORF,MIA,8
ORF,APF,1
ORF,BNA,9
ORF,MSY,2
ORF,JFK,56
ORF,LGA,49
ORF,EWR,30
ORF,MCO,16
ORF,SFB,2
ORF,PHL,17
ORF,PIT,3
ORF,PWM,2
ORF,PSM,0
ORF,PVD,6
ORF,RIC,1
ORF,SOP,0
ORF,PIE,3
ORF,SHD,0
ORF,SYR,3
ORF,TPA,6
ORF,IAD,31
ORF,DCA,38
ORF,CWA,0
ORF,PBI,0
ORF,HPN,6
ORF,WGO,0
ORF,BDL,2
OFK,AMW,0
OFK,PWK,0
OFK,ORD,0
OFK,ONL,0
OFK,OMA,0
OFK,SLN,0
OFK,SGF,0
OFK,VTN,0
OUN,XNA,0
OUN,BHM,0
OUN,HUT,0
OUN,LWC,0
OUN,QQT,0
OUN,MKE,0
OUN,OUN,1
OUN,SWO,0
OUN,TUL,0
OUN,ICT,0
OTH,CVO,0
OTH,DEN,2
OTH,EUG,1
OTH,POC,0
OTH,MOD,1
OTH,HIO,0
OTH,RBG,0
OTH,SLE,0
OTH,SFO,8
OBN,COL,5
OBN,CSA,1
OBN,ILY,1
OBN,TRE,2
ORM,STR,1
OWD,BOS,0
OWD,CDW,0
OWD,MNZ,0
OWD,ACK,0
OWD,GON,1
OWD,LGA,1
OWD,OWD,0
OWD,PNE,1
OWD,PQI,0
OWD,TEB,6
OWD,IAD,0
OWD,FOK,0
OWD,HPN,0
OVB,EVN,7
OVB,GYD,5
OVB,PKX,3
OVB,PVG,2
OVB,TSN,8
OVB,URC,1
OVB,XIY,2
OVB,HRG,2
OVB,NQZ,4
OVB,UKK,3
OVB,FRU,11
OVB,OSS,12
OVB,IKU,2
OVB,ABA,16
OVB,DYR,2
OVB,BAX,8
OVB,OGZ,2
OVB,BQS,13
OVB,BTK,12
OVB,CEK,14
OVB,HTA,16
OVB,NER,11
OVB,RGK,24
OVB,GRV,2
OVB,IKT,40
OVB,IJK,3
OVB,KGD,6
OVB,KZN,9
OVB,KEJ,8
OVB,KHV,24
OVB,HMA,3
OVB,KJA,37
OVB,KYZ,4
OVB,GDX,9
OVB,MCX,8
OVB,MRV,12
OVB,MJZ,9
OVB,DME,60
OVB,SVO,41
OVB,VKO,11
OVB,NBC,2
OVB,NJC,13
OVB,GOJ,3
OVB,NSK,13
OVB,NOZ,12
OVB,NUX,11
OVB,NOJ,4
OVB,OMS,16
OVB,REN,2
OVB,PEE,8
OVB,PKC,8
OVB,PWE,1
OVB,SLY,1
OVB,KUF,8
OVB,AER,67
OVB,LED,55
OVB,SGC,19
OVB,TLK,11
OVB,TOF,8
OVB,TJM,15
OVB,PYJ,3
OVB,UFA,8
OVB,UUD,13
OVB,ULV,2
OVB,VVO,24
OVB,VOG,3
OVB,YKS,21
OVB,SVX,16
OVB,UUS,8
OVB,DYU,5
OVB,LBD,8
OVB,HKT,3
OVB,AYT,26
OVB,IST,3
OVB,DXB,5
OVB,BHK,1
OVB,FEG,5
OVB,SKD,2
OVB,TAS,5
ONL,OFK,0
ONL,MIQ,0
OAK,SAL,5
OAK,NRT,1
OAK,GDL,15
OAK,MEX,5
OAK,MLM,5
OAK,SJD,2
OAK,BJX,6
OAK,CAT,1
OAK,TER,0
OAK,ABQ,8
OAK,ANC,2
OAK,ATL,1
OAK,AUS,9
OAK,BFL,0
OAK,BGR,1
OAK,BLI,17
OAK,BHM,1
OAK,BOI,14
OAK,PWT,0
OAK,BUR,114
OAK,QTC,0
OAK,MDW,17
OAK,ORD,1
OAK,RFD,1
OAK,COS,0
OAK,CCR,0
OAK,CEC,11
OAK,ADS,1
OAK,DFW,8
OAK,DAL,15
OAK,APA,1
OAK,DEN,47
OAK,EMT,0
OAK,EUG,16
OAK,AFW,1
OAK,RBK,0
OAK,SUN,0
OAK,HNL,26
OAK,HOU,9
OAK,IDA,2
OAK,IND,3
OAK,OGG,24
OAK,FCA,1
OAK,MCI,8
OAK,KOA,11
OAK,LAS,132
OAK,LIH,16
OAK,LIT,0
OAK,LGB,38
OAK,LAX,103
OAK,SDF,2
OAK,MEM,4
OAK,MSO,2
OAK,MRY,1
OAK,NUQ,0
OAK,BNA,2
OAK,EWR,8
OAK,OAK,0
OAK,ONT,32
OAK,UDD,0
OAK,PSP,8
OAK,PRB,0
OAK,PHL,6
OAK,PHX,44
OAK,PDX,66
OAK,RNO,16
OAK,SMF,1
OAK,MHR,0
OAK,SLC,46
OAK,SAN,89
OAK,CLD,1
OAK,SNA,63
OAK,SBA,9
OAK,SMO,1
OAK,STS,0
OAK,SCF,0
OAK,BFI,2
OAK,SEA,68
OAK,GEG,14
OAK,STL,7
OAK,TEB,0
OAK,TKF,1
OAK,TUS,0
OAK,UKI,0
OAK,VNY,0
OAK,VIS,3
OAX,GUA,4
OAX,CUN,8
OAX,GDL,14
OAX,HUX,8
OAX,IZT,3
OAX,MID,2
OAX,NLU,12
OAX,MEX,78
OAX,MTY,5
OAX,PXM,8
OAX,QRO,0
OAX,TIJ,20
OAX,DFW,8
OAX,IAH,5
OAX,LAX,3
OBF,SZG,1
OBF,VIE,1
OBF,CLY,1
OBF,NCE,1
OBF,LBG,1
OBF,SXB,1
OBF,BER,1
OBF,BRE,1
OBF,CGN,2
OBF,DTM,1
OBF,DUS,1
OBF,MGL,1
OBF,OBF,1
OBF,QCP,1
OBF,HER,0
OBF,BUD,1
OBF,IBZ,1
OBF,KSD,1
OBF,ZRH,1
OBI,NO,0
OBO,HND,71
OCF,MHH,0
OCF,,0
OCF,DNL,0
OCF,CRG,0
OCF,MRK,0
OCF,OPF,0
OCF,ORL,0
OCF,SUA,0
OCF,VLD,0
OCE,MTN,0
OCE,BWI,0
OCE,CHS,0
OCE,ESN,0
OCE,JST,0
OCE,LNS,0
OCE,MFV,0
OCE,EWN,0
OCE,RDU,0
OCE,TEB,0
OCN,SMO,0
OCJ,PLS,1
ODE,RKE,1
ODE,RTM,1
ODS,NO,0
OEC,DIL,3
OGD,MDW,1
OGD,SUN,0
OGD,MDD,0
OGD,MRY,0
OGD,OSH,0
OGD,PIH,0
OGD,PVU,0
OGD,SLC,0
OGD,SGU,0
OGD,RVS,0
OGD,IAD,1
OGS,PHL,16
OHD,VIE,3
OHD,MLH,1
OHD,BSL,3
OHD,DTM,2
OHD,FMM,3
OHD,AMS,4
OHD,MMX,2
OHD,ZRH,3
OHD,LGW,2
OHD,MAN,2
OIT,NGO,26
OIT,ITM,61
OIT,HND,112
OIT,NRT,10
OKJ,OKA,8
OKJ,CTS,8
OKJ,HND,78
OKJ,TPE,8
OBE,NO,0
OHH,KHV,5
OHH,UUS,5
OKI,IZO,8
OKI,ITM,8
OKE,KOJ,36
OKE,OKA,14
OKE,TKN,14
OKA,HKG,24
OKA,ASJ,14
OKA,FUK,183
OKA,HIJ,8
OKA,ISG,118
OKA,IWK,8
OKA,KOJ,15
OKA,KTD,2
OKA,UKB,56
OKA,KMQ,8
OKA,KMJ,8
OKA,UEO,31
OKA,MYJ,8
OKA,MMD,5
OKA,MMY,106
OKA,KMI,8
OKA,NGO,103
OKA,OKJ,8
OKA,OKE,14
OKA,IBR,8
OKA,ITM,40
OKA,KIX,101
OKA,CTS,8
OKA,SDJ,8
OKA,SHI,16
OKA,TAK,8
OKA,HND,280
OKA,NRT,51
OKA,OGN,7
OKA,RNJ,4
OKA,ICN,35
OKA,TPE,48
OKA,BKK,2
OKC,ASE,1
OKC,AHN,0
OKC,PDK,0
OKC,ATL,44
OKC,AUS,16
OKC,QTC,1
OKC,CLT,16
OKC,MDW,16
OKC,ORD,40
OKC,CRP,1
OKC,ADS,0
OKC,DFW,68
OKC,DAL,0
OKC,APA,0
OKC,DEN,70
OKC,VPS,5
OKC,FTW,0
OKC,IAH,55
OKC,HOU,30
OKC,MKC,1
OKC,LAS,23
OKC,LAX,16
OKC,SDF,2
OKC,QQT,0
OKC,MEM,1
OKC,MIA,8
OKC,MAF,0
OKC,FCM,1
OKC,MSP,8
OKC,MOT,1
OKC,BNA,1
OKC,LGA,24
OKC,OAK,1
OKC,MCO,2
OKC,SFB,2
OKC,DVT,0
OKC,PHX,33
OKC,SLC,17
OKC,SAT,8
OKC,SCF,0
OKC,SEA,8
OKC,STL,18
OKC,SGR,0
OKC,TEB,1
OKC,IAD,2
OKC,DCA,15
OKC,WWR,0
OKC,ICT,0
OKL,DJJ,31
OIR,HKD,6
OIR,OKD,2
OLB,SZG,4
OLB,VIE,4
OLB,NAS,0
OLB,BRU,1
OLB,SOF,1
OLB,PRG,3
OLB,AVN,1
OLB,BSL,9
OLB,BOD,1
OLB,DOL,1
OLB,LIL,2
OLB,LYS,2
OLB,MRS,2
OLB,NTE,2
OLB,NCE,8
OLB,CDG,1
OLB,LBG,3
OLB,ORY,8
OLB,SXB,1
OLB,TLS,2
OLB,BER,10
OLB,BWE,1
OLB,BRE,1
OLB,CGN,6
OLB,DUS,12
OLB,FRA,11
OLB,FDH,1
OLB,HAM,4
OLB,LBC,3
OLB,QCM,1
OLB,MUC,19
OLB,PAD,1
OLB,STR,7
OLB,ATH,1
OLB,ZTH,0
OLB,DUB,2
OLB,AOI,2
OLB,BRI,3
OLB,BLQ,9
OLB,BZO,6
OLB,CTA,2
OLB,FLR,7
OLB,FRL,2
OLB,GOA,4
OLB,BGY,16
OLB,LIN,65
OLB,MXP,29
OLB,NAP,12
OLB,PMO,10
OLB,PEG,4
OLB,PSA,4
OLB,CIA,2
OLB,FCO,62
OLB,TRN,8
OLB,VCE,13
OLB,VRN,26
OLB,RIX,1
OLB,LUX,2
OLB,AMS,9
OLB,WAW,2
OLB,BTS,1
OLB,BCN,4
OLB,BIO,3
OLB,MAD,5
OLB,VLC,2
OLB,ARN,2
OLB,GVA,7
OLB,LUG,1
OLB,ZRH,6
OLB,AYT,1
OLB,DLM,0
OLB,IST,1
OLB,BHX,1
OLB,BRS,2
OLB,LGW,13
OLB,LHR,6
OLB,LTN,2
OLB,OXF,1
OLB,STN,1
OLB,MAN,4
OLV,ADS,0
OLV,DAL,0
OLV,DSM,0
OLV,DSI,0
OLV,GUF,0
OLV,TYS,0
OLV,LZU,0
OLV,DXE,0
OLV,MNZ,1
OLV,WMH,0
OLV,MQY,0
OLV,TUL,1
OLM,MVW,0
OLM,CLS,0
OLM,EUG,0
OLM,FLD,0
OLM,MKT,0
OLM,MSP,1
OLM,OLM,0
OLM,HIO,1
OLM,SFF,0
OLM,YKM,0
OLP,ADL,21
OLZ,IKT,9
OLZ,YKS,10
OMA,NTR,1
OMA,QRO,0
OMA,AXN,0
OMA,ATL,44
OMA,BLM,0
OMA,AUS,1
OMA,BPT,0
OMA,BBW,0
OMA,BKX,1
OMA,CID,1
OMA,CLT,16
OMA,DPA,0
OMA,PWK,0
OMA,MDW,38
OMA,ORD,56
OMA,CMH,0
OMA,CBF,0
OMA,DFW,35
OMA,DAL,9
OMA,DNS,0
OMA,DEN,73
OMA,BJC,0
OMA,VPS,2
OMA,DTW,24
OMA,FWA,0
OMA,AFW,0
OMA,FTW,0
OMA,GRI,0
OMA,HSI,0
OMA,IAH,16
OMA,HOU,8
OMA,HTS,0
OMA,IML,1
OMA,IOW,0
OMA,JVL,0
OMA,MKC,0
OMA,JCI,2
OMA,EAR,1
OMA,LRD,0
OMA,LAS,21
OMA,LAX,10
OMA,SDF,1
OMA,MCK,1
OMA,MEM,2
OMA,MSP,34
OMA,MMU,0
OMA,APF,0
OMA,BNA,2
OMA,LGA,29
OMA,OFK,0
OMA,LBF,0
OMA,ONL,0
OMA,OMA,0
OMA,MCO,8
OMA,SFB,2
OMA,PIA,0
OMA,AZA,2
OMA,PHX,26
OMA,ROG,0
OMA,SMF,0
OMA,SLC,16
OMA,SAT,0
OMA,SFO,9
OMA,SCF,2
OMA,SEA,8
OMA,SUS,0
OMA,CPS,0
OMA,STL,17
OMA,PIE,3
OMA,TIW,0
OMA,TPA,1
OMA,TEB,2
OMA,TKF,0
OMA,TUL,0
OMA,VTN,0
OMA,IAD,1
OMA,DCA,15
OMK,NO,0
OMS,NQZ,9
OMS,ABA,1
OMS,KZN,3
OMS,HMA,3
OMS,KJA,2
OMS,MCX,3
OMS,MRV,1
OMS,DME,24
OMS,SVO,24
OMS,VKO,3
OMS,NJC,2
OMS,NSK,2
OMS,OVB,16
OMS,NUX,3
OMS,SLY,3
OMS,KUF,4
OMS,AER,26
OMS,LED,23
OMS,SGC,8
OMS,TJM,1
OMS,UFA,3
OMS,SVX,3
OMS,AYT,5
OMS,NMA,2
OMS,TAS,1
OND,ERS,21
ONS,PER,7
ONT,SAL,5
ONT,GDL,9
ONT,TIJ,0
ONT,SJU,3
ONT,TPE,8
ONT,ABQ,1
ONT,ANC,1
ONT,ATL,30
ONT,AUS,8
ONT,BFL,2
ONT,BWI,0
ONT,BIL,1
ONT,BIH,1
ONT,BLH,0
ONT,BOI,1
ONT,BUR,1
ONT,MVW,0
ONT,CLT,8
ONT,MDW,8
ONT,RFD,1
ONT,CVG,0
ONT,CAE,1
ONT,CCR,0
ONT,DFW,54
ONT,DAL,8
ONT,DEN,57
ONT,AFW,1
ONT,GSO,0
ONT,HNL,10
ONT,IAH,1
ONT,IND,1
ONT,IYK,1
ONT,OGG,1
ONT,KOA,1
ONT,WJF,0
ONT,LAS,52
ONT,SDF,2
ONT,MEM,5
ONT,MIA,0
ONT,MKE,0
ONT,MHV,0
ONT,JFK,8
ONT,EWR,0
ONT,OAK,33
ONT,MCO,8
ONT,OXR,0
ONT,PAO,0
ONT,PHL,3
ONT,PHX,61
ONT,PDX,9
ONT,RDU,1
ONT,RST,0
ONT,SMF,42
ONT,MHR,1
ONT,SLC,25
ONT,SEE,0
ONT,MYF,0
ONT,SFO,30
ONT,SJC,36
ONT,SBP,2
ONT,SNA,0
ONT,SBA,0
ONT,SMX,3
ONT,BFI,1
ONT,SEA,54
ONT,FSD,0
ONT,GEG,1
ONT,TPH,0
ONT,TUS,1
ONT,ILN,1
ONT,BDL,0
ONO,NO,0
OMR,FRL,0
OMR,OTP,14
OMR,AYT,4
ORN,AZR,5
ORN,ALG,47
ORN,AAE,2
ORN,CBH,4
ORN,CZL,4
ORN,DJG,1
ORN,EBH,2
ORN,ELU,2
ORN,GHA,1
ORN,HME,3
ORN,IAM,1
ORN,OGX,1
ORN,TMR,2
ORN,TMX,3
ORN,TIN,3
ORN,TLM,1
ORN,BRU,1
ORN,BOD,3
ORN,LIL,5
ORN,LYS,9
ORN,MRS,16
ORN,ETZ,1
ORN,MPL,3
ORN,NTE,2
ORN,CDG,19
ORN,ORY,15
ORN,TLS,9
ORN,JED,5
ORN,MED,2
ORN,TUN,2
ORN,IST,9
OAG,BNE,0
OAG,DBO,0
OAG,MEB,0
OAG,SYD,39
OGB,CHS,0
OMD,LUD,3
OMD,ERS,12
OGU,DUS,2
OGU,ESB,13
OGU,IST,32
OGU,SAW,34
OGU,ADB,2
OGU,OGU,0
ORB,BRU,3
ORB,BRQ,1
ORB,CPH,1
ORB,HEL,0
ORB,RHO,1
ORB,PMI,1
ORB,GOT,8
ORB,LPI,1
ORB,LLA,1
ORB,ARN,2
ORB,STN,2
ORB,NHT,1
ORL,GGT,0
ORL,MBJ,0
ORL,PLS,1
ORL,AHN,0
ORL,PDK,0
ORL,FTY,0
ORL,LCK,0
ORL,ADS,1
ORL,DAL,0
ORL,FXE,1
ORL,FLL,1
ORL,GRR,1
ORL,GDC,0
ORL,HRL,1
ORL,HDN,0
ORL,CRG,0
ORL,ISM,0
ORL,LAF,0
ORL,LCQ,0
ORL,LXV,0
ORL,LWB,0
ORL,LEX,0
ORL,MLB,0
ORL,MIA,0
ORL,MGM,0
ORL,MTJ,0
ORL,BNA,0
ORL,OCF,0
ORL,ORL,0
ORL,MCO,0
ORL,PNS,0
ORL,PGD,0
ORL,SRQ,0
ORL,SAV,0
ORL,SUS,1
ORL,PIE,0
ORL,SUA,0
ORL,TLH,0
ORL,TPA,0
ORL,TPF,0
ORL,TEB,1
ORL,PBI,0
ORL,INT,1
ORE,OST,1
ORE,NCY,1
ORE,LBG,1
ORE,FAB,1
OMC,NO,0
OER,ARN,23
OSW,SVO,16
ORU,CBB,7
ORU,VVI,1
OSC,NO,0
OSS,KWI,5
OSS,FRU,35
OSS,CEK,3
OSS,IKT,7
OSS,KZN,4
OSS,KEJ,1
OSS,KJA,13
OSS,MRV,2
OSS,DME,19
OSS,SVO,8
OSS,VKO,3
OSS,ZIA,8
OSS,NJC,4
OSS,OVB,12
OSS,KUF,3
OSS,AER,2
OSS,LED,10
OSS,SGC,3
OSS,TJM,1
OSS,UFA,3
OSS,SVX,9
OSS,SAW,6
OIM,NO,0
OSH,AVL,1
OSH,UGN,0
OSH,GRB,0
OSH,JVL,0
OSH,LSE,1
OSH,MKT,1
OSH,MNM,0
OSH,MKE,2
OSH,OGD,0
OSH,OSH,0
OSH,STP,0
OSH,IAD,0
OSH,ICT,0
OSI,DBV,1
OSI,PUY,2
OSI,RJK,2
OSI,SPU,1
OSI,ZAD,1
OSI,ZAG,6
OSI,MUC,2
OSI,STN,2
OSL,TIA,2
OSL,VIE,13
OSL,GYD,1
OSL,BRU,27
OSL,LGG,1
OSL,BOJ,2
OSL,VAR,1
OSL,SHA,0
OSL,DBV,2
OSL,PUY,3
OSL,SPU,7
OSL,LCA,4
OSL,PRG,14
OSL,AAL,9
OSL,AAR,6
OSL,BLL,22
OSL,CPH,153
OSL,RKE,1
OSL,TLL,7
OSL,FAE,3
OSL,HEL,38
OSL,TMP,0
OSL,NCE,20
OSL,CDG,44
OSL,LBG,1
OSL,ORY,4
OSL,BER,19
OSL,CGN,2
OSL,DUS,18
OSL,FRA,33
OSL,HAM,12
OSL,HAJ,5
OSL,MUC,30
OSL,PVK,2
OSL,ATH,9
OSL,CHQ,8
OSL,HER,2
OSL,KGS,0
OSL,RHO,2
OSL,JSI,1
OSL,ZTH,0
OSL,BUD,11
OSL,KEF,26
OSL,RKV,1
OSL,DUB,10
OSL,TLV,2
OSL,CTA,2
OSL,MXP,13
OSL,NAP,2
OSL,PEG,1
OSL,PSA,3
OSL,FCO,13
OSL,VCE,3
OSL,VRN,3
OSL,PRN,3
OSL,RIX,24
OSL,PLQ,6
OSL,VNO,12
OSL,LUX,4
OSL,AMS,68
OSL,AES,65
OSL,ALF,14
OSL,BDU,24
OSL,BGO,196
OSL,BOO,75
OSL,OLA,11
OSL,BNN,4
OSL,EVE,54
OSL,FRO,21
OSL,FDE,35
OSL,HAU,49
OSL,KKN,12
OSL,KRS,53
OSL,KSU,22
OSL,LKL,2
OSL,LYR,7
OSL,MOL,36
OSL,HOV,35
OSL,TRF,1
OSL,RRS,14
OSL,SDN,8
OSL,SSJ,2
OSL,SOG,29
OSL,SVG,174
OSL,TOS,96
OSL,TRD,205
OSL,GDN,15
OSL,KTW,7
OSL,KRK,22
OSL,RZE,1
OSL,WAW,24
OSL,FAO,2
OSL,FNC,1
OSL,LIS,10
OSL,DOH,16
OSL,BEG,8
OSL,ICN,7
OSL,ALC,26
OSL,BCN,13
OSL,LPA,9
OSL,MAD,9
OSL,AGP,22
OSL,PMI,14
OSL,VLL,1
OSL,VGO,0
OSL,GOT,11
OSL,JKG,3
OSL,MMX,2
OSL,ORB,1
OSL,ARN,131
OSL,BMA,2
OSL,GVA,2
OSL,ZRH,25
OSL,AYT,6
OSL,GZP,3
OSL,IST,17
OSL,SAW,7
OSL,ADB,1
OSL,DXB,8
OSL,ABZ,7
OSL,BRS,1
OSL,EDI,10
OSL,LGW,29
OSL,LHR,58
OSL,STN,13
OSL,MAN,12
OSL,FLL,2
OSL,LAX,2
OSL,JFK,3
OSL,EWR,8
OST,LCA,1
OST,CAI,7
OST,NCE,1
OST,LBG,1
OST,STR,1
OST,CHQ,1
OST,HER,1
OST,RHO,2
OST,QGY,1
OST,MXP,1
OST,MJI,2
OST,AMS,1
OST,ALC,7
OST,IBZ,1
OST,AGP,7
OST,RMU,2
OST,PMI,3
OST,TFS,5
OST,ORB,1
OST,AYT,2
OST,IST,2
OSD,ARN,29
OSD,BMA,7
OSD,UME,16
OSR,BOJ,4
OSR,VAR,1
OSR,ZAD,1
OSR,KLV,1
OSR,OSR,2
OSR,PRG,1
OSR,HRG,3
OSR,RMF,4
OSR,CEQ,1
OSR,NCE,1
OSR,QCB,1
OSR,CGN,3
OSR,LEJ,1
OSR,PVK,1
OSR,ATH,0
OSR,CFU,3
OSR,HER,4
OSR,KGS,2
OSR,RHO,4
OSR,ZTH,2
OSR,BLQ,1
OSR,LUX,1
OSR,WAW,7
OSR,BTS,1
OSR,AYT,5
OSR,BJV,0
OSR,BHX,1
OSR,STN,3
OSR,TAS,0
OTM,DSM,0
OTM,GXY,1
OTM,EWK,0
OUA,ALG,2
OUA,BRU,3
OUA,BOY,10
OUA,ABJ,0
OUA,ADD,7
OUA,CDG,3
OUA,ACC,4
OUA,CKY,6
OUA,BKO,9
OUA,CMN,6
OUA,NIM,13
OUA,DSS,5
OUA,FNA,3
OUA,LFW,10
OUA,TUN,1
OUA,IST,5
OUA,FAB,1
OGX,AZR,1
OGX,ALG,13
OGX,CZL,1
OGX,DJG,0
OGX,VVZ,1
OGX,IAM,1
OGX,ORN,1
OGX,TMR,1
OGX,JED,4
OGX,MED,3
OZZ,MRS,2
OZZ,ORY,2
OZZ,CMN,10
OZZ,OZG,2
OZZ,BCN,3
OZZ,STN,2
OUI,BES,27
OUD,BRU,5
OUD,CRL,7
OUD,LIL,2
OUD,LYS,2
OUD,MRS,5
OUD,BVA,3
OUD,CDG,2
OUD,ORY,21
OUD,TLS,2
OUD,NRN,2
OUD,CMN,14
OUD,EIN,2
OUD,LIS,1
OUD,OPO,1
OUD,MED,3
OUD,BCN,4
OUD,RMU,3
OUD,PMI,1
OUL,HEL,59
OUL,LLA,1
OWB,BNA,16
OWB,ECP,0
OWB,STL,8
OWB,STP,0
OWB,TEB,1
OXF,KJK,1
OXF,BWK,1
OXF,CTT,1
OXF,LME,1
OXF,NCE,1
OXF,LBG,1
OXF,GCI,2
OXF,IOM,1
OXF,LIN,1
OXF,JER,1
OXF,LUX,1
OXF,GVA,1
OXF,BEB,1
OXF,BLK,1
OXF,BOH,2
OXF,CWL,1
OXF,CEG,1
OXF,EDI,1
OXF,FAB,1
OXF,LBA,1
OXF,LCY,1
OXF,MAN,1
OXF,NQY,2
OXF,NHT,1
OXF,SOU,2
OXC,AMW,0
OXC,BLM,0
OXC,BCT,0
OXC,BOS,0
OXC,BUF,0
OXC,JPX,0
OXC,FRG,0
OXC,ACK,0
OXC,JFK,0
OXC,POU,0
OXC,RDU,0
OXC,SAV,1
OXC,BDR,0
OXC,TEB,1
OXC,HPN,2
OXC,BDL,0
OXR,BFL,0
OXR,QTC,0
OXR,EMT,0
OXR,JCI,0
OXR,ONT,0
OXR,MYF,0
OXR,SBP,0
OXR,SMO,0
OXR,TOA,0
OZC,CEB,16
OZC,MNL,20
ORG,OGL,18
ORY,TIA,2
ORY,ALG,68
ORY,BJA,14
ORY,BSK,2
ORY,CZL,6
ORY,ORN,15
ORY,QSF,2
ORY,TLM,3
ORY,EVN,3
ORY,VIE,2
ORY,ZSA,2
ORY,COO,3
ORY,VCP,6
ORY,YUL,5
ORY,ABJ,0
ORY,DBV,4
ORY,SPU,4
ORY,PRG,13
ORY,CPH,11
ORY,PUJ,1
ORY,CAI,6
ORY,HRG,3
ORY,SSH,2
ORY,AJA,40
ORY,AUR,22
ORY,BIA,37
ORY,BIQ,24
ORY,BES,19
ORY,BVE,13
ORY,CLY,13
ORY,DCM,14
ORY,FSC,14
ORY,LPY,12
ORY,MRS,51
ORY,MPL,24
ORY,NCE,160
ORY,PUF,16
ORY,PGF,20
ORY,UIP,12
ORY,RDZ,13
ORY,LDE,16
ORY,TLN,21
ORY,TLS,145
ORY,CAY,13
ORY,BER,24
ORY,HAM,4
ORY,MUC,16
ORY,PVK,2
ORY,ATH,22
ORY,CHQ,4
ORY,CFU,4
ORY,HER,22
ORY,KLX,3
ORY,KGS,2
ORY,JMK,11
ORY,RHO,8
ORY,JTR,13
ORY,JSI,1
ORY,SKG,4
ORY,ZTH,3
ORY,PTP,24
ORY,PAP,1
ORY,BUD,6
ORY,KEF,6
ORY,ORK,1
ORY,DUB,15
ORY,SNN,3
ORY,TLV,16
ORY,AOI,2
ORY,BRI,7
ORY,BLQ,5
ORY,BDS,2
ORY,CAG,5
ORY,CTA,4
ORY,FLR,15
ORY,GOA,4
ORY,SUF,2
ORY,LIN,37
ORY,MXP,21
ORY,NAP,30
ORY,OLB,8
ORY,PMO,15
ORY,PSA,9
ORY,CIA,1
ORY,FCO,78
ORY,TRN,2
ORY,VCE,33
ORY,VRN,5
ORY,AMM,3
ORY,BEY,6
ORY,MLA,16
ORY,FDF,24
ORY,CUN,1
ORY,TGD,3
ORY,TIV,2
ORY,AGA,33
ORY,CMN,58
ORY,VIL,1
ORY,ESU,2
ORY,FEZ,9
ORY,RAK,48
ORY,NDR,2
ORY,OZZ,2
ORY,OUD,21
ORY,RBA,13
ORY,TNG,12
ORY,AMS,7
ORY,OSL,4
ORY,WAW,7
ORY,FAO,25
ORY,FNC,8
ORY,LIS,117
ORY,PDL,1
ORY,OPO,88
ORY,RUN,25
ORY,LJU,2
ORY,ALC,22
ORY,LEI,2
ORY,OVD,3
ORY,BCN,63
ORY,FUE,3
ORY,LPA,1
ORY,GRX,3
ORY,IBZ,22
ORY,ACE,5
ORY,MAD,100
ORY,MAH,10
ORY,AGP,34
ORY,PMI,37
ORY,REU,3
ORY,SVQ,20
ORY,TFS,7
ORY,VLC,24
ORY,ARN,6
ORY,GVA,15
ORY,DJE,24
ORY,MIR,18
ORY,SFA,4
ORY,TUN,68
ORY,ESB,3
ORY,AYT,2
ORY,BJV,2
ORY,IST,6
ORY,ADB,2
ORY,BHX,3
ORY,BRS,17
ORY,CWL,8
ORY,EDI,2
ORY,LGW,18
ORY,MAN,8
ORY,EMA,8
ORY,NHT,1
ORY,SOU,8
ORY,LAX,5
ORY,MIA,4
ORY,EWR,16
ORY,SFO,7
OPO,LAD,3
OPO,VIE,9
OPO,BRU,19
OPO,CRL,8
OPO,GIG,2
OPO,GRU,4
OPO,YUL,3
OPO,YYZ,5
OPO,PRG,3
OPO,BLL,3
OPO,CPH,3
OPO,BSL,16
OPO,EGC,2
OPO,BOD,19
OPO,BES,2
OPO,BVE,4
OPO,CCF,3
OPO,CFE,2
OPO,DLE,4
OPO,LRH,4
OPO,LME,1
OPO,LIL,3
OPO,LYS,20
OPO,MRS,11
OPO,NTE,14
OPO,NCE,8
OPO,FNI,2
OPO,BVA,25
OPO,CDG,30
OPO,ORY,89
OPO,XCR,2
OPO,RNS,3
OPO,SXB,2
OPO,TLS,12
OPO,TUF,3
OPO,BER,8
OPO,BRE,3
OPO,CGN,9
OPO,DTM,4
OPO,DUS,4
OPO,FRA,20
OPO,HHN,3
OPO,HAM,6
OPO,FKB,5
OPO,LEJ,1
OPO,FMM,3
OPO,MUC,17
OPO,NUE,2
OPO,STR,5
OPO,NRN,3
OPO,ATH,2
OPO,BUD,3
OPO,KEF,2
OPO,DUB,7
OPO,SNN,3
OPO,TLV,4
OPO,BRI,2
OPO,BLQ,3
OPO,CAG,2
OPO,BGY,10
OPO,MXP,15
OPO,NAP,2
OPO,CIA,5
OPO,FCO,4
OPO,TPS,2
OPO,TRN,2
OPO,TSF,2
OPO,VRN,3
OPO,RIX,2
OPO,LUX,32
OPO,MLA,4
OPO,AGA,2
OPO,CMN,2
OPO,RAK,7
OPO,OUD,1
OPO,AMS,27
OPO,EIN,8
OPO,KRK,2
OPO,WAW,2
OPO,WMI,2
OPO,WRO,2
OPO,FAO,24
OPO,FNC,48
OPO,TER,6
OPO,LIS,82
OPO,PDL,25
OPO,PXO,2
OPO,ALC,6
OPO,BCN,43
OPO,BIO,5
OPO,CDT,2
OPO,LPA,2
OPO,IBZ,4
OPO,MAD,91
OPO,MAH,3
OPO,AGP,5
OPO,PMI,10
OPO,SVQ,6
OPO,TFS,4
OPO,VLC,9
OPO,ARN,3
OPO,GVA,63
OPO,ZRH,30
OPO,DJE,3
OPO,MIR,1
OPO,IST,12
OPO,BHX,2
OPO,BRS,8
OPO,EDI,4
OPO,GLA,2
OPO,LBA,2
OPO,LPL,2
OPO,LGW,29
OPO,LHR,12
OPO,LTN,7
OPO,STN,24
OPO,MAN,10
OPO,EWR,16
OPP,BEL,3
OKD,HKD,47
OKD,KUH,28
OKD,MMJ,8
OKD,MMB,15
OKD,MSJ,3
OKD,NKM,16
OKD,OIR,2
OKD,RIS,12
OKD,FSZ,8
OPS,BSB,8
OPS,VCP,7
OPS,CGB,6
OPS,GRU,6
OPS,GTP,7
OHS,NO,0
OVS,EYK,1
OVS,LED,1
OVS,SVX,3
OTK,RNT,0
OOK,BET,7
OOK,TNK,10
OKO,NO,0
OMH,MHD,3
OMH,THR,34
OMH,IST,2
OMH,SAW,2
ONA,CAK,0
ONA,OJC,0
OLF,BIL,16
ORH,BWI,0
ORH,BED,1
ORH,BOS,0
ORH,FLL,9
ORH,MEM,0
ORH,JFK,22
ORH,LGA,7
ORH,MCO,1
ORH,RKD,0
ORH,SBN,0
ORH,CEF,1
ORH,SCE,0
ORH,TEB,0
ORH,HPN,0
ORH,ILG,1
OGN,ISG,14
OGN,OKA,4
OKR,NLF,2
OKR,HID,31
OKR,MYI,21
OZG,CMN,2
OZG,OZZ,1
OZH,NO,0
ONQ,DTM,1
ONQ,DUS,8
ONQ,IST,5
OUZ,NDB,1
OUZ,NKC,1
