Departure,Arrival,Number of flights
PGU,GBT,1
PGU,MHD,2
PGU,SYZ,1
PGU,TBZ,1
PGU,THR,15
PDK,MHH,0
PDK,NAS,0
PDK,NMC,0
PDK,ELH,1
PDK,YOW,0
PDK,YQB,0
PDK,LIR,0
PDK,ABE,0
PDK,AVL,0
PDK,PDK,0
PDK,FTY,0
PDK,ATL,0
PDK,AUO,0
PDK,AGS,0
PDK,BTR,1
PDK,BVY,1
PDK,BHM,4
PDK,BQK,1
PDK,SSI,2
PDK,QQY,0
PDK,JZI,0
PDK,CHS,1
PDK,CLT,0
PDK,DPA,0
PDK,PWK,0
PDK,LUK,1
PDK,COS,1
PDK,CAE,0
PDK,CMH,0
PDK,CSG,0
PDK,DSI,0
PDK,YIP,0
PDK,JPX,0
PDK,FLL,0
PDK,FMY,0
PDK,FTW,1
PDK,GVL,0
PDK,GNV,0
PDK,GGE,0
PDK,GMU,1
PDK,GPT,0
PDK,HAO,0
PDK,EFD,1
PDK,HOU,0
PDK,TYQ,0
PDK,ISP,0
PDK,CRG,0
PDK,TYS,0
PDK,LZU,0
PDK,LIT,1
PDK,SDF,0
PDK,MNZ,0
PDK,MEM,0
PDK,TMB,1
PDK,BFM,0
PDK,ACK,1
PDK,BNA,0
PDK,EWN,0
PDK,NEW,0
PDK,LGA,1
PDK,ORL,1
PDK,ECP,1
PDK,PSF,1
PDK,RDU,0
PDK,ROG,0
PDK,SAT,0
PDK,CLD,0
PDK,STS,1
PDK,SRQ,0
PDK,SAV,1
PDK,GKT,0
PDK,SUS,0
PDK,SGF,0
PDK,UST,1
PDK,PIE,0
PDK,SVH,1
PDK,TEB,2
PDK,TTN,0
PDK,VRB,0
PDK,ACT,1
PDK,IAD,2
PDK,PBI,0
PDK,ICT,1
PDK,ILM,0
PDK,WGO,1
PDK,WDR,1
PKX,PNH,4
PKX,AKA,4
PKX,AVA,4
PKX,YIE,2
PKX,DBC,8
PKX,NBS,3
PKX,RLK,8
PKX,BZX,8
PKX,BFJ,4
PKX,YSQ,4
PKX,CGQ,64
PKX,CGD,8
PKX,CSX,103
PKX,CIH,4
PKX,CZX,8
PKX,CTU,101
PKX,TFU,100
PKX,HCZ,8
PKX,JUH,8
PKX,CKG,120
PKX,DLU,8
PKX,DLC,67
PKX,DDG,8
PKX,DQA,21
PKX,DAT,8
PKX,DYG,4
PKX,DOY,8
PKX,ENH,8
PKX,ERL,8
PKX,EHU,4
PKX,FUO,7
PKX,FOC,55
PKX,KOW,8
PKX,CAN,188
PKX,KWL,28
PKX,KWE,81
PKX,HAK,48
PKX,HLD,8
PKX,HGH,144
PKX,HZG,8
PKX,HRB,86
PKX,HFE,30
PKX,HET,8
PKX,HJJ,8
PKX,HYN,8
PKX,HUZ,8
PKX,JGS,4
PKX,JMU,8
PKX,SWA,36
PKX,JIC,4
PKX,JDZ,4
PKX,JHG,16
PKX,SHS,8
PKX,JNG,4
PKX,JXA,8
PKX,KHG,4
PKX,KRL,8
PKX,KMG,111
PKX,LHW,59
PKX,LYG,6
PKX,LJG,16
PKX,LNL,8
PKX,LCX,8
PKX,LYA,8
PKX,LZO,14
PKX,LLV,8
PKX,NZH,4
PKX,MXZ,4
PKX,MIG,8
PKX,KHN,41
PKX,NAO,8
PKX,NKG,28
PKX,NNG,31
PKX,NTG,18
PKX,NNY,4
PKX,NGB,72
PKX,DSN,24
PKX,TAO,4
PKX,IQN,8
PKX,NDG,12
PKX,JJN,20
PKX,JUZ,8
PKX,RIZ,7
PKX,SQJ,8
PKX,SYX,63
PKX,SHA,48
PKX,PVG,85
PKX,SQD,8
PKX,HSC,8
PKX,SHE,23
PKX,SZX,206
PKX,WDS,8
PKX,TYN,4
PKX,TGO,8
PKX,TEN,2
PKX,TLQ,4
PKX,HLH,8
PKX,URC,96
PKX,WXN,4
PKX,WEH,14
PKX,WNZ,43
PKX,WUA,8
PKX,WUH,77
PKX,WHA,8
PKX,WUX,34
PKX,WUZ,4
PKX,XIY,131
PKX,XMN,89
PKX,XFN,8
PKX,XIC,8
PKX,XIL,16
PKX,ACX,4
PKX,XNN,40
PKX,XAI,8
PKX,YNZ,8
PKX,YTY,8
PKX,YNJ,16
PKX,YNT,21
PKX,YBP,8
PKX,YIH,8
PKX,LDS,8
PKX,YIC,4
PKX,INC,42
PKX,YIW,35
PKX,LLF,4
PKX,YYA,4
PKX,UYN,24
PKX,NZL,4
PKX,YZY,4
PKX,ZAT,4
PKX,HSN,8
PKX,ZUH,63
PKX,ZYI,16
PKX,CDG,3
PKX,HKG,24
PKX,NGO,0
PKX,KIX,4
PKX,HND,4
PKX,MFM,4
PKX,KUL,5
PKX,MLE,3
PKX,AMS,6
PKX,WAW,3
PKX,DOH,8
PKX,IKT,3
PKX,KHV,2
PKX,SVO,13
PKX,OVB,3
PKX,VVO,3
PKX,GMP,8
PKX,ICN,8
PKX,CNX,5
PKX,IST,4
PKX,AUH,4
PKX,LHR,13
PKX,TAS,2
PEK,ALG,2
PEK,MEL,3
PEK,SYD,5
PEK,VIE,4
PEK,MSQ,2
PEK,BRU,12
PEK,PNH,2
PEK,YYZ,5
PEK,AKU,4
PEK,AQG,6
PEK,BSD,8
PEK,BAV,8
PEK,RLK,8
PEK,BHY,19
PEK,CGQ,40
PEK,CSX,88
PEK,CIH,8
PEK,CZX,8
PEK,CTU,190
PEK,TFU,82
PEK,CKG,144
PEK,DLU,19
PEK,DLC,69
PEK,DQA,24
PEK,DYG,8
PEK,DZH,12
PEK,DOY,4
PEK,DNH,8
PEK,FUG,4
PEK,FOC,66
PEK,KOW,8
PEK,GYS,8
PEK,CAN,158
PEK,KWL,21
PEK,KWE,72
PEK,HAK,62
PEK,HLD,27
PEK,HMI,2
PEK,HGH,214
PEK,HRB,82
PEK,HFE,24
PEK,HNY,8
PEK,HET,8
PEK,TXN,8
PEK,HYN,8
PEK,HUZ,8
PEK,JGS,8
PEK,JMU,23
PEK,SWA,8
PEK,JDZ,8
PEK,JHG,4
PEK,JIU,8
PEK,JXA,4
PEK,KRY,8
PEK,KHG,8
PEK,KRL,8
PEK,KMG,92
PEK,LHW,56
PEK,LXA,16
PEK,LJG,16
PEK,LFQ,8
PEK,LZH,8
PEK,LLV,8
PEK,NZH,4
PEK,MIG,22
PEK,MDG,21
PEK,KHN,57
PEK,NKG,49
PEK,NNG,54
PEK,NTG,20
PEK,NGB,40
PEK,LZY,8
PEK,DSN,16
PEK,TAO,51
PEK,BAR,8
PEK,NDG,8
PEK,JJN,10
PEK,SYX,63
PEK,SHA,335
PEK,PVG,96
PEK,SQD,4
PEK,WGN,4
PEK,SHE,40
PEK,SZX,267
PEK,WDS,16
PEK,JZH,4
PEK,TYN,16
PEK,TNH,8
PEK,TGO,8
PEK,HLH,8
PEK,URC,64
PEK,WXN,7
PEK,WEH,24
PEK,WNZ,46
PEK,WUA,8
PEK,WUH,72
PEK,WUX,29
PEK,WUS,4
PEK,XIY,98
PEK,XMN,86
PEK,XFN,8
PEK,XIC,8
PEK,XIL,8
PEK,XNN,25
PEK,ENY,24
PEK,YNZ,8
PEK,YTY,8
PEK,YNJ,16
PEK,YNT,55
PEK,YBP,18
PEK,YIH,16
PEK,YIC,8
PEK,INC,45
PEK,YIW,8
PEK,YYA,4
PEK,YLX,4
PEK,UYN,8
PEK,YCU,16
PEK,ZHA,8
PEK,CGO,16
PEK,ZHY,4
PEK,ZUH,48
PEK,WMT,8
PEK,PRG,3
PEK,CPH,4
PEK,CAI,3
PEK,ADD,5
PEK,CDG,14
PEK,BER,3
PEK,FRA,24
PEK,ATH,3
PEK,HKG,71
PEK,CGK,3
PEK,IKA,4
PEK,TLV,2
PEK,MXP,8
PEK,FCO,6
PEK,NGO,2
PEK,KIX,11
PEK,HND,32
PEK,NRT,17
PEK,ALA,6
PEK,NQZ,2
PEK,MFM,16
PEK,KUL,2
PEK,UBN,13
PEK,RGN,1
PEK,AMS,6
PEK,AKL,4
PEK,ISB,2
PEK,MNL,9
PEK,WAW,5
PEK,DOH,1
PEK,SVO,0
PEK,LED,2
PEK,BEG,2
PEK,SIN,28
PEK,PUS,5
PEK,CJU,4
PEK,GMP,12
PEK,ICN,52
PEK,BCN,4
PEK,MAD,5
PEK,CMB,1
PEK,ARN,3
PEK,GVA,4
PEK,TPE,24
PEK,BKK,25
PEK,CNX,3
PEK,HKT,5
PEK,IST,6
PEK,ASB,3
PEK,DXB,16
PEK,DWC,2
PEK,LHR,13
PEK,MAN,4
PEK,FRG,0
PEK,LAX,7
PEK,JFK,1
PEK,SFO,4
PEK,TAS,2
PEK,HAN,3
PEK,SGN,3
PEK,CXR,1
PLU,NO,0
PAB,IXD,5
PAB,JLR,4
PWT,PAE,0
PWT,LGU,1
PWT,OAK,0
PWT,RBG,0
PWT,BFI,0
PWT,SHN,0
PUS,REP,5
PUS,PEK,5
PUS,DYG,4
PUS,TAO,8
PUS,PVG,4
PUS,SHE,3
PUS,XIY,2
PUS,YNJ,7
PUS,GUM,2
PUS,HKG,8
PUS,FUK,38
PUS,KIX,38
PUS,CTS,4
PUS,NRT,27
PUS,VTE,7
PUS,MFM,8
PUS,BKI,2
PUS,KUL,3
PUS,UBN,5
PUS,CRK,8
PUS,CEB,11
PUS,KLO,2
PUS,MNL,8
PUS,SIN,4
PUS,CJU,202
PUS,GMP,247
PUS,ICN,27
PUS,KHH,5
PUS,TPE,40
PUS,BKK,19
PUS,DAD,28
PUS,HAN,16
PUS,SGN,16
PUS,CXR,16
PWK,YPS,0
PWK,YKZ,0
PWK,ABQ,0
PWK,ARB,0
PWK,AUO,0
PWK,EDC,1
PWK,AVP,0
PWK,BED,1
PWK,BEH,0
PWK,BHM,0
PWK,BOS,1
PWK,QQY,0
PWK,CAD,0
PWK,PWK,0
PWK,MDW,3
PWK,LUK,0
PWK,COU,0
PWK,CMH,1
PWK,CLU,0
PWK,OSU,1
PWK,DAL,1
PWK,APA,1
PWK,DSM,0
PWK,DHN,0
PWK,DBQ,0
PWK,EGV,0
PWK,FLL,0
PWK,GRR,0
PWK,GRB,0
PWK,HOT,1
PWK,HOU,0
PWK,OJC,0
PWK,ENW,0
PWK,TYS,0
PWK,LAN,0
PWK,LWM,0
PWK,LNK,0
PWK,SDF,0
PWK,MSN,0
PWK,MBL,0
PWK,TMB,1
PWK,OPF,0
PWK,MKE,0
PWK,FCM,0
PWK,MSP,1
PWK,ARV,0
PWK,MLI,0
PWK,MMU,1
PWK,MVN,0
PWK,NUQ,1
PWK,BNA,0
PWK,LGA,0
PWK,EWR,0
PWK,PTK,0
PWK,PUB,0
PWK,ROC,0
PWK,LOT,2
PWK,SAN,1
PWK,SNA,0
PWK,STS,1
PWK,SRQ,0
PWK,SCF,0
PWK,SBM,0
PWK,STL,0
PWK,SVH,0
PWK,SLR,0
PWK,TEB,1
PWK,TVC,1
PWK,RVS,1
PWK,VNY,2
PWK,IAD,0
PWK,CWA,0
PWK,ETB,0
PWK,AWM,0
PWK,HPN,0
PWK,ILL,0
PWK,INT,0
PWK,ISW,0
PWK,BJJ,0
PWK,ZZV,1
PSK,,0
PSK,FDK,0
PSK,BDL,0
PAE,YYC,0
PAE,YVR,0
PAE,ANC,8
PAE,QQW,0
PAE,PWT,0
PAE,MVW,0
PAE,ESD,11
PAE,PAE,0
PAE,FRD,16
PAE,LAS,11
PAE,LAX,7
PAE,MWH,0
PAE,OTH,0
PAE,PSC,1
PAE,PHX,12
PAE,CLM,0
PAE,PUW,0
PAE,SAN,16
PAE,SFO,34
PAE,SNA,16
PAE,TIW,0
POB,CAE,0
POB,MXE,0
PGV,CLT,16
PGV,LYH,0
PGV,OPF,0
PGV,MMU,1
PIB,PDK,1
PIB,DSI,0
PIB,GPT,0
PIB,IAH,8
PIB,HOU,0
PIB,MEI,6
PIB,SGR,0
PYB,BBI,11
PYB,VTZ,11
PYK,NO,0
POC,FUL,0
POC,HWD,0
POC,SBD,0
POC,SNA,1
PTF,NO,0
PLL,NO,0
PKA,BET,0
PKA,WNA,5
PHF,YHM,0
PHF,ALB,0
PHF,BHM,1
PHF,CLT,37
PHF,CON,0
PHF,MGY,0
PHF,GSO,0
PHF,HAR,0
PHF,MMU,0
PHF,GON,0
PHF,PHF,0
PHF,TEB,0
PHF,IAD,0
PWA,,0
PWA,PLS,0
PWA,ADT,0
PWA,AXX,0
PWA,QQG,0
PWA,AUS,0
PWA,BPT,0
PWA,BHM,0
PWA,COU,0
PWA,DGW,0
PWA,ADS,0
PWA,QQD,0
PWA,APA,0
PWA,ELK,1
PWA,FNL,0
PWA,AFW,1
PWA,GUC,0
PWA,GUY,0
PWA,HUT,0
PWA,TYS,0
PWA,LVK,0
PWA,LAX,1
PWA,QQT,0
PWA,NQA,0
PWA,PWA,0
PWA,SLC,0
PWA,SNA,0
PWA,SAF,0
PWA,SGF,0
PDG,BDJ,1
PDG,BTH,25
PDG,BKS,7
PDG,HLP,16
PDG,CGK,139
PDG,KNO,17
PDG,TRK,1
PDG,KUL,24
PAD,INN,1
PAD,HRG,2
PAD,CDG,0
PAD,DTM,0
PAD,DRS,1
PAD,MUC,16
PAD,STR,1
PAD,HER,1
PAD,GPA,0
PAD,RHO,2
PAD,FAO,1
PAD,ALC,2
PAD,AGP,2
PAD,PMI,23
PAD,ACH,0
PAD,ZRH,1
PAD,AYT,22
PAH,QQK,0
PAH,CLT,15
PAH,GSO,0
PAH,IND,0
PAH,SDF,1
PAH,PBI,1
PFO,VIE,8
PFO,CRL,3
PFO,SOF,5
PFO,ZAG,3
PFO,LCA,3
PFO,BOD,2
PFO,MRS,2
PFO,BVA,3
PFO,TLS,3
PFO,BER,2
PFO,CGN,2
PFO,FMM,2
PFO,MUC,1
PFO,ATH,2
PFO,CHQ,6
PFO,JMK,4
PFO,RHO,5
PFO,SKG,9
PFO,BUD,7
PFO,DUB,2
PFO,TLV,31
PFO,BLQ,1
PFO,BGY,2
PFO,NAP,2
PFO,PSA,1
PFO,CIA,3
PFO,TSF,2
PFO,AMM,7
PFO,RIX,3
PFO,BEY,0
PFO,KUN,2
PFO,MLA,2
PFO,AMS,4
PFO,GDN,2
PFO,KTW,3
PFO,KRK,3
PFO,POZ,2
PFO,WAW,1
PFO,WMI,3
PFO,WRO,4
PFO,OTP,5
PFO,BTS,3
PFO,BFS,1
PFO,BHX,8
PFO,BOH,2
PFO,BRS,10
PFO,CWL,3
PFO,EDI,4
PFO,EXT,1
PFO,GLA,4
PFO,LBA,4
PFO,LGW,42
PFO,LHR,1
PFO,LTN,5
PFO,STN,16
PFO,MAN,27
PFO,NCL,7
PFO,NWI,1
PFO,EMA,10
PAG,CEB,12
PAG,MNL,23
PGA,BTF,0
PGA,QTC,0
PGA,GUP,0
PGA,GCN,0
PGA,HOU,0
PGA,LAS,0
PGA,HSH,0
PGA,LAX,1
PGA,MRY,1
PGA,UDD,0
PGA,PHX,18
PGA,PVU,0
PGA,MHR,0
PGA,MYF,0
PGA,SNA,0
PGA,SCF,0
PGA,TEX,1
PGA,HPN,1
PGA,ORH,1
PPG,HNL,4
PGO,AMA,0
PGO,FNL,0
PGO,APC,1
PGO,VEL,0
PHK,PBI,0
PJA,LLA,13
PKZ,REP,1
PKZ,LPQ,1
PKZ,VTE,18
PKZ,SGN,4
PYG,DEL,6
PLQ,CPH,14
PLQ,DUB,3
PLQ,RIX,8
PLQ,OSL,6
PLQ,STN,4
PKY,BPN,8
PKY,CGK,37
PKY,SUB,19
PLM,TKG,3
PLM,BDO,3
PLM,BTH,24
PLM,HLP,50
PLM,CGK,144
PLM,PGK,24
PLM,SUB,8
PMO,VIE,8
PMO,BRU,2
PMO,CRL,5
PMO,BSL,4
PMO,DOL,1
PMO,LIL,2
PMO,LYS,6
PMO,MRS,7
PMO,NTE,4
PMO,NCE,5
PMO,BVA,4
PMO,CDG,3
PMO,ORY,16
PMO,SXB,1
PMO,LDE,2
PMO,TLS,2
PMO,BER,3
PMO,CGN,6
PMO,DUS,2
PMO,FRA,5
PMO,HHN,3
PMO,FKB,2
PMO,FMM,3
PMO,MUC,9
PMO,NUE,4
PMO,STR,3
PMO,ATH,2
PMO,JTR,2
PMO,ZTH,1
PMO,BUD,3
PMO,DUB,3
PMO,AHO,2
PMO,AOI,3
PMO,BRI,5
PMO,BLQ,23
PMO,VBS,0
PMO,BDS,2
PMO,CAG,3
PMO,CUF,2
PMO,FLR,7
PMO,FRL,5
PMO,GOA,8
PMO,LMP,27
PMO,BGY,29
PMO,LIN,47
PMO,MXP,61
PMO,NAP,31
PMO,OLB,4
PMO,PNL,21
PMO,PMF,4
PMO,PEG,4
PMO,PSA,20
PMO,RMI,3
PMO,FCO,153
PMO,TRS,5
PMO,TRN,19
PMO,VCE,28
PMO,VRN,22
PMO,LUX,3
PMO,MLA,3
PMO,AMS,2
PMO,RTM,2
PMO,KTW,1
PMO,KRK,2
PMO,WRO,3
PMO,OTP,4
PMO,BEG,1
PMO,BCN,9
PMO,MAD,4
PMO,VLC,4
PMO,ARN,2
PMO,GVA,5
PMO,ZRH,14
PMO,TUN,4
PMO,IST,4
PMO,EDI,2
PMO,LGW,7
PMO,LHR,5
PMO,LTN,2
PMO,STN,8
PSN,TYR,0
PMK,TSV,61
PSP,YYC,6
PSP,YVR,4
PSP,ASE,0
PSP,DFW,16
PSP,DEN,24
PSP,HNL,0
PSP,LAS,16
PSP,LAX,0
PSP,MIA,0
PSP,MSO,0
PSP,APC,0
PSP,OAK,8
PSP,PRB,1
PSP,PHX,23
PSP,SMF,8
PSP,SLC,16
PSP,MYF,0
PSP,SFO,44
PSP,SJC,8
PSP,STS,2
PSP,SEA,16
PSP,DLS,1
PMI,GRZ,4
PMI,INN,2
PMI,KLU,3
PMI,LNZ,2
PMI,SZG,8
PMI,VIE,52
PMI,BRU,16
PMI,CRL,6
PMI,KJK,1
PMI,LGG,2
PMI,OST,2
PMI,SOF,4
PMI,BRQ,0
PMI,PRG,13
PMI,AAL,3
PMI,AAR,2
PMI,BLL,11
PMI,CPH,34
PMI,HEL,7
PMI,BSL,29
PMI,BIA,0
PMI,BOD,11
PMI,BES,1
PMI,CEQ,1
PMI,DOL,2
PMI,FSC,0
PMI,LIL,3
PMI,LYS,17
PMI,MRS,17
PMI,NTE,15
PMI,NCE,6
PMI,BVA,5
PMI,CDG,7
PMI,LBG,0
PMI,ORY,38
PMI,SXB,1
PMI,TLS,15
PMI,BER,71
PMI,BRE,23
PMI,CGN,89
PMI,DTM,20
PMI,DRS,15
PMI,DUS,117
PMI,FRA,68
PMI,HHN,13
PMI,FDH,4
PMI,HAM,83
PMI,HAJ,32
PMI,FKB,35
PMI,KSF,3
PMI,LEJ,23
PMI,LBC,2
PMI,MHG,0
PMI,FMM,17
PMI,MUC,81
PMI,FMO,30
PMI,NUE,46
PMI,PAD,19
PMI,SCN,16
PMI,STR,63
PMI,NRN,16
PMI,ATH,2
PMI,BUD,9
PMI,KEF,1
PMI,ORK,11
PMI,DUB,34
PMI,NOC,1
PMI,SNN,4
PMI,BLQ,8
PMI,VBS,0
PMI,CAG,4
PMI,FLR,1
PMI,BGY,13
PMI,MXP,23
PMI,NAP,6
PMI,OLB,1
PMI,PSA,4
PMI,CIA,0
PMI,FCO,10
PMI,TSF,3
PMI,VRN,4
PMI,RIX,1
PMI,KUN,2
PMI,VNO,2
PMI,LUX,20
PMI,CMN,1
PMI,FEZ,2
PMI,RAK,4
PMI,NDR,3
PMI,RBA,1
PMI,AMS,40
PMI,EIN,12
PMI,RTM,5
PMI,BGO,2
PMI,BOO,1
PMI,KRS,1
PMI,OSL,16
PMI,TRF,2
PMI,SVG,1
PMI,TRD,1
PMI,GDN,0
PMI,KTW,3
PMI,KRK,2
PMI,POZ,2
PMI,WAW,7
PMI,WMI,4
PMI,WRO,3
PMI,FAO,1
PMI,LIS,15
PMI,OPO,11
PMI,OTP,4
PMI,CLJ,1
PMI,BEG,3
PMI,BTS,4
PMI,ALC,44
PMI,LEI,3
PMI,OVD,8
PMI,BCN,185
PMI,BIO,25
PMI,GRO,0
PMI,LPA,4
PMI,GRX,11
PMI,IBZ,145
PMI,XRY,5
PMI,LEN,4
PMI,ILD,3
PMI,MAD,158
PMI,MAH,80
PMI,AGP,30
PMI,RMU,2
PMI,SLM,3
PMI,EAS,2
PMI,SDR,4
PMI,SCQ,19
PMI,SVQ,32
PMI,TFN,5
PMI,VLC,76
PMI,VLL,8
PMI,VGO,3
PMI,VIT,6
PMI,ZAZ,11
PMI,GOT,8
PMI,JKG,1
PMI,KLR,1
PMI,MMX,2
PMI,ORB,1
PMI,ARN,25
PMI,BMA,0
PMI,BRN,4
PMI,GVA,19
PMI,SIR,3
PMI,ZRH,81
PMI,IST,0
PMI,DXB,1
PMI,ABZ,4
PMI,BFS,27
PMI,BHX,43
PMI,BOH,15
PMI,BRS,46
PMI,CWL,6
PMI,EDI,23
PMI,EXT,5
PMI,GLA,18
PMI,PIK,7
PMI,HUY,1
PMI,LBA,39
PMI,LPL,18
PMI,LCY,9
PMI,LGW,69
PMI,LHR,23
PMI,LTN,37
PMI,SEN,6
PMI,STN,41
PMI,MAN,78
PMI,NCL,29
PMI,NWI,2
PMI,EMA,39
PMI,NHT,1
PMI,SOU,3
PMI,MME,4
PMI,EWR,3
PMW,CNF,4
PMW,BSB,16
PMW,VCP,15
PMW,GYN,6
PMW,GRU,20
PMW,GTP,7
PMD,FTW,0
PMD,LGB,0
PMD,LAX,0
PMD,MYF,0
PAQ,KUK,0
PAQ,WWA,0
PMR,AKL,68
PMR,CHC,32
PAO,AUN,0
PAO,HAF,0
PAO,APC,0
PAO,ONT,0
PAO,SNS,0
PAO,SBA,0
PAO,SMO,0
PAO,TKF,0
PAO,VCB,0
PLW,BPN,18
PLW,CGK,24
PLW,LUW,1
PLW,UPG,51
PLW,MOH,8
PLW,TLI,1
PPA,CLK,1
PNA,FAO,1
PNA,LPA,4
PNA,MAD,18
PAC,SAP,0
PAC,CUN,0
PAC,BOC,12
PAC,PDM,1
PAC,CHX,8
PAC,CTD,3
PAC,DAV,19
PAC,BWI,0
PAC,PBI,1
PTY,EZE,32
PTY,COR,11
PTY,MDZ,6
PTY,ROS,8
PTY,AUA,8
PTY,NAS,3
PTY,BGI,2
PTY,BRU,3
PTY,BZE,1
PTY,VVI,13
PTY,CNF,8
PTY,BSB,8
PTY,MAO,4
PTY,POA,7
PTY,GIG,16
PTY,GRU,39
PTY,YUL,4
PTY,YYZ,5
PTY,SCL,40
PTY,AXM,4
PTY,BAQ,12
PTY,BOG,72
PTY,BGA,2
PTY,CLO,29
PTY,CTG,24
PTY,CUC,4
PTY,MDE,49
PTY,PEI,8
PTY,ADZ,2
PTY,SMR,3
PTY,SJO,61
PTY,HAV,32
PTY,SNU,3
PTY,CUR,8
PTY,PUJ,52
PTY,SDQ,38
PTY,GYE,40
PTY,UIO,35
PTY,SAL,15
PTY,CDG,6
PTY,GUA,34
PTY,GEO,3
PTY,PAP,2
PTY,XPL,12
PTY,SAP,10
PTY,KIN,5
PTY,MBJ,5
PTY,CUN,60
PTY,GDL,4
PTY,NLU,4
PTY,MEX,40
PTY,MTY,4
PTY,AMS,12
PTY,SXM,2
PTY,MGA,18
PTY,DAV,13
PTY,ASU,16
PTY,CIX,2
PTY,LIM,49
PTY,SJU,13
PTY,MAD,11
PTY,PBM,2
PTY,POS,8
PTY,IST,11
PTY,ATL,15
PTY,BOS,8
PTY,ORD,8
PTY,DEN,5
PTY,FLL,5
PTY,IAH,16
PTY,LAS,4
PTY,LAX,21
PTY,MIA,85
PTY,JFK,24
PTY,EWR,8
PTY,MCO,38
PTY,SFO,8
PTY,TPA,4
PTY,IAD,21
PTY,MVD,24
PTY,BLA,4
PTY,BRM,2
PTY,CCS,38
PTY,MAR,7
PTY,VLN,10
PGK,CGK,80
PGK,PLM,24
PGK,TJQ,24
PKN,CGK,8
PKN,SRG,36
PKN,SUB,16
PNL,BLQ,2
PNL,CTA,5
PNL,LMP,0
PNL,BGY,2
PNL,LIN,1
PNL,NAP,1
PNL,PMO,21
PNL,TPS,18
PNL,VCE,2
PNL,VRN,2
PGH,DEL,16
PGH,JAI,8
PGH,LKO,4
PZI,CTU,8
PZI,CKG,1
PZI,DLC,3
PZI,CAN,6
PZI,NLH,3
PZI,TCZ,2
PZI,WXN,1
PPW,NO,0
PPT,AHE,1
PPT,AAA,1
PPT,APK,1
PPT,RKA,2
PPT,AXR,2
PPT,AUQ,14
PPT,BOB,64
PPT,FAV,2
PPT,HOI,3
PPT,HUH,18
PPT,MKP,1
PPT,MVT,1
PPT,MAU,5
PPT,MOZ,20
PPT,NIU,1
PPT,NHV,8
PPT,RFP,52
PPT,RVV,1
PPT,RGI,27
PPT,RMT,1
PPT,RUR,4
PPT,TKX,1
PPT,TKV,2
PPT,TIH,6
PPT,TUB,3
PPT,ZTA,1
PPT,NOU,1
PPT,AKL,0
PPT,HNL,1
PPT,LAX,18
PPT,SFO,9
PPT,SEA,2
PBO,PER,44
PYT,CNF,4
PGR,NO,0
PBM,BRU,0
PBM,BEL,4
PBM,CUR,9
PBM,GEO,5
PBM,AMS,8
PBM,BON,2
PBM,PTY,2
PBM,POS,2
PBM,MIA,1
PRA,AEP,9
PNG,NO,0
PPQ,AKL,8
PPQ,BHE,6
PPQ,NSN,3
PED,BTS,1
PED,ALC,2
PIN,MAO,5
PRX,UMZ,0
PRX,SNL,0
PKD,GFK,0
PKD,FCM,0
PKD,TVF,0
PKB,BKW,14
PKB,CLT,0
PKB,LCK,0
PKB,DSI,0
PKB,IND,0
PKB,MNZ,0
PKB,MRK,0
PKE,SYD,19
PMF,CGN,0
PMF,CAG,3
PMF,PMO,4
PMF,PEG,1
PMF,FCO,0
PMF,TPS,1
PMF,MLA,3
PMF,KIV,3
PMF,OSL,0
PMF,ZRH,1
PHB,BRB,3
PHB,JJD,6
PBH,DAC,2
PBH,BUT,7
PBH,YON,4
PBH,DEL,7
PBH,GAU,4
PBH,CCU,8
PBH,IXB,2
PBH,KTM,8
PBH,BKK,4
PAS,ATH,101
PAS,SKG,8
PFQ,THR,3
PSC,BOI,0
PSC,BUR,2
PSC,CLS,1
PSC,COS,0
PSC,DEN,16
PSC,HLN,0
PSC,LAS,3
PSC,LWS,0
PSC,LAX,3
PSC,MSP,8
PSC,OTH,0
PSC,AZA,2
PSC,PDX,0
PSC,SLC,24
PSC,SAN,3
PSC,SFO,16
PSC,BFI,0
PSC,SEA,57
PSC,GEG,1
PSC,TIW,1
PSC,ALW,0
PRB,BCB,1
PRB,BUR,0
PRB,CSN,0
PRB,CIC,1
PRB,HLI,0
PRB,SBA,0
PRB,TOA,1
PFB,VCP,13
PFB,GRU,14
PSO,BOG,37
PSO,CLO,22
PSO,EOH,3
PAT,AMD,8
PAT,ATQ,8
PAT,BLR,24
PAT,BBI,4
PAT,IXC,4
PAT,MAA,8
PAT,DEL,96
PAT,DGH,4
PAT,GOX,4
PAT,GAU,8
PAT,HYD,16
PAT,CCU,24
PAT,LKO,8
PAT,BOM,24
PAT,PNQ,8
PAT,IXR,9
PTO,CWB,5
POJ,CNF,4
PTN,NO,0
PUF,DOL,1
PUF,LYS,18
PUF,CDG,24
PUF,ORY,16
PUF,PIS,1
PUF,LDE,0
PAV,REC,4
PAV,SSA,2
PWQ,ALA,16
PWQ,NQZ,6
PJB,PHX,0
PEX,SCW,3
PEX,VKT,3
PEQ,CLL,0
PEQ,APA,1
PEQ,FTW,0
PEQ,GGG,0
PEQ,MAF,0
PEQ,SCF,0
PEV,NO,0
PEF,NO,0
PKU,BDO,3
PKU,BTH,42
PKU,HLP,48
PKU,CGK,128
PKU,KNO,44
PKU,YIA,24
PKU,KUL,20
PKU,MKZ,7
PKU,SIN,6
PLR,DSI,0
PLR,GUF,0
PLN,DPA,0
PLN,MDW,0
PLN,CMH,0
PLN,BJC,0
PLN,DTW,14
PLN,GRR,1
PLN,GTF,0
PLN,LAN,1
PLN,SLC,0
PET,POA,10
PET,GRU,5
POL,NBO,1
POL,DZA,3
POL,MPM,9
POL,JNB,7
POL,DAR,2
PMA,ZNZ,81
PEN,PNH,4
PEN,CAN,8
PEN,HKG,13
PEN,BTJ,6
PEN,CGK,20
PEN,KNO,62
PEN,SUB,4
PEN,JHB,50
PEN,KBR,8
PEN,BKI,16
PEN,KUL,149
PEN,SZB,82
PEN,KCH,16
PEN,LGK,31
PEN,SIN,126
PEN,ICN,6
PEN,TPE,20
PEN,DMK,16
PEN,BKK,8
PEN,HKT,9
PEN,HAN,2
PEN,SGN,18
PDT,PDX,24
PNS,SML,0
PNS,ABY,1
PNS,ATL,60
PNS,ACY,1
PNS,AUS,2
PNS,CLT,37
PNS,MDW,1
PNS,ORD,9
PNS,DFW,38
PNS,DAL,11
PNS,DEN,10
PNS,DSI,0
PNS,FLL,8
PNS,FMY,1
PNS,HGR,0
PNS,HRO,0
PNS,IAH,24
PNS,HOU,9
PNS,HKS,0
PNS,MCI,8
PNS,LFT,0
PNS,LIT,0
PNS,MIA,24
PNS,QQA,0
PNS,BFM,6
PNS,MVC,0
PNS,BNA,17
PNS,QQN,0
PNS,NEW,0
PNS,LGA,1
PNS,ORL,0
PNS,MCO,16
PNS,ECP,0
PNS,PNS,0
PNS,PHL,6
PNS,SRQ,0
PNS,SUS,0
PNS,STL,10
PNS,SUA,0
PNS,TLH,6
PNS,TPA,11
PNS,TEB,0
PNS,TOI,0
PNS,DCA,16
PNS,PBI,0
PNS,CDN,0
PEZ,MRV,2
PEZ,DME,32
PEZ,SVO,8
PEZ,VKO,7
PEZ,AER,4
PEZ,LED,3
PIA,YUL,0
PIA,CMI,0
PIA,CLT,16
PIA,ORD,40
PIA,UGN,0
PIA,CMH,0
PIA,DFW,16
PIA,APA,0
PIA,DEN,2
PIA,VPS,2
PIA,GRE,0
PIA,LAS,4
PIA,SDF,1
PIA,MWA,0
PIA,BNA,2
PIA,OMA,0
PIA,SFB,3
PIA,PIA,0
PIA,AZA,3
PIA,PGD,3
PIA,SRQ,3
PIA,SPI,0
PIA,PIE,5
PEI,BOG,108
PEI,CTG,8
PEI,EOH,33
PEI,MDE,28
PEI,VVC,2
PEI,PTY,8
PEI,MIA,11
PEI,JFK,4
PGX,NO,0
PEE,EVN,2
PEE,GYD,1
PEE,MSQ,3
PEE,HRG,1
PEE,SSH,1
PEE,ABA,1
PEE,OGZ,1
PEE,KGD,3
PEE,KZN,5
PEE,KGP,1
PEE,MCX,4
PEE,MRV,9
PEE,DME,16
PEE,SVO,48
PEE,VKO,6
PEE,MMK,2
PEE,NSK,1
PEE,OVB,8
PEE,KUF,3
PEE,AER,19
PEE,LED,29
PEE,SGC,2
PEE,TJM,1
PEE,AYT,16
PEE,IST,2
PEE,NMA,1
PGF,CRL,3
PGF,BIA,0
PGF,BZR,1
PGF,CCF,0
PGF,LIL,3
PGF,LYN,0
PGF,NTE,3
PGF,FNI,0
PGF,LBG,0
PGF,ORY,19
PGF,PGF,0
PGF,TUF,0
PGF,DUS,1
PGF,DUB,6
PGF,AGA,2
PGF,RAK,2
PGF,MJV,0
PGF,BHX,2
PGF,LBA,2
PGF,STN,6
PER,ADL,48
PER,ALH,30
PER,GYL,1
PER,BYP,23
PER,BWB,1
PER,OCM,29
PER,BNE,74
PER,BME,37
PER,BQB,9
PER,CNS,6
PER,CBR,7
PER,CVQ,6
PER,WCD,0
PER,CKW,0
PER,XCH,2
PER,KFE,1
PER,CJF,17
PER,DRW,13
PER,EPR,24
PER,GET,17
PER,GBW,0
PER,OOL,3
PER,HBA,6
PER,IBM,1
PER,KGI,44
PER,KTA,54
PER,OOD,11
PER,KNX,8
PER,LVO,2
PER,LEA,12
PER,LER,11
PER,LNO,7
PER,MEL,138
PER,MJK,8
PER,WME,17
PER,MMG,0
PER,ZNE,47
PER,ONS,8
PER,PBO,44
PER,PHE,52
PER,RVT,1
PER,SLJ,0
PER,SYD,106
PER,TEF,5
PER,GTS,0
PER,WLP,14
PER,WUN,0
PER,WWI,3
PER,HKG,3
PER,DPS,61
PER,CGK,4
PER,KCI,1
PER,KUL,31
PER,MRU,2
PER,AKL,8
PER,MNL,4
PER,DOH,8
PER,SIN,45
PER,DXB,8
PER,LHR,8
PSL,NO,0
PEG,TIA,7
PEG,VIE,2
PEG,CRL,2
PEG,MRS,1
PEG,NUE,1
PEG,SNN,1
PEG,AOI,1
PEG,BDS,2
PEG,CAG,5
PEG,CTA,6
PEG,LIN,1
PEG,OLB,6
PEG,PMO,4
PEG,FCO,1
PEG,MLA,4
PEG,RTM,2
PEG,KRK,2
PEG,OTP,3
PEG,BCN,2
PEG,PMI,1
PEG,LHR,3
PEG,STN,8
PSR,TIA,4
PSR,CRL,6
PSR,PRG,2
PSR,NCE,0
PSR,FMM,2
PSR,NRN,5
PSR,AHO,2
PSR,CTA,4
PSR,BGY,16
PSR,LIN,13
PSR,NAP,0
PSR,TPS,3
PSR,TRN,5
PSR,VCE,1
PSR,LUX,2
PSR,MLA,5
PSR,KRK,2
PSR,WMI,1
PSR,OTP,3
PSR,GRO,2
PSR,STN,8
PEW,BAH,5
PEW,MCT,2
PEW,KHI,15
PEW,DOH,12
PEW,JED,6
PEW,RUH,5
PEW,AUH,5
PEW,AAN,1
PEW,DXB,14
PEW,RKT,3
PEW,SHJ,12
PSG,ANC,11
PSG,FAT,1
PSG,JNU,16
PSG,WRG,8
PSG,YAK,0
PTB,SUA,0
PNZ,VCP,8
PNZ,REC,14
PNZ,GRU,21
PNZ,NSR,1
PNZ,GTP,7
PPK,ALA,8
PPK,NQZ,8
PKC,DYR,2
PKC,IKT,4
PKC,KHV,8
PKC,GDX,14
PKC,SVO,16
PKC,OVB,8
PKC,VVO,17
PKC,UUS,5
PES,CEE,2
PES,KGD,3
PES,IGT,2
PES,MRV,2
PES,DME,8
PES,SVO,2
PES,VKO,3
PES,AER,3
PES,SVX,2
PWE,GDX,2
PWE,NJC,1
PWE,OVB,1
PHW,NO,0
PPL,NO,0
PHL,AUA,8
PHL,NAS,8
PHL,BDA,6
PHL,YHZ,8
PHL,YUL,32
PHL,YQB,8
PHL,YYZ,56
PHL,GCM,1
PHL,PUJ,15
PHL,CDG,9
PHL,LBG,1
PHL,CGN,1
PHL,FRA,6
PHL,ATH,8
PHL,DUB,16
PHL,FCO,8
PHL,VCE,8
PHL,MBJ,23
PHL,CUN,33
PHL,AMS,8
PHL,SXM,1
PHL,LIS,8
PHL,SJU,32
PHL,DOH,8
PHL,UVF,1
PHL,BCN,8
PHL,MAD,5
PHL,ZRH,8
PHL,PLS,1
PHL,LHR,20
PHL,STN,2
PHL,EMA,1
PHL,ALB,24
PHL,ABE,3
PHL,AOO,16
PHL,AVL,15
PHL,FTY,1
PHL,ATL,125
PHL,ACY,4
PHL,AUS,16
PHL,MTN,0
PHL,BGR,24
PHL,BHM,15
PHL,BCT,0
PHL,BOS,101
PHL,BUF,24
PHL,IFP,1
PHL,BUR,1
PHL,BTV,17
PHL,CHS,32
PHL,CLT,72
PHL,CHO,7
PHL,GYY,1
PHL,MDW,36
PHL,ORD,104
PHL,RFD,1
PHL,CVG,28
PHL,CLE,29
PHL,CAE,17
PHL,CMH,32
PHL,CSG,0
PHL,DFW,87
PHL,DAL,2
PHL,DAY,8
PHL,DAB,6
PHL,DEN,64
PHL,VPS,1
PHL,DTW,68
PHL,FDY,1
PHL,FLL,57
PHL,GRR,16
PHL,GSO,23
PHL,GSP,16
PHL,MDT,33
PHL,HHH,2
PHL,IAH,44
PHL,IND,24
PHL,JAX,33
PHL,MCI,15
PHL,EYW,8
PHL,TYS,24
PHL,LNS,3
PHL,LAN,0
PHL,LAS,40
PHL,LEX,8
PHL,LAX,64
PHL,SDF,28
PHL,MSN,8
PHL,MHT,25
PHL,MEM,20
PHL,MIA,71
PHL,MKE,24
PHL,MSP,44
PHL,MYR,32
PHL,ACK,2
PHL,BNA,61
PHL,MSY,20
PHL,EWR,16
PHL,ORF,17
PHL,OAK,6
PHL,OGS,16
PHL,ONT,4
PHL,MCO,129
PHL,UOX,1
PHL,ECP,1
PHL,PNS,6
PHL,PHX,56
PHL,AGC,0
PHL,PIT,33
PHL,PBG,16
PHL,PDX,4
PHL,PWM,24
PHL,PVD,23
PHL,RDU,47
PHL,RIC,25
PHL,ROA,14
PHL,ROC,24
PHL,SMF,4
PHL,SBY,6
PHL,SLC,8
PHL,SAT,0
PHL,SAN,17
PHL,SFO,32
PHL,SJC,1
PHL,SLK,0
PHL,SRQ,10
PHL,SAV,28
PHL,SEA,32
PHL,RSW,24
PHL,STL,25
PHL,SCE,24
PHL,SYR,24
PHL,TPA,49
PHL,TEB,0
PHL,TTN,1
PHL,IAD,2
PHL,DCA,36
PHL,ART,16
PHL,PBI,29
PHL,HPN,0
PHL,ILM,24
PHL,BDL,27
PHL,YNG,0
PHL,STT,1
PNE,YUL,0
PNE,ABE,0
PNE,FTY,0
PNE,BFP,0
PNE,BED,0
PNE,BUF,0
PNE,DYL,0
PNE,FRG,0
PNE,GED,0
PNE,HUT,1
PNE,LNS,0
PNE,NPT,0
PNE,OWD,3
PNE,PNE,1
PNE,RIC,1
PNE,TEB,0
PNE,TTN,0
PNE,PBI,1
PNE,HPN,1
PHS,DMK,29
PNH,REP,16
PNH,PEK,2
PNH,PKX,4
PNH,CSX,1
PNH,TFU,4
PNH,CAN,17
PNH,HAK,1
PNH,KMG,3
PNH,NNG,4
PNH,PVG,7
PNH,SZX,17
PNH,XMN,6
PNH,CGO,1
PNH,HKG,8
PNH,CGK,4
PNH,VTE,8
PNH,MFM,4
PNH,KUL,33
PNH,RGN,3
PNH,MNL,5
PNH,DOH,3
PNH,SIN,35
PNH,ICN,20
PNH,TPE,14
PNH,DMK,18
PNH,BKK,102
PNH,HAN,5
PNH,SGN,31
PHX,YYC,19
PHX,YUL,3
PHX,YYZ,8
PHX,YVR,8
PHX,FRA,3
PHX,CUN,17
PHX,CUL,1
PHX,GDL,15
PHX,HMO,8
PHX,LTO,4
PHX,MZT,8
PHX,MEX,8
PHX,MTY,8
PHX,PVR,22
PHX,SJD,33
PHX,ZIH,1
PHX,LHR,16
PHX,ABQ,56
PHX,ANC,4
PHX,AVL,2
PHX,FTY,1
PHX,ATL,65
PHX,AUS,66
PHX,BFL,15
PHX,BWI,25
PHX,BEH,0
PHX,XNA,8
PHX,BOI,25
PHX,BOS,41
PHX,BUF,1
PHX,BUR,85
PHX,CID,8
PHX,CHS,2
PHX,CLT,53
PHX,MDW,74
PHX,ORD,117
PHX,RFD,2
PHX,CVG,1
PHX,CLE,13
PHX,COS,21
PHX,CMH,25
PHX,OSU,0
PHX,CEZ,14
PHX,CEW,0
PHX,ADS,0
PHX,DFW,100
PHX,DAL,61
PHX,APA,1
PHX,DEN,195
PHX,BJC,8
PHX,DSM,8
PHX,DTL,0
PHX,DTW,44
PHX,DGL,0
PHX,DRO,23
PHX,ELP,53
PHX,EUG,8
PHX,PAE,12
PHX,FAR,1
PHX,FMN,0
PHX,FLG,23
PHX,FHU,0
PHX,FLL,1
PHX,AFW,0
PHX,FAT,31
PHX,GUP,8
PHX,GJT,16
PHX,HHR,3
PHX,HNL,24
PHX,IAH,64
PHX,HOU,29
PHX,IPL,8
PHX,IND,35
PHX,JAX,0
PHX,OGG,16
PHX,MCI,53
PHX,IGM,0
PHX,TYS,2
PHX,KOA,8
PHX,HII,0
PHX,LAL,0
PHX,LRU,0
PHX,LAS,163
PHX,HSH,1
PHX,LIH,8
PHX,LVM,1
PHX,LGB,24
PHX,LAX,153
PHX,SDF,6
PHX,LBB,8
PHX,MAE,0
PHX,MSN,8
PHX,MFR,15
PHX,MEM,11
PHX,MIA,32
PHX,MAF,8
PHX,MKE,25
PHX,MSP,66
PHX,MRY,23
PHX,BNA,41
PHX,MSY,16
PHX,JFK,48
PHX,EWR,48
PHX,OLS,0
PHX,OAK,46
PHX,OKC,33
PHX,OMA,26
PHX,ONT,62
PHX,MCO,42
PHX,PGA,19
PHX,PSP,23
PHX,PHL,56
PHX,PHX,1
PHX,PIT,2
PHX,HIO,0
PHX,PDX,72
PHX,PVU,6
PHX,RDU,10
PHX,RDM,15
PHX,RNO,40
PHX,RIC,2
PHX,SMF,67
PHX,SLC,99
PHX,SAT,53
PHX,SDM,0
PHX,SAN,115
PHX,CLD,0
PHX,SFO,94
PHX,SJC,61
PHX,SBP,22
PHX,HYI,0
PHX,SNA,92
PHX,SBA,15
PHX,SAF,8
PHX,STS,8
PHX,SCF,0
PHX,SEA,139
PHX,SOW,20
PHX,SVC,7
PHX,FSD,8
PHX,GEG,16
PHX,SGU,8
PHX,STL,41
PHX,SCK,2
PHX,SGR,1
PHX,TPA,34
PHX,TEX,6
PHX,TUS,53
PHX,TUL,16
PHX,VNY,0
PHX,IAD,8
PHX,DCA,24
PHX,HPN,0
PHX,ICT,2
PHX,BDL,3
PHX,YUM,23
PHQ,TSV,3
PRH,NO,0
PQC,KUL,0
PQC,ICN,16
PQC,BKK,4
PQC,VCA,8
PQC,DAD,11
PQC,HPH,13
PQC,HAN,123
PQC,SGN,195
PQC,CXR,4
PQC,THD,4
PQC,VII,8
PIX,TER,20
PIX,LIS,6
PIX,PDL,28
PCN,WLG,16
PDS,CEN,0
PDS,MTY,19
PIR,QQK,0
PIR,DEN,13
PIR,HLN,0
PIR,HON,1
PIR,FSD,1
PIR,YKN,0
PZY,STR,0
PZY,TLV,1
PZB,JNB,29
PVL,LEX,0
PIP,AKN,4
PIP,PTH,1
PBQ,NO,0
PWY,OMA,1
PWY,SLC,1
PSA,TIA,24
PSA,BRU,2
PSA,CRL,9
PSA,ZAD,2
PSA,PFO,1
PSA,PRG,5
PSA,BLL,4
PSA,CPH,2
PSA,HEL,2
PSA,BOD,2
PSA,NTE,2
PSA,BVA,4
PSA,LBG,0
PSA,ORY,9
PSA,BER,9
PSA,BRE,1
PSA,CGN,4
PSA,FRA,13
PSA,FKB,1
PSA,LEJ,1
PSA,FMM,2
PSA,MUC,0
PSA,CHQ,3
PSA,CFU,4
PSA,EFL,3
PSA,RHO,2
PSA,JSI,2
PSA,BUD,4
PSA,ORK,2
PSA,DUB,11
PSA,AHO,6
PSA,BRI,11
PSA,BDS,11
PSA,CAG,13
PSA,CTA,17
PSA,EBA,6
PSA,FLR,1
PSA,SUF,7
PSA,LIN,1
PSA,MXP,0
PSA,OLB,4
PSA,PMO,20
PSA,CIA,2
PSA,TPS,6
PSA,RIX,2
PSA,MLA,3
PSA,CMN,1
PSA,RAK,2
PSA,AMS,15
PSA,EIN,10
PSA,OSL,4
PSA,GDN,2
PSA,KRK,2
PSA,WMI,2
PSA,WRO,3
PSA,LIS,4
PSA,OTP,7
PSA,ICN,1
PSA,FUE,1
PSA,GRO,8
PSA,IBZ,6
PSA,MAD,3
PSA,AGP,2
PSA,PMI,4
PSA,SVQ,2
PSA,VLC,8
PSA,GOT,2
PSA,ARN,4
PSA,BRN,1
PSA,DXB,4
PSA,BHX,4
PSA,BRS,6
PSA,EDI,4
PSA,PIK,2
PSA,LBA,1
PSA,LGW,20
PSA,LHR,16
PSA,LTN,7
PSA,STN,22
PSA,MAN,14
PSA,EMA,2
PIO,NO,0
PTX,BOG,7
PTS,COU,0
PTS,LOZ,0
PIT,YUL,8
PIT,YYZ,16
PIT,OCJ,0
PIT,CUN,1
PIT,LHR,7
PIT,CAK,0
PIT,ABE,0
PIT,ARB,1
PIT,ATO,0
PIT,ATL,60
PIT,BLM,0
PIT,AUS,2
PIT,BWI,22
PIT,BED,1
PIT,TRI,0
PIT,BCT,0
PIT,BOS,42
PIT,BFD,14
PIT,BUF,1
PIT,CHS,6
PIT,CLT,37
PIT,PWK,0
PIT,MDW,36
PIT,ORD,64
PIT,LUK,0
PIT,BKL,1
PIT,CTH,0
PIT,CMH,1
PIT,DFW,34
PIT,DAL,8
PIT,DEN,35
PIT,VPS,3
PIT,DTW,31
PIT,DUJ,22
PIT,FLL,18
PIT,AFW,1
PIT,FET,0
PIT,BGM,0
PIT,IAH,22
PIT,HOU,1
PIT,IND,1
PIT,ISP,3
PIT,JAX,6
PIT,EYW,3
PIT,ISM,1
PIT,TYS,1
PIT,LNS,14
PIT,LAS,17
PIT,LBE,0
PIT,LAX,8
PIT,SDF,2
PIT,MLB,3
PIT,MEM,2
PIT,MIA,9
PIT,MKE,0
PIT,MSP,37
PIT,MGW,14
PIT,MMU,1
PIT,MYR,14
PIT,ACK,1
PIT,BNA,19
PIT,QQN,0
PIT,MSY,2
PIT,JFK,40
PIT,LGA,72
PIT,EWR,63
PIT,ORF,3
PIT,MCO,50
PIT,SFB,5
PIT,PGA,0
PIT,PHL,34
PIT,PHX,2
PIT,PWM,2
PIT,PVD,5
PIT,PGD,4
PIT,RDU,18
PIT,RIC,0
PIT,RAL,0
PIT,SFO,8
PIT,SNA,2
PIT,SRQ,7
PIT,SAV,3
PIT,SEA,8
PIT,SOP,0
PIT,RSW,11
PIT,SUS,0
PIT,STL,8
PIT,PIE,5
PIT,SCE,3
PIT,TPA,19
PIT,TEB,2
PIT,TTN,0
PIT,IAD,32
PIT,DCA,54
PIT,PBI,2
PIT,ILM,0
PIT,BDL,2
PSF,ALB,0
PSF,BED,0
PSF,PWK,1
PSF,HVN,1
PSF,TEB,0
PIU,LIM,80
PLJ,BZE,139
PLJ,DGA,90
PLJ,INB,9
PLJ,PND,22
PVW,OCH,0
PVW,QQZ,0
PTU,BET,0
PTU,KWN,4
PBG,BUF,3
PBG,BTV,0
PBG,PWK,1
PBG,FLL,2
PBG,MIV,0
PBG,MMU,0
PBG,SFB,2
PBG,PHL,16
PBG,PIT,1
PBG,PBG,0
PBG,PIE,2
PBG,SYR,2
PBG,TEB,0
PXU,HAN,32
PXU,SGN,35
PWD,NO,0
PBZ,CPT,4
PBZ,JNB,8
PDV,SOF,1
PDV,FMM,2
PDV,AYT,0
PDV,SAW,2
PDV,LTN,3
PDV,STN,4
PYM,BVY,0
PYM,BNH,15
PYM,LWM,0
PYM,ACK,0
PYM,SAV,0
PYM,BDL,0
PIH,BOI,0
PIH,GCC,1
PIH,IDA,0
PIH,OGD,0
PIH,SLC,10
PNI,MAJ,3
PNI,TKK,5
PNI,KSA,2
PHO,LUR,2
PHO,KVL,11
PHO,OTZ,10
PIZ,BRW,3
PNR,LAD,5
PNR,BZV,48
PNR,ABJ,0
PNR,FIH,1
PNR,ADD,8
PNR,LBV,3
PNR,IST,2
PTP,YUL,4
PTP,DOM,3
PTP,SDQ,10
PTP,CDG,4
PTP,ORY,24
PTP,SFG,40
PTP,SBH,28
PTP,PAP,1
PTP,FDF,94
PTP,SXM,6
PTP,SJU,0
PTP,MIA,4
PIS,MPL,2
PIS,CDG,1
PIS,LBG,0
PIS,STR,1
PIS,BCN,2
PIS,ZRH,1
PIS,EDI,2
PIS,STN,5
PKR,BHR,8
PKR,KTM,167
PKR,KEP,8
PKR,BWA,8
PTG,JNB,22
PLV,NO,0
PPM,BIM,1
PPM,CXO,1
PPM,CRG,1
PPM,MIA,0
PPM,MYR,0
PPM,QQZ,0
PPM,OBE,0
PPM,PHK,0
PPM,PPM,0
PPM,QTT,0
PPM,SUA,0
PPM,TEB,0
PPM,PBI,0
PNC,COS,0
PSE,JFK,8
PSE,MCO,20
PCB,NO,0
PDL,BRU,1
PDL,BDA,1
PDL,YUL,1
PDL,YYZ,7
PDL,RAI,4
PDL,BLL,2
PDL,CDG,4
PDL,ORY,1
PDL,FRA,2
PDL,MUC,0
PDL,NUE,1
PDL,AMS,2
PDL,CVU,2
PDL,FLW,14
PDL,FNC,14
PDL,GRW,8
PDL,HOR,31
PDL,TER,56
PDL,LIS,80
PDL,PIX,28
PDL,OPO,24
PDL,SMA,36
PDL,SJZ,17
PDL,BCN,3
PDL,LPA,1
PDL,ZRH,1
PDL,STN,1
PDL,BOS,8
PDL,JFK,6
PDL,EWR,5
PGZ,VCP,5
PMG,VCP,7
PTK,YOO,0
PTK,YSC,1
PTK,YYZ,0
PTK,CAK,0
PTK,ABE,0
PTK,FTY,1
PTK,BED,1
PTK,TRI,0
PTK,BCT,1
PTK,BOI,0
PTK,BTP,0
PTK,JZI,0
PTK,DPA,6
PTK,PWK,1
PTK,GYY,0
PTK,ORD,0
PTK,RFD,0
PTK,BKL,0
PTK,CTH,0
PTK,QQD,1
PTK,JPX,0
PTK,ELP,1
PTK,EKX,1
PTK,EKI,0
PTK,FRG,1
PTK,FLG,0
PTK,FLL,0
PTK,GSO,0
PTK,BHB,1
PTK,TYQ,0
PTK,AZO,0
PTK,LFT,0
PTK,LNS,0
PTK,LAN,0
PTK,MSN,0
PTK,IMS,0
PTK,MQT,0
PTK,OPF,1
PTK,MKE,0
PTK,MLI,0
PTK,ACK,0
PTK,BNA,0
PTK,QQN,0
PTK,QQZ,0
PTK,JFK,0
PTK,OFK,1
PTK,OAK,1
PTK,OWA,1
PTK,PHL,0
PTK,AGC,0
PTK,PTK,0
PTK,PVD,0
PTK,ROC,1
PTK,MBS,0
PTK,SUS,0
PTK,STL,0
PTK,TEB,1
PTK,TVF,0
PTK,TVC,0
PTK,IAD,1
PTK,PBI,0
PTK,HPN,1
PTK,ICT,0
PTK,ISW,0
PNK,BDJ,0
PNK,BTH,15
PNK,CGK,150
PNK,KTG,32
PNK,PSU,4
PNK,SQG,4
PNK,SUB,24
PNK,SOC,8
PNK,YIA,8
POX,MPL,1
PPN,BOG,18
POF,CGI,0
PNP,POM,17
PBD,NO,0
POR,HEL,16
POR,BMA,1
PMV,HAV,2
PMV,SCU,1
PMV,SVO,1
PMV,BLA,16
PMV,BNS,1
PMV,BRM,6
PMV,CAJ,1
PMV,CCS,67
PMV,VIG,4
PMV,MYC,3
PMV,LFR,2
PMV,MAR,5
PMV,MUN,19
PMV,AGV,2
PMV,PZO,5
PMV,STD,3
PMV,VLN,9
PUG,ADL,1
PUG,CPD,0
PLZ,CPT,31
PLZ,DUR,22
PLZ,JNB,87
POG,PNR,1
POG,GAX,2
POG,LBV,33
PHC,DLA,2
PHC,BGF,1
PHC,SSG,1
PHC,ABV,51
PHC,BNI,1
PHC,KAN,2
PHC,LOS,74
PHE,BME,3
PHE,KTA,4
PHE,ZNE,1
PHE,PER,52
PTH,AKN,4
PHN,NO,0
PLO,ADL,77
PQQ,BNE,6
PQQ,MEL,3
PQQ,MCY,2
PQQ,SYD,51
POM,BNE,11
POM,CNS,8
POM,SYD,2
POM,HKG,3
POM,ROR,1
POM,BUA,4
POM,DAU,7
POM,GKA,25
POM,GUR,14
POM,HKN,17
POM,KVG,1
POM,UNG,0
POM,LAE,57
POM,LNV,1
POM,MAS,1
POM,MAG,14
POM,HGU,46
POM,PNP,17
POM,RAB,26
POM,TBG,2
POM,TIZ,7
POM,VAI,2
POM,WBM,5
POM,WWK,13
POM,MNL,7
POM,SIN,6
POM,HIR,3
POS,ANU,1
POS,BGI,27
POS,YYZ,8
POS,HAV,2
POS,CUR,2
POS,DOM,3
POS,GND,11
POS,GEO,20
POS,OGL,3
POS,KIN,3
POS,AMS,4
POS,SXM,1
POS,PTY,8
POS,SJU,0
POS,SLU,4
POS,UVF,1
POS,SVD,3
POS,PBM,2
POS,POS,0
POS,TAB,114
POS,LGW,4
POS,FLL,2
POS,IAH,8
POS,MIA,26
POS,JFK,14
POS,MCO,3
POS,CCS,7
PPI,NO,0
PSD,NO,0
PZU,CAI,2
PZU,JED,34
PZU,KRT,26
PAP,NAS,0
PAP,YUL,1
PAP,HAV,1
PAP,SCU,1
PAP,PUJ,1
PAP,JBQ,27
PAP,SDQ,5
PAP,PTP,1
PAP,CAP,24
PAP,JEE,8
PAP,CYA,32
PAP,KIN,1
PAP,SXM,1
PAP,PTY,2
PAP,PLS,2
PAP,FLL,14
PAP,FPR,1
PAP,MIA,9
PAP,JFK,3
PTV,SGU,0
PRM,CAT,14
PTJ,NO,0
PDX,YYC,16
PDX,YVR,25
PDX,FRA,2
PDX,KEF,5
PDX,GDL,8
PDX,PVR,1
PDX,SJD,1
PDX,AMS,8
PDX,LHR,8
PDX,ABQ,4
PDX,ANC,21
PDX,ATW,1
PDX,AST,0
PDX,ATL,37
PDX,AUS,8
PDX,BWI,0
PDX,BOI,28
PDX,BOS,15
PDX,BZN,1
PDX,IFP,1
PDX,BUR,28
PDX,CLT,8
PDX,MDW,16
PDX,ORD,65
PDX,RFD,1
PDX,CVG,1
PDX,CEC,0
PDX,DFW,52
PDX,DAL,3
PDX,DEN,108
PDX,DSM,3
PDX,DTW,8
PDX,PAE,0
PDX,FAI,0
PDX,FAT,16
PDX,GRR,2
PDX,SUN,1
PDX,HES,0
PDX,HNL,15
PDX,IAH,24
PDX,IDA,2
PDX,IND,0
PDX,OGG,16
PDX,FCA,0
PDX,MCI,8
PDX,LMT,0
PDX,KOA,8
PDX,LGD,0
PDX,LAL,0
PDX,LAS,82
PDX,LAX,102
PDX,SDF,3
PDX,MMV,0
PDX,MFR,6
PDX,MEM,3
PDX,MIA,0
PDX,MSP,45
PDX,APC,1
PDX,JFK,29
PDX,EWR,23
PDX,ONP,0
PDX,OTH,0
PDX,OAK,66
PDX,ONT,10
PDX,MCO,8
PDX,PSC,0
PDX,PDT,24
PDX,PHL,4
PDX,PHX,71
PDX,PVU,2
PDX,RDM,0
PDX,RNO,17
PDX,RBG,0
PDX,SMF,52
PDX,SLC,53
PDX,SAN,37
PDX,SFO,82
PDX,SJC,89
PDX,SBP,5
PDX,SNA,31
PDX,SBA,8
PDX,STS,7
PDX,BFI,1
PDX,SEA,179
PDX,GEG,32
PDX,STL,1
PDX,IAD,10
PDX,DCA,8
PWM,YUL,0
PWM,ATL,16
PWM,AVO,1
PWM,BWI,31
PWM,BGR,1
PWM,BED,2
PWM,BTV,0
PWM,CHS,2
PWM,CLT,17
PWM,CHO,1
PWM,MDW,8
PWM,ORD,30
PWM,DFW,1
PWM,DEN,8
PWM,DTW,16
PWM,DLH,0
PWM,GRD,0
PWM,ISP,0
PWM,LCI,0
PWM,MHT,0
PWM,MEM,2
PWM,MSP,11
PWM,ACK,0
PWM,MSY,0
PWM,JFK,24
PWM,LGA,48
PWM,EWR,39
PWM,ORF,2
PWM,PHL,24
PWM,PIT,2
PWM,PSM,0
PWM,PQI,3
PWM,RDU,3
PWM,SFM,0
PWM,SCH,1
PWM,SYR,0
PWM,TPA,2
PWM,TEB,2
PWM,IAD,24
PWM,DCA,23
PWM,WVL,0
PWM,HPN,1
POA,AEP,8
POA,ALQ,3
POA,BGX,2
POA,CNF,9
POA,BSB,42
POA,VCP,57
POA,CEL,3
POA,CWB,34
POA,FLN,11
POA,IGU,7
POA,JOI,8
POA,PET,10
POA,REC,6
POA,SDU,64
POA,CSU,2
POA,RIA,9
POA,SRA,3
POA,GEL,9
POA,CGH,175
POA,GRU,127
POA,URG,10
POA,SCL,5
POA,PTY,7
POA,LIM,4
POA,LIS,4
POA,GTP,7
POA,MVD,8
POA,PDP,3
PTQ,BEL,3
PXO,CAT,1
PXO,FNC,17
PXO,LIS,10
PXO,OPO,2
PXO,LGW,1
PXO,MAN,1
PVH,BSB,17
PVH,CGB,12
PVH,JPR,1
PVH,MAO,19
PVH,RBR,7
PVH,GTP,7
POW,KLU,0
POW,AJA,0
POW,LJU,0
PSM,BDA,2
PSM,YUL,0
PSM,CDG,0
PSM,SNN,1
PSM,BLM,0
PSM,MTN,1
PSM,BGR,0
PSM,BED,0
PSM,BOS,0
PSM,DSM,0
PSM,JPX,0
PSM,BHB,0
PSM,ITH,0
PSM,LWB,0
PSM,BNA,2
PSM,HVN,1
PSM,ORF,0
PSM,OWD,0
PSM,SFB,2
PSM,PLN,0
PSM,PSM,0
PSM,PQI,1
PSM,PGD,2
PSM,RDU,0
PSM,PIE,2
PSM,TEB,0
PSM,IAD,1
PSM,FOK,0
PSM,HPN,0
PSM,ISS,0
PMH,NO,0
PSS,AEP,31
PSS,EZE,3
PSS,COR,3
POI,NO,0
PTW,PNE,0
PTW,RDU,1
PTW,RDG,12
POU,OXC,0
POU,HPN,0
PAZ,NO,0
POZ,TIA,1
POZ,CRL,2
POZ,BOJ,3
POZ,PUY,2
POZ,ZAD,6
POZ,LCA,0
POZ,PFO,2
POZ,PRG,0
POZ,BLL,4
POZ,CPH,5
POZ,HRG,2
POZ,LPP,1
POZ,BSL,1
POZ,BVA,2
POZ,KUT,2
POZ,CGN,0
POZ,FRA,22
POZ,MUC,16
POZ,WIE,1
POZ,CHQ,3
POZ,CFU,4
POZ,HER,2
POZ,KGS,1
POZ,RHO,2
POZ,ZTH,1
POZ,BUD,5
POZ,ORK,2
POZ,DUB,5
POZ,BRI,3
POZ,CAG,2
POZ,BGY,4
POZ,CIA,4
POZ,TSF,4
POZ,AMM,1
POZ,MLA,3
POZ,AMS,7
POZ,TRF,3
POZ,GDN,1
POZ,KRK,4
POZ,LUZ,0
POZ,POZ,1
POZ,RZE,2
POZ,WAW,23
POZ,WRO,0
POZ,FAO,1
POZ,KSC,0
POZ,ALC,2
POZ,GRO,2
POZ,PMI,2
POZ,TFS,1
POZ,ARN,3
POZ,DJE,1
POZ,NBE,1
POZ,MIR,1
POZ,AYT,1
POZ,BJV,1
POZ,BHX,2
POZ,BRS,3
POZ,EDI,2
POZ,LBA,2
POZ,LPL,4
POZ,LTN,8
POZ,STN,11
POZ,MAN,2
PRG,TIA,2
PRG,LNZ,0
PRG,VIE,25
PRG,GYD,2
PRG,BRU,21
PRG,CRL,7
PRG,BOJ,13
PRG,SOF,4
PRG,VAR,5
PRG,PEK,4
PRG,CTU,2
PRG,XIY,5
PRG,DBV,6
PRG,SPU,10
PRG,ZAD,5
PRG,LCA,13
PRG,BRQ,2
PRG,QEH,0
PRG,KLV,0
PRG,UHE,0
PRG,OSR,1
PRG,PRG,2
PRG,CPH,23
PRG,DBB,1
PRG,HRG,12
PRG,RMF,9
PRG,MUH,1
PRG,SSH,1
PRG,TCP,1
PRG,HEL,22
PRG,AVN,0
PRG,BSL,4
PRG,BOD,2
PRG,LME,1
PRG,LYS,2
PRG,MRS,3
PRG,NTE,4
PRG,NCE,4
PRG,BVA,6
PRG,CDG,40
PRG,LBG,2
PRG,ORY,13
PRG,LDE,1
PRG,KUT,4
PRG,BER,1
PRG,BWE,0
PRG,CGN,2
PRG,DUS,16
PRG,FRA,34
PRG,MUC,16
PRG,SCN,0
PRG,QCP,0
PRG,NRN,1
PRG,PVK,5
PRG,ATH,12
PRG,CHQ,3
PRG,CFU,13
PRG,HER,17
PRG,AOK,1
PRG,EFL,5
PRG,KGS,8
PRG,GPA,0
PRG,RHO,19
PRG,SMI,4
PRG,JTR,2
PRG,JSI,2
PRG,SKG,3
PRG,ZTH,8
PRG,BUD,9
PRG,KEF,6
PRG,DUB,11
PRG,IOM,1
PRG,TLV,27
PRG,AHO,0
PRG,BRI,3
PRG,BLQ,10
PRG,CAG,3
PRG,CTA,4
PRG,FLR,4
PRG,SUF,5
PRG,BGY,12
PRG,MXP,25
PRG,NAP,7
PRG,OLB,2
PRG,PSR,2
PRG,PSA,4
PRG,RMI,2
PRG,CIA,1
PRG,FCO,24
PRG,TRS,1
PRG,TRN,2
PRG,VCE,3
PRG,TSF,5
PRG,AMM,0
PRG,RIX,11
PRG,KUN,1
PRG,LUX,4
PRG,MLA,4
PRG,TIV,7
PRG,AMS,52
PRG,EIN,6
PRG,OSL,13
PRG,GDN,6
PRG,KRK,5
PRG,WAW,28
PRG,FNC,4
PRG,LIS,13
PRG,OPO,3
PRG,DOH,11
PRG,OTP,7
PRG,BEG,13
PRG,BTS,2
PRG,KSC,5
PRG,ICN,5
PRG,ALC,4
PRG,LEI,3
PRG,BCN,21
PRG,FUE,2
PRG,LPA,1
PRG,ACE,2
PRG,MAD,13
PRG,MAH,2
PRG,AGP,13
PRG,PMI,13
PRG,TFS,4
PRG,VLC,5
PRG,GOT,4
PRG,KID,0
PRG,ARN,13
PRG,GVA,8
PRG,ACH,0
PRG,SMV,1
PRG,ZRH,24
PRG,DJE,1
PRG,NBE,1
PRG,MIR,4
PRG,AYT,26
PRG,BJV,1
PRG,IST,26
PRG,SAW,9
PRG,DXB,13
PRG,RKT,1
PRG,BHX,4
PRG,BLK,1
PRG,BRS,3
PRG,EDI,6
PRG,FAB,4
PRG,GLA,1
PRG,LBA,2
PRG,BQH,2
PRG,LCY,6
PRG,LGW,8
PRG,LHR,35
PRG,LTN,18
PRG,SEN,1
PRG,STN,28
PRG,MAN,14
PRG,MME,1
PRG,LAX,0
PRG,JFK,8
PRI,SEZ,121
PTT,NO,0
PRV,NO,0
PRC,DEN,8
PRC,TYS,1
PRC,LAX,8
PRC,EED,0
PRC,VGT,0
PRC,PHX,1
PRC,SAT,0
PRC,MYF,1
PRC,SNA,0
PRC,SCF,0
PRC,VNY,1
PPB,VCP,21
PPB,BPS,1
PPB,CGH,15
PPB,GRU,7
PPB,GTP,7
PQI,BED,0
PQI,BHB,0
PQI,LYH,1
PQI,MHT,0
PQI,EWR,16
PQI,PWM,0
PQI,PQI,0
PQI,HPN,0
PIK,MRS,2
PIK,CDG,2
PIK,PSA,3
PIK,LUX,5
PIK,OSL,0
PIK,FAO,6
PIK,ALC,7
PIK,BCN,4
PIK,LPA,2
PIK,ACE,2
PIK,AGP,6
PIK,RMU,3
PIK,PMI,7
PIK,TFS,7
PIK,GLA,1
PIK,STN,1
PIK,EMA,1
PIK,LAX,1
PRY,NO,0
PVK,VIE,4
PVK,BRQ,1
PVK,PRG,5
PVK,CPH,2
PVK,HEL,3
PVK,DUS,4
PVK,FRA,4
PVK,HAM,4
PVK,MUC,4
PVK,STR,4
PVK,CFU,4
PVK,HER,0
PVK,IOA,1
PVK,EFL,5
PVK,JSH,3
PVK,BUD,2
PVK,TLV,4
PVK,BLQ,2
PVK,BGY,4
PVK,NAP,1
PVK,FCO,3
PVK,AMS,7
PVK,OSL,2
PVK,RDO,0
PVK,OTP,1
PVK,BTS,1
PVK,SFT,1
PVK,ARN,2
PVK,BHX,3
PVK,BRS,4
PVK,EDI,1
PVK,LGW,10
PVK,LHR,5
PVK,LTN,1
PVK,STN,5
PVK,MAN,10
PUC,SLC,0
PCP,LBV,1
PCP,TMS,15
PRN,VIE,21
PRN,BRU,3
PRN,HEL,2
PRN,MLH,2
PRN,BSL,30
PRN,BER,5
PRN,CGN,0
PRN,DTM,3
PRN,DUS,14
PRN,FRA,3
PRN,HAM,1
PRN,HAJ,1
PRN,FKB,3
PRN,FMM,8
PRN,MUC,7
PRN,FMO,3
PRN,NUE,2
PRN,PAD,0
PRN,STR,11
PRN,MXP,3
PRN,OSL,2
PRN,MMX,0
PRN,ARN,1
PRN,VXO,1
PRN,GVA,19
PRN,LUG,1
PRN,ZRH,46
PRN,AYT,11
PRN,IST,8
PRN,SAW,13
PRN,LTN,8
PXH,NO,0
PPP,BNE,23
PPP,CNS,7
PPP,MEL,5
PPP,NTL,3
PPP,MCY,4
PPP,SYD,6
PPP,WTB,1
PVD,BDA,0
PVD,SDQ,4
PVD,ATL,23
PVD,BLM,0
PVD,BWI,37
PVD,BED,0
PVD,WSH,0
PVD,CHS,7
PVD,CLT,32
PVD,MDW,14
PVD,ORD,29
PVD,CVG,4
PVD,CMH,2
PVD,DAB,1
PVD,DTW,16
PVD,FLL,8
PVD,FPR,0
PVD,FWA,1
PVD,LAX,2
PVD,SDF,1
PVD,MVY,0
PVD,MSP,7
PVD,ACK,1
PVD,BNA,3
PVD,LGA,15
PVD,EWR,23
PVD,ORF,6
PVD,MCO,32
PVD,PHL,23
PVD,PIT,4
PVD,PGD,3
PVD,RDU,2
PVD,RIC,4
PVD,ROC,0
PVD,RSW,1
PVD,TPA,8
PVD,TEB,0
PVD,TVF,1
PVD,IAD,16
PVD,DCA,59
PVD,PBI,8
PVD,BDL,0
PVA,ADZ,16
PLS,ANU,2
PLS,NAS,13
PLS,YUL,1
PLS,YYZ,10
PLS,HAV,2
PLS,STI,10
PLS,SDQ,8
PLS,CAP,11
PLS,PAP,2
PLS,KIN,8
PLS,OCJ,1
PLS,GDT,73
PLS,XSC,19
PLS,ATL,8
PLS,BWI,1
PLS,BOS,1
PLS,CLT,18
PLS,ORD,1
PLS,DFW,5
PLS,FXE,0
PLS,FLL,8
PLS,IAH,3
PLS,JAX,0
PLS,LAL,0
PLS,MIA,16
PLS,OPF,0
PLS,JFK,9
PLS,EWR,2
PLS,SFB,0
PLS,PHL,1
PLS,TPA,0
PLS,VNY,0
PLS,IAD,5
PLS,PBI,1
PLS,HPN,1
PLS,STT,0
PVC,BNH,1
PVC,BOS,34
PVC,NPT,1
PVU,AUS,3
PVU,BHM,0
PVU,BWD,0
PVU,MDW,0
PVU,CMH,1
PVU,DAL,0
PVU,HOU,3
PVU,HYA,0
PVU,LAS,2
PVU,LAX,2
PVU,MSC,1
PVU,BNA,2
PVU,OAK,0
PVU,OMA,0
PVU,SFB,2
PVU,PGA,0
PVU,AZA,13
PVU,PHX,6
PVU,PDX,2
PVU,SAN,3
PVU,SFO,8
PVU,SNA,19
PVU,SCF,0
PVU,PIE,2
PKV,KGD,3
PKV,KZN,2
PKV,MRV,3
PKV,VKO,11
PKV,AER,2
PCL,IQT,8
PCL,LIM,58
PNY,BLR,8
PNY,HYD,8
PBC,CUN,24
PBC,GDL,6
PBC,MTY,18
PBC,TIJ,16
PBC,IAH,3
PBC,MSP,0
PUB,BZN,1
PUB,BUR,0
PUB,DAL,1
PUB,DEN,27
PUB,BJC,0
PUB,FHU,0
PUB,HUT,0
PUB,LAA,0
PUB,QQT,1
PUB,ONT,0
PUB,BFF,0
PUU,BOG,23
PUU,CLO,7
PUU,IPI,3
PUU,LQM,3
PBR,GUA,7
PBL,NO,0
PCR,BOG,7
PCR,VVC,3
PXM,GDL,5
PXM,NLU,8
PXM,MEX,51
PXM,OAX,8
PXM,TIJ,2
PDA,BOG,8
PDA,VVC,4
PJM,SJO,0
PMY,AEP,11
PEM,CUZ,4
PEM,LIM,21
PMC,BBA,15
PMC,CCP,5
PMC,PNT,3
PMC,PUQ,19
PMC,SCL,78
PNT,PMC,3
PZO,MAO,3
PZO,CCS,42
PZO,MAR,2
PZO,PMV,4
PZO,VLN,1
POP,YUL,4
POP,YYZ,4
POP,SDQ,2
POP,BOS,1
POP,CLT,1
POP,FXE,0
POP,MIA,9
POP,JFK,8
POP,EWR,2
POP,TEB,0
PPS,CEB,32
PPS,MNL,101
PVR,YXX,2
PVR,YYC,6
PVR,YEG,3
PVR,YUL,2
PVR,YYZ,1
PVR,YVR,7
PVR,AGU,9
PVR,CUU,2
PVR,CJS,4
PVR,GDL,34
PVR,NLU,11
PVR,MEX,78
PVR,MTY,31
PVR,QRO,9
PVR,SLP,5
PVR,BJX,8
PVR,TIJ,38
PVR,TLC,16
PVR,MAN,2
PVR,ATL,8
PVR,AUS,4
PVR,ORD,2
PVR,DFW,31
PVR,APA,1
PVR,DEN,12
PVR,EGE,1
PVR,IAH,11
PVR,HOU,8
PVR,LAX,33
PVR,EWR,1
PVR,PHX,21
PVR,PDX,1
PVR,SLC,8
PVR,SAT,0
PVR,SDM,0
PVR,SAN,5
PVR,SFO,19
PVR,SJC,2
PVR,SNA,8
PVR,SEA,6
PVR,TEB,0
PUY,SZG,0
PUY,VIE,4
PUY,CRL,4
PUY,OSI,2
PUY,SPU,2
PUY,ZAD,9
PUY,ZAG,3
PUY,CPH,1
PUY,CGN,3
PUY,DUS,2
PUY,FRA,4
PUY,MUC,3
PUY,STR,1
PUY,NRN,3
PUY,ATH,0
PUY,RTM,3
PUY,OSL,2
PUY,KTW,2
PUY,POZ,2
PUY,BEG,4
PUY,ARN,1
PUY,ZRH,1
PUY,BHX,2
PUY,BRS,2
PUY,LGW,5
PUY,LHR,1
PUY,LTN,2
PUY,STN,3
PUY,MAN,2
PUW,BOI,5
PUW,PAE,0
PUW,SEA,16
PUW,BEC,0
PNQ,AMD,33
PNQ,IXD,4
PNQ,ATQ,7
PNQ,BLR,109
PNQ,BHU,7
PNQ,BBI,10
PNQ,IXC,8
PNQ,MAA,34
PNQ,COK,7
PNQ,CJB,8
PNQ,DED,7
PNQ,DEL,192
PNQ,GOX,8
PNQ,GOI,7
PNQ,GAU,8
PNQ,HBX,2
PNQ,HYD,39
PNQ,IDR,8
PNQ,JAI,22
PNQ,JDH,0
PNQ,CCU,24
PNQ,LKO,16
PNQ,IXE,4
PNQ,BOM,7
PNQ,NAG,37
PNQ,PAT,8
PNQ,RPR,3
PNQ,IXR,8
PNQ,TRV,7
PNQ,VNS,8
PNQ,VTZ,3
PNQ,SIN,4
PNQ,DXB,8
PUQ,RGL,1
PUQ,BBA,1
PUQ,WPR,12
PUQ,PMC,19
PUQ,WPU,7
PUQ,SCL,33
PUJ,EZE,5
PUJ,BRU,2
PUJ,GRU,3
PUJ,YUL,24
PUJ,YQB,2
PUJ,YYZ,40
PUJ,SCL,1
PUJ,BOG,24
PUJ,MDE,13
PUJ,HAV,1
PUJ,ORY,3
PUJ,FRA,8
PUJ,GND,0
PUJ,MBJ,2
PUJ,BON,3
PUJ,PTY,52
PUJ,LIM,19
PUJ,LIS,3
PUJ,SJU,32
PUJ,MAD,10
PUJ,ZRH,3
PUJ,BHX,2
PUJ,LGW,7
PUJ,MAN,4
PUJ,ATL,28
PUJ,AUS,1
PUJ,BWI,9
PUJ,BOS,9
PUJ,CLT,22
PUJ,MDW,6
PUJ,ORD,25
PUJ,CLE,4
PUJ,DFW,10
PUJ,FLL,32
PUJ,IAH,9
PUJ,HOU,1
PUJ,MIA,33
PUJ,JFK,40
PUJ,EWR,24
PUJ,MCO,16
PUJ,PHL,15
PUJ,STL,6
PUJ,PIE,0
PUJ,TPA,3
PUJ,IAD,9
PUJ,CCS,5
PUJ,VLN,6
PDP,AEP,5
PDP,POA,3
PDP,GRU,3
PND,BZE,24
PND,PLJ,18
PGD,CAK,4
PGD,ALB,3
PGD,ABE,5
PGD,ATW,2
PGD,AVL,6
PGD,BLV,6
PGD,BHM,1
PGD,BCT,0
PGD,CID,3
PGD,MDW,3
PGD,RFD,3
PGD,CVG,8
PGD,BKL,0
PGD,LCK,6
PGD,USA,2
PGD,DAY,2
PGD,DSM,3
PGD,FNT,4
PGD,FPR,0
PGD,FWA,4
PGD,GRR,4
PGD,MDT,3
PGD,HTS,3
PGD,IND,6
PGD,MCI,2
PGD,EYW,0
PGD,TYS,5
PGD,LEX,3
PGD,SDF,2
PGD,MEI,0
PGD,OPF,0
PGD,MLI,2
PGD,BNA,5
PGD,IAG,2
PGD,ORL,0
PGD,PIA,3
PGD,PIT,4
PGD,PSM,2
PGD,PVD,4
PGD,SRQ,0
PGD,SBN,3
PGD,SPI,2
PGD,SGF,2
PGD,SPG,0
PGD,TOL,2
PTL,NO,0
PWL,NO,0
PBU,MYT,5
PSU,PNK,4
PSH,NO,0
PLX,ALA,8
PLX,NQZ,7
PLX,CIT,2
PVG,MEL,16
PVG,SYD,13
PVG,VIE,4
PVG,GYD,12
PVG,LGG,12
PVG,PNH,8
PVG,REP,0
PVG,YYZ,8
PVG,YVR,14
PVG,AKA,4
PVG,AVA,3
PVG,NBS,5
PVG,BAV,15
PVG,BZX,5
PVG,BHY,16
PVG,PEK,75
PVG,PKX,85
PVG,BFJ,3
PVG,YSQ,2
PVG,CGQ,146
PVG,CSX,59
PVG,CIH,8
PVG,CHG,8
PVG,CTU,123
PVG,TFU,63
PVG,HCZ,4
PVG,CIF,8
PVG,CKG,126
PVG,DLU,8
PVG,DLC,162
PVG,DDG,4
PVG,DQA,12
PVG,DAT,15
PVG,DYG,27
PVG,DZH,8
PVG,DOY,4
PVG,ENH,4
PVG,EHU,8
PVG,FUO,8
PVG,FUG,4
PVG,FOC,40
PVG,KOW,8
PVG,GYS,8
PVG,CAN,110
PVG,KWL,57
PVG,KWE,61
PVG,HAK,66
PVG,HLD,0
PVG,HDG,8
PVG,HZG,5
PVG,HRB,152
PVG,HFE,5
PVG,HNY,8
PVG,HZA,5
PVG,HET,32
PVG,HJJ,1
PVG,HUZ,24
PVG,JGS,8
PVG,JMU,8
PVG,SWA,64
PVG,TNA,31
PVG,JHG,29
PVG,SHS,8
PVG,JNZ,10
PVG,JIU,2
PVG,KMG,92
PVG,LHW,71
PVG,LJG,35
PVG,LFQ,8
PVG,LYI,12
PVG,LZH,16
PVG,LNL,4
PVG,LCX,4
PVG,LYA,8
PVG,LZO,8
PVG,LLV,4
PVG,LUM,4
PVG,MXZ,4
PVG,MIG,27
PVG,KHN,18
PVG,NAO,8
PVG,NNG,64
PVG,NNY,9
PVG,NGB,2
PVG,DSN,13
PVG,JIQ,6
PVG,TAO,66
PVG,IQN,3
PVG,BPE,16
PVG,BAR,8
PVG,JJN,16
PVG,RIZ,8
PVG,SQJ,8
PVG,SYX,80
PVG,HSC,4
PVG,SHE,169
PVG,SZX,154
PVG,SJW,40
PVG,WDS,9
PVG,TYN,36
PVG,TVS,8
PVG,TSN,76
PVG,TNH,3
PVG,TGO,3
PVG,URC,35
PVG,WXN,8
PVG,WEF,6
PVG,WEH,15
PVG,WNZ,32
PVG,WUH,65
PVG,CQW,3
PVG,XIY,90
PVG,XMN,26
PVG,XIC,8
PVG,ACX,8
PVG,XNN,43
PVG,WUT,8
PVG,YNJ,8
PVG,YNT,38
PVG,YBP,16
PVG,YIH,24
PVG,INC,45
PVG,YKH,8
PVG,YYA,8
PVG,YLX,4
PVG,UYN,8
PVG,YCU,16
PVG,ZQZ,8
PVG,ZHA,36
PVG,ZAT,4
PVG,CGO,74
PVG,HSN,8
PVG,ZUH,37
PVG,ZYI,14
PVG,CPH,4
PVG,ADD,6
PVG,HEL,7
PVG,CDG,21
PVG,FRA,68
PVG,LEJ,1
PVG,MUC,6
PVG,HKG,140
PVG,BUD,7
PVG,MAA,3
PVG,BOM,4
PVG,DPS,4
PVG,CGK,11
PVG,IKA,3
PVG,TLV,3
PVG,MXP,16
PVG,FCO,12
PVG,FUK,5
PVG,NGO,5
PVG,KIX,105
PVG,HND,29
PVG,NRT,136
PVG,ALA,8
PVG,FRU,1
PVG,LUX,14
PVG,MFM,55
PVG,KUL,26
PVG,MLE,4
PVG,RGN,3
PVG,AMS,46
PVG,AKL,16
PVG,MNL,31
PVG,DOH,11
PVG,SVO,17
PVG,LED,4
PVG,SIN,88
PVG,PUS,4
PVG,CJU,46
PVG,ICN,96
PVG,MAD,6
PVG,CMB,7
PVG,ZRH,3
PVG,KHH,15
PVG,TSA,15
PVG,TPE,94
PVG,DMK,21
PVG,BKK,59
PVG,CNX,12
PVG,HKT,25
PVG,IST,6
PVG,TZX,0
PVG,AUH,10
PVG,DXB,16
PVG,DWC,3
PVG,LGW,7
PVG,LHR,33
PVG,STN,2
PVG,ANC,118
PVG,ORD,27
PVG,DFW,4
PVG,DTW,2
PVG,LAX,85
PVG,MEM,2
PVG,JFK,13
PVG,SFO,13
PVG,SEA,7
PVG,HAN,10
PVG,SGN,29
PVG,CXR,3
PNX,LGI,1
PNX,ALS,0
PNX,TYQ,0
PIE,MHH,1
PIE,NMC,0
PIE,YYZ,1
PIE,PUJ,0
PIE,SJU,0
PIE,PLS,1
PIE,CAK,2
PIE,ALB,2
PIE,ABE,7
PIE,ATW,4
PIE,AVL,11
PIE,ASE,0
PIE,PDK,1
PIE,ATL,0
PIE,ACY,2
PIE,AUS,0
PIE,BGR,4
PIE,BLV,4
PIE,XNA,2
PIE,BMI,2
PIE,TRI,2
PIE,BCT,0
PIE,CID,4
PIE,CHO,0
PIE,CHA,3
PIE,ORD,0
PIE,RFD,3
PIE,CVG,11
PIE,CKB,2
PIE,CAE,1
PIE,LCK,3
PIE,USA,5
PIE,DAY,2
PIE,DAB,0
PIE,DSM,4
PIE,ELM,3
PIE,FNT,4
PIE,FMY,0
PIE,FWA,4
PIE,GNV,1
PIE,GRR,5
PIE,GSO,2
PIE,GLH,1
PIE,GSP,2
PIE,GUF,1
PIE,GPT,1
PIE,HGR,3
PIE,MDT,4
PIE,HTS,6
PIE,IND,6
PIE,MCI,3
PIE,EYW,2
PIE,ISM,0
PIE,TYS,10
PIE,LBE,0
PIE,LEX,7
PIE,LIT,3
PIE,SDF,2
PIE,MNZ,0
PIE,MEM,3
PIE,OPF,0
PIE,MLI,2
PIE,MMU,0
PIE,MYR,0
PIE,APF,0
PIE,BNA,5
PIE,SWF,3
PIE,IAG,2
PIE,ORF,3
PIE,OMA,3
PIE,ORL,0
PIE,SFB,0
PIE,PIA,5
PIE,PIT,4
PIE,PBG,2
PIE,PSM,2
PIE,PVU,3
PIE,RIC,2
PIE,ROA,2
PIE,SAT,1
PIE,FSD,2
PIE,MQY,1
PIE,SBN,3
PIE,RSW,1
PIE,SGF,7
PIE,STL,0
PIE,SPG,0
PIE,PIE,0
PIE,SUA,0
PIE,SYR,3
PIE,TLH,0
PIE,TPA,0
PIE,TEB,1
PIE,TOL,2
PIE,TVC,3
PIE,TUL,3
PIE,VRB,0
PIE,PBI,1
PIE,ICT,2
PIE,GIF,0
PIE,ZPH,0
PSY,NO,0
PYJ,KJA,1
PYJ,OVB,3
PYJ,UKX,1
PYJ,YKS,1
PBI,ASD,0
PBI,FPO,0
PBI,GGT,0
PBI,MHH,7
PBI,NAS,1
PBI,NMC,0
PBI,YYZ,8
PBI,LBG,1
PBI,SAP,0
PBI,OCJ,0
PBI,PLS,1
PBI,LTN,1
PBI,AVL,3
PBI,PDK,0
PBI,FTY,1
PBI,ATL,95
PBI,ACY,8
PBI,BLM,1
PBI,AUS,0
PBI,BWI,32
PBI,BOW,0
PBI,BCT,2
PBI,BOS,31
PBI,JZI,0
PBI,CHS,2
PBI,CLT,29
PBI,MDW,2
PBI,CVG,3
PBI,CGF,1
PBI,CAE,1
PBI,CMH,0
PBI,DFW,24
PBI,DAL,0
PBI,DAB,0
PBI,DTW,8
PBI,ERI,0
PBI,FRG,1
PBI,FXE,0
PBI,FLL,1
PBI,FMY,1
PBI,FPR,0
PBI,GSO,1
PBI,PIB,0
PBI,HWO,0
PBI,ISP,13
PBI,JAC,1
PBI,JAX,0
PBI,EYW,0
PBI,ISM,0
PBI,LEX,0
PBI,LAX,0
PBI,SDF,1
PBI,LBT,0
PBI,MNZ,0
PBI,MEM,1
PBI,TMB,0
PBI,MIA,1
PBI,OPF,1
PBI,MMU,0
PBI,APF,2
PBI,BNA,0
PBI,HVN,6
PBI,JFK,49
PBI,LGA,55
PBI,EWR,55
PBI,ORF,0
PBI,ORL,1
PBI,MCO,0
PBI,SFB,0
PBI,PHL,28
PBI,PIT,2
PBI,PWM,1
PBI,PVD,8
PBI,RDU,2
PBI,SLN,1
PBI,SFO,0
PBI,SCH,0
PBI,MQY,0
PBI,SOP,1
PBI,UST,3
PBI,PIE,0
PBI,BDR,0
PBI,SUA,1
PBI,SYR,0
PBI,TLH,0
PBI,TPA,1
PBI,TEB,1
PBI,VNY,0
PBI,VNC,0
PBI,VRB,0
PBI,IAD,1
PBI,DCA,32
PBI,PBI,0
PBI,FOK,1
PBI,HPN,28
PBI,ILG,2
PBI,BDL,10
PZH,NO,0
