Departure,Arrival,Number of flights
QEA,QEC,0
QXB,LYN,1
QXB,MRS,0
QXB,ALC,1
QYH,NO,0
QEQ,MMX,0
QCA,NO,0
QQK,CLU,0
QQK,DEC,1
QQK,IND,0
QQK,IOW,0
QQK,JVL,0
QQK,TNU,0
QQK,OMA,1
QQK,SFB,0
QQK,SLN,0
QQK,TEB,1
QQK,TUL,0
QYA,LME,1
QYA,LBG,0
QYA,FLR,1
QCG,KRS,0
QCG,TRF,0
QCG,SVG,0
QQG,ABI,0
QQG,AEX,0
QQG,QQG,0
QQG,AUS,1
QQG,BHM,0
QQG,LUK,0
QQG,ADS,0
QQG,DTW,1
QQG,GLE,0
QQG,GTR,0
QQG,DWH,1
QQG,LCH,0
QQG,LIT,1
QQG,MEI,0
QQG,MLU,0
QQG,PWA,0
QQG,SAT,0
QQG,SLG,0
QQG,SUS,0
QQG,STC,0
QQG,SGR,1
QQW,PWT,0
QQW,PAE,0
QQW,BFI,1
QQR,QQR,0
QQR,BBC,0
QQR,BHM,1
QQR,SSI,1
QQR,CHS,0
QQR,DPA,0
QQR,RBD,0
QQR,DAL,0
QQR,APA,1
QQR,DSM,0
QQR,FMY,0
QQR,GNV,1
QQR,HHH,0
QQR,JAN,0
QQR,JAX,1
QQR,AZO,0
QQR,LWC,0
QQR,MYR,0
QQR,BNA,0
QQR,QTP,1
QQR,RDU,0
QQR,GKT,0
QQR,MQY,1
QQR,TPA,0
QQR,TUP,0
QTF,NO,0
QCB,OSR,0
QCB,CGN,1
QCB,PMI,0
QBC,YAA,4
QBC,YVR,8
QTV,NO,0
QYB,NO,0
QIC,NO,0
QYO,NO,0
QCH,NCY,0
QCH,CGN,0
QCH,HHN,0
QYY,NO,0
QHS,RTM,1
QIB,SZG,1
QIB,CEQ,0
QEB,NO,0
QHB,SZG,0
QHB,AMS,0
QHB,BGO,1
QQF,MDT,1
QQF,CRG,0
QQF,IAD,0
QQY,AIK,0
QQY,QQY,0
QQY,JZI,0
QQY,CRW,0
QQY,PWK,1
QQY,CKB,0
QQY,CAE,0
QQY,HHH,1
QQY,TYS,1
QQY,MMU,1
QQY,MOR,0
QQY,RIC,1
QQY,SAV,1
QQY,IAD,0
QQY,PBI,0
QQU,DVN,0
QKC,NO,0
QTC,,0
QTC,BOI,0
QTC,BUR,0
QTC,QTC,0
QTC,MDW,0
QTC,COE,0
QTC,EMT,0
QTC,FAT,0
QTC,WJF,0
QTC,LAS,0
QTC,HSH,0
QTC,LGB,0
QTC,LAX,0
QTC,MMH,0
QTC,MSC,0
QTC,MRY,0
QTC,NUQ,1
QTC,APC,0
QTC,OXR,0
QTC,PTV,0
QTC,PUW,0
QTC,HMT,0
QTC,MHR,0
QTC,SNS,0
QTC,CLD,0
QTC,MYF,0
QTC,SNA,1
QTC,SBA,0
QTC,SMX,0
QTC,SMO,0
QTC,SQA,0
QTC,BFI,0
QTC,TIW,0
QTC,TRM,0
QTC,TOA,0
QTC,TKF,1
QTC,TLR,0
QTC,VNY,1
QTC,WVI,0
QTC,YUM,1
QQC,BED,0
QQC,DBN,0
QQC,GSO,0
QQC,GUF,0
QQC,HSI,0
QQC,MCN,0
QQC,LOT,0
QQC,SRC,0
QQV,DSI,0
QQV,MSY,0
QQV,SHD,0
QCC,TRF,1
QTX,YIP,0
QTX,FXE,0
QTM,NO,0
QQP,YQX,0
QQP,QQP,0
QQP,FFA,0
QQP,LOU,0
QQP,CRE,0
QQI,BLM,0
QUG,NO,0
QTN,BNA,0
QTL,DEN,0
QTL,IDA,0
QCY,LMO,0
QCY,WRT,1
QEC,NO,0
QKT,MGL,0
QKT,QKT,0
QKT,SEN,0
QKY,LYS,1
QTJ,NO,0
QED,NO,0
QAD,NO,0
QPD,NO,0
QTU,NO,0
QAH,NO,0
QKD,NO,0
QQD,AMW,0
QQD,DPA,1
QQD,ADS,1
QQD,ELP,1
QQD,HRL,0
QQD,JAX,1
QQD,LIT,0
QQD,RTN,0
QQD,PNX,0
QQD,SGF,0
QQD,SGT,0
QQD,SGR,0
QQH,NO,0
QCD,NCE,0
QCO,STR,1
QCO,BZO,0
QIW,IOM,1
QKU,NO,0
QTD,NO,0
QEE,NO,0
QCE,SZG,0
QTE,PAH,1
QQE,MYF,0
QPV,NO,0
QTQ,GGT,0
QTQ,DNL,0
QTQ,HUM,0
QTQ,EYW,0
QTQ,MOB,0
QTQ,TLH,0
QTK,SBN,0
QTK,AVW,0
QEG,NO,0
QTI,DXR,1
QTI,QTI,0
QTI,MKG,0
QTO,NO,0
QEF,LBG,0
QEF,LTT,1
QEF,TLN,1
QEF,TNF,0
QEF,CGN,1
QEF,HHN,0
QEF,GHF,0
QEF,HAM,0
QEF,FKB,0
QEF,MHG,1
QEF,SCN,0
QEF,STR,0
QEF,GRQ,0
QEF,RTM,0
QEF,IBZ,1
QEF,BQH,0
QCF,NCE,1
QCF,PMI,0
QYE,LTT,0
QYE,HAM,0
QCQ,NO,0
QGP,REC,2
QPO,KRK,0
QPO,WAW,0
QTG,EDC,0
QTG,CLL,0
QTG,CXO,0
QTG,ADS,0
QTG,QQD,0
QTG,GLS,0
QTG,QTG,0
QTG,QQT,1
QTG,BKD,0
QTG,TUL,0
QTG,VCT,1
QYG,LYN,1
QYG,LBG,1
QYG,FDH,0
QYG,BRN,0
QYG,VIP,0
QGY,IGS,0
QGY,BUD,0
QGY,ZRH,0
QGY,BHX,0
QQO,BFL,0
QQO,APC,0
QQO,RNO,0
QQO,CLD,0
QCN,NO,0
QTB,BTL,0
QTB,CHS,0
QTB,PWK,1
QTB,DET,0
QTB,FRG,0
QTB,ENW,0
QTB,STP,1
QTA,EDC,0
QEH,ZAD,0
QEH,QEH,1
QEH,CIA,0
QEH,VNO,0
QHU,NO,0
QIG,FOR,3
QQQ,BTL,1
QQQ,CLE,0
QQQ,OSU,1
QQQ,APA,1
QQQ,IMS,1
QQQ,QQN,0
QQQ,RSW,1
QQQ,TVC,0
QQQ,HPN,0
QTY,PWK,0
QTY,HUF,0
QDV,NO,0
QCK,NO,0
QPK,NCE,0
QQX,TRI,1
QQX,GGE,0
QCI,BES,0
QCV,RKE,0
QCV,SVG,0
QAQ,NO,0
QYC,GVA,0
QYX,NO,0
QKL,NO,0
QYL,CFE,0
QYL,NCE,1
QYL,LBG,1
QYL,TNF,0
QYL,OBF,1
QYL,VCE,1
QYL,VRN,1
QYL,ZRH,1
QQL,DSM,0
QQL,VQQ,0
QKM,INN,1
QKM,GCI,1
QEJ,LEY,0
QCL,ZRH,0
QEI,ARN,0
QEL,NO,0
QYZ,QYZ,0
QKE,LPL,1
QYM,TLS,1
QYM,TOJ,0
QYM,CEG,0
QYU,NCE,1
QYU,MAD,1
QEZ,HAM,0
QQT,ABE,0
QQT,AMA,1
QQT,EDC,0
QQT,BWD,0
QQT,BUR,0
QQT,CLE,0
QQT,CXO,0
QQT,DUA,0
QQT,QTG,0
QQT,GUF,1
QQT,TYS,0
QQT,MSN,1
QQT,MRK,1
QQT,MDD,1
QQT,MKE,0
QQT,PWA,0
QQT,UOX,0
QQT,RAP,0
QQT,SGR,0
QQT,TEB,0
QQT,TYR,0
QQT,IAD,0
QAW,NO,0
QAI,NO,0
QAX,NO,0
QCM,LYN,1
QCM,PMI,1
QPM,NO,0
QQJ,NO,0
QQA,YWG,0
QQA,FTY,0
QQA,DPA,0
QQA,EAU,1
QQA,FAR,0
QQA,MLS,0
QQA,QQA,1
QQA,FCM,0
QQA,RAP,0
QQA,ROX,0
QQA,STP,0
QQM,NO,0
QTH,QQR,0
QTH,CMI,1
QTH,CUH,0
QTH,FCM,0
QTH,MLI,1
QTH,CPS,0
QCT,NO,0
QQN,CSL,1
QQN,CAK,1
QQN,ABQ,0
QQN,AEX,0
QQN,PDK,0
QQN,BTR,1
QQN,BHM,1
QQN,BOS,0
QQN,CLT,0
QQN,PWK,0
QQN,LUK,0
QQN,CVG,0
QQN,DFW,1
QQN,BJC,0
QQN,DBQ,0
QQN,EAU,0
QQN,EKI,0
QQN,GSO,0
QQN,HOT,0
QQN,DWH,1
QQN,QQQ,0
QQN,CRG,0
QQN,EYW,1
QQN,TYS,0
QQN,LZU,0
QQN,LIT,0
QQN,SDF,0
QQN,OPF,0
QQN,BFM,0
QQN,MLI,1
QQN,QTH,1
QQN,MYR,1
QQN,ECP,0
QQN,PNS,0
QQN,PIA,0
QQN,PPM,0
QQN,RMG,0
QQN,QTT,0
QQN,SAF,0
QQN,SRQ,1
QQN,SAV,1
QQN,MQY,0
QQN,STL,1
QQN,SUA,1
QQN,TEB,0
QQN,TOI,1
QQN,TCL,0
QQN,UCY,0
QQN,IAD,1
QQN,ICT,0
QQN,ILM,1
QEN,NO,0
QAN,NO,0
QQZ,CHA,1
QQZ,CXO,0
QQZ,ADS,1
QQZ,DSI,1
QQZ,DRO,1
QQZ,ERV,0
QQZ,MAF,1
QQZ,SLN,0
QQZ,SNA,0
QQB,AHN,0
QQB,QQB,0
QEM,NYO,0
QKN,FAO,1
QAO,NO,0
QAA,NO,0
QEY,NO,0
QOW,ABV,22
QOW,LOS,46
QIP,NO,0
QKP,NO,0
QTP,QQR,0
QTP,PDK,0
QTP,DSI,0
QTP,HHH,0
QTP,CRG,0
QTP,TYS,0
QPP,NO,0
QPS,NO,0
QEP,LYN,0
QEP,NYO,0
QAP,NO,0
QRO,CUN,23
QRO,CUU,2
QRO,CJS,0
QRO,CUL,0
QRO,GDL,7
QRO,HMO,4
QRO,LTO,0
QRO,MZT,4
QRO,MID,4
QRO,MEX,39
QRO,NTR,0
QRO,MTY,57
QRO,OAX,0
QRO,PVR,9
QRO,TIJ,6
QRO,TLC,1
QRO,TRC,6
QRO,VSA,0
QRO,ATL,2
QRO,ORD,1
QRO,DFW,16
QRO,IAH,24
QRO,LRD,1
QRO,SDF,1
QRO,MEM,1
QRO,YUM,1
QYQ,NO,0
QCR,QCV,0
QTR,RNO,0
QYD,NO,0
QIE,NO,0
QER,RJK,0
QER,ZQW,0
QYR,LBG,1
QYR,GVA,1
QEX,HAM,0
QEX,GDN,0
QKR,ABZ,0
QIU,LME,1
QCX,NO,0
QAR,NO,0
QYN,NO,0
QYS,NO,0
QSR,NO,0
QAE,NO,0
QAS,NO,0
QTZ,MSO,1
QTZ,SCF,1
QTZ,TIW,0
QTT,SSI,0
QTT,CHS,0
QTT,CMH,1
QTT,GGE,0
QTT,GSO,0
QTT,JAN,0
QTT,MMU,0
QTT,QQN,0
QTT,QTT,0
QTT,UES,1
QYJ,QYW,1
QSC,NO,0
QYI,NO,0
QCP,SZG,1
QCP,PRG,0
QCP,DTM,1
QCP,OBF,0
QCP,DUB,0
QCP,TRS,0
QCP,ZRH,1
QSF,ALG,7
QSF,LYS,14
QSF,MRS,4
QSF,CDG,4
QSF,ORY,2
QSZ,AKU,8
QSZ,HTN,8
QSZ,KHG,8
QSZ,KRL,8
QSZ,KCA,4
QSZ,TWC,4
QSZ,URC,16
QSZ,XIY,8
QKS,NO,0
QQS,NO,0
QCS,SZG,1
QCS,PRG,1
QCS,CGN,1
QCS,DUS,0
QCS,RTM,0
QEV,NO,0
QCJ,NO,0
QES,BRQ,0
QES,RIX,1
QTS,PDK,0
QTS,JZI,0
QTS,CAE,0
QEU,NO,0
QIL,NO,0
QHT,HAM,0
QHT,GRQ,0
QHT,RTM,1
QYF,LDE,0
QYF,FAO,0
QCZ,LEJ,0
QCZ,AMS,0
QIT,NO,0
QET,OBF,1
QAT,NO,0
QYT,NO,0
QIA,NO,0
QUO,ABV,29
QUO,LOS,26
QYV,BGY,1
QIV,NO,0
QIO,NO,0
QTW,LCH,0
QTW,SNL,0
QRW,ABV,8
QRW,LOS,17
QPB,QEW,0
QPB,QPB,0
QKW,NO,0
QYP,NUE,0
QEK,NO,0
QEW,KLU,0
QEW,LNZ,0
QEW,SZG,0
QEW,VIE,0
QEW,SPU,1
QEW,ZAD,0
QEW,LYN,1
QEW,AGB,0
QEW,SCN,0
QEW,KIV,0
QKX,NO,0
QKF,LBG,1
QAF,NO,0
QKH,NO,0
QCW,NO,0
QYW,JSI,1
QYW,TRS,0
