Departure,Arrival,Number of flights
ROR,GUM,5
ROR,MFM,3
ROR,YAP,0
ROR,POM,1
ROR,MNL,2
ROR,TPE,2
RAE,JED,5
RAE,RUH,23
RAR,AIT,27
RAR,AKL,17
RAR,HNL,1
RLK,PEK,8
RLK,PKX,8
RLK,TFU,4
RLK,HLD,4
RLK,HET,16
RLK,XIY,8
RLK,XIL,8
RLK,CGO,4
RGS,NO,0
RFD,MUC,1
RFD,ABE,0
RFD,ANC,4
RFD,BWI,1
RFD,CID,1
RFD,CMI,1
RFD,CVG,0
RFD,OSU,1
RFD,DFW,1
RFD,DEN,1
RFD,DTW,1
RFD,EGV,1
RFD,FWA,0
RFD,MDT,0
RFD,IAH,2
RFD,TYQ,0
RFD,MCI,1
RFD,LAN,1
RFD,LRD,1
RFD,LAS,2
RFD,LAX,1
RFD,SDF,1
RFD,MEM,1
RFD,QQA,0
RFD,MSP,1
RFD,MKG,0
RFD,JFK,1
RFD,EWR,1
RFD,OAK,1
RFD,OMA,1
RFD,ONT,1
RFD,SFB,4
RFD,AZA,2
RFD,PHX,1
RFD,PDX,1
RFD,PGD,3
RFD,MHR,1
RFD,SLC,1
RFD,SBD,0
RFD,BFI,1
RFD,SEA,1
RFD,STL,1
RFD,PIE,3
RFD,TPA,0
RFD,BDL,1
RML,NO,0
RBD,CFD,0
RBD,CVG,1
RBD,QTQ,0
RBD,DWH,0
RBD,HOU,0
RBD,HSV,1
RBD,QQN,1
RBD,OMA,0
RBD,ORL,0
RBD,PGA,1
RBD,PHX,1
RBD,RKP,1
RBD,SAT,0
RBD,DTN,0
RBD,SLR,0
RBD,TPA,1
RDP,BLR,8
RDP,MAA,7
RDP,DEL,8
RDP,HYD,4
RDP,BOM,7
RSW,MHH,1
RSW,YYZ,16
RSW,CMW,0
RSW,FRA,2
RSW,PLS,1
RSW,ABE,0
RSW,ATL,65
RSW,ACY,8
RSW,BWI,40
RSW,BOS,30
RSW,CHS,3
RSW,CLT,29
RSW,MDW,24
RSW,ORD,38
RSW,CVG,16
RSW,CLE,8
RSW,CMH,11
RSW,DFW,25
RSW,DAL,2
RSW,DEN,12
RSW,DTW,24
RSW,FXE,0
RSW,FLL,0
RSW,FPR,0
RSW,GSP,0
RSW,MDT,1
RSW,IAH,8
RSW,IND,12
RSW,MCI,3
RSW,LGC,0
RSW,LAS,2
RSW,SDF,1
RSW,MEM,1
RSW,TMB,1
RSW,MIA,0
RSW,OPF,0
RSW,MKE,1
RSW,MSP,24
RSW,APF,1
RSW,BNA,8
RSW,HVN,6
RSW,JFK,24
RSW,LGA,30
RSW,EWR,40
RSW,ORL,0
RSW,MCO,8
RSW,PHL,24
RSW,PIT,11
RSW,PVD,1
RSW,RDU,3
RSW,SEA,2
RSW,STL,18
RSW,TLH,0
RSW,IAD,8
RSW,DCA,23
RSW,HPN,8
RSW,ILG,2
RSW,BDL,2
RGK,KZN,5
RGK,HMA,1
RGK,KJA,2
RGK,DME,16
RGK,SVO,16
RGK,OVB,24
RGK,NUX,1
RGK,SLY,1
RGK,KUF,1
RGK,LED,2
RGK,SGC,2
RGK,SVX,4
REB,NO,0
RJL,MAD,6
RUL,MLE,2
RAK,BRU,9
RAK,CRL,5
RAK,CPH,2
RAK,CAI,2
RAK,BSL,4
RAK,BOD,13
RAK,DLE,3
RAK,LIL,2
RAK,LIG,2
RAK,LYS,12
RAK,MRS,13
RAK,MPL,2
RAK,NTE,15
RAK,NCE,6
RAK,FNI,4
RAK,BVA,8
RAK,CDG,36
RAK,LBG,1
RAK,ORY,47
RAK,XCR,2
RAK,PGF,3
RAK,TLS,12
RAK,TUF,2
RAK,BER,2
RAK,CGN,2
RAK,FRA,3
RAK,HHN,1
RAK,NRN,1
RAK,ATH,2
RAK,DUB,2
RAK,TLV,11
RAK,BLQ,2
RAK,BGY,7
RAK,MXP,12
RAK,NAP,2
RAK,PSA,2
RAK,CIA,5
RAK,TRN,2
RAK,TSF,3
RAK,CMN,35
RAK,FEZ,2
RAK,AMS,8
RAK,EIN,6
RAK,RTM,2
RAK,CAT,0
RAK,FAO,0
RAK,LIS,19
RAK,OPO,5
RAK,JNB,1
RAK,ALC,5
RAK,BCN,10
RAK,BIO,1
RAK,LPA,5
RAK,MAD,27
RAK,AGP,10
RAK,PMI,2
RAK,SDR,3
RAK,SVQ,4
RAK,VLC,4
RAK,ZAZ,2
RAK,GVA,13
RAK,IST,8
RAK,BHX,1
RAK,BRS,1
RAK,EDI,2
RAK,LGW,32
RAK,LHR,2
RAK,LTN,2
RAK,STN,13
RAK,MAN,10
RAK,TEB,0
RMF,VIE,1
RMF,BRQ,6
RMF,OSR,4
RMF,PRG,10
RMF,CAI,8
RMF,HRG,5
RMF,SSH,4
RMF,BER,2
RMF,CGN,1
RMF,DUS,4
RMF,FRA,2
RMF,HAJ,1
RMF,LEJ,2
RMF,MUC,3
RMF,PAD,1
RMF,STR,2
RMF,BUD,1
RMF,BLQ,2
RMF,BGY,1
RMF,MXP,12
RMF,FCO,1
RMF,VRN,5
RMF,LUX,1
RMF,KTW,1
RMF,WAW,3
RMF,BTS,2
RMF,LUG,0
RMF,ZRH,8
RLO,AEP,3
ROB,BRU,5
ROB,ABJ,0
ROB,ACC,15
ROB,CKY,2
ROB,CMN,2
RIY,JED,1
RIY,ADE,2
RIY,SCT,1
RMU,ANR,3
RMU,OST,2
RMU,DUB,6
RMU,CMN,2
RMU,OUD,3
RMU,OVD,2
RMU,LPA,3
RMU,MAH,2
RMU,PMI,2
RMU,SDR,2
RMU,BHX,3
RMU,BOH,3
RMU,BRS,5
RMU,PIK,3
RMU,LGW,16
RMU,LTN,10
RMU,STN,12
RMU,MAN,9
RMU,EMA,5
RNH,IDA,0
RNH,JVL,0
REN,KGD,2
REN,KZN,3
REN,MCX,1
REN,MRV,2
REN,SVO,50
REN,OVB,2
REN,AER,6
REN,LED,17
REN,SVX,3
REN,DYU,1
REN,AYT,4
REN,IST,1
RYG,NO,0
RON,EOH,4
RAI,BVC,7
RAI,SID,13
RAI,MMO,5
RAI,SFL,13
RAI,SNE,1
RAI,VXE,15
RAI,OXB,3
RAI,CMN,2
RAI,LIS,18
RAI,PDL,4
RAI,DSS,13
RKT,BAH,1
RKT,DAC,1
RKT,PRG,1
RKT,JIB,1
RKT,CAI,5
RKT,IXU,0
RKT,BHO,0
RKT,GAY,2
RKT,HYD,0
RKT,CCJ,2
RKT,BOM,8
RKT,SXR,2
RKT,VGA,1
RKT,ISB,2
RKT,LHE,4
RKT,PEW,3
RKT,JED,6
RKT,ZRH,0
RKT,TAS,2
RBA,BRU,6
RBA,CRL,4
RBA,MRS,6
RBA,BVA,3
RBA,CDG,20
RBA,LBG,0
RBA,ORY,14
RBA,TLS,2
RBA,LBV,1
RBA,NRN,2
RBA,CIA,3
RBA,AGA,5
RBA,AHU,0
RBA,JED,0
RBA,MED,3
RBA,BCN,3
RBA,MAD,4
RBA,AGP,5
RBA,SVQ,3
RBA,GVA,1
RBA,STN,4
RAB,BUA,3
RAB,HKN,14
RAB,KVG,16
RAB,LAE,2
RAB,LNV,10
RAB,POM,30
RAC,UGN,1
RAC,HYR,1
RAC,JVL,0
RAC,SUE,0
RAH,RUH,7
RJN,THR,1
RAQ,UPG,4
RYK,KHI,2
RFP,BOB,25
RFP,HUH,8
RFP,MAU,6
RFP,PPT,45
RPR,AMD,3
RPR,IXD,8
RPR,BLR,16
RPR,BHO,8
RPR,BBI,1
RPR,MAA,4
RPR,DEL,46
RPR,GOI,8
RPR,HYD,16
RPR,IDR,16
RPR,JGB,8
RPR,CCU,24
RPR,LKO,1
RPR,BOM,24
RPR,PNQ,3
RJA,BLR,16
RJA,MAA,8
RJA,HYD,40
RJB,KTM,8
RAJ,BLR,8
RAJ,DEL,16
RAJ,GOX,4
RAJ,BOM,40
RJH,DAC,28
RDU,FPO,3
RDU,YUL,8
RDU,YYZ,24
RDU,CDG,8
RDU,KEF,5
RDU,CUN,7
RDU,SJU,8
RDU,LHR,8
RDU,CAK,0
RDU,PDK,2
RDU,ATL,97
RDU,AUS,29
RDU,BWI,43
RDU,BHM,0
RDU,BOS,62
RDU,BUF,4
RDU,JZI,0
RDU,CHS,1
RDU,CLT,72
RDU,MDW,23
RDU,ORD,59
RDU,CVG,12
RDU,BKL,1
RDU,CLE,4
RDU,CAE,1
RDU,CMH,5
RDU,USA,6
RDU,DFW,44
RDU,DAL,9
RDU,DEN,55
RDU,DTW,36
RDU,ERI,0
RDU,QTQ,0
RDU,FAY,1
RDU,FLL,38
RDU,GAI,0
RDU,GSH,1
RDU,GCY,0
RDU,GSO,0
RDU,GMU,0
RDU,GSP,0
RDU,HHH,0
RDU,IAH,24
RDU,HOU,1
RDU,IND,4
RDU,OAJ,0
RDU,JAX,5
RDU,MCI,1
RDU,LAS,17
RDU,LEB,2
RDU,LIT,0
RDU,LAX,17
RDU,LFN,0
RDU,SDF,3
RDU,LBT,0
RDU,MCN,0
RDU,MEO,0
RDU,MEM,4
RDU,MIA,48
RDU,OPF,0
RDU,MSP,35
RDU,BFM,0
RDU,BNA,54
RDU,EWN,0
RDU,HVN,4
RDU,MSY,7
RDU,JFK,106
RDU,LGA,92
RDU,EWR,59
RDU,ORF,0
RDU,EDE,0
RDU,MCO,64
RDU,PNS,1
RDU,PHL,47
RDU,PHX,10
RDU,PIT,18
RDU,PWM,3
RDU,PTW,1
RDU,PVD,2
RDU,RDU,0
RDU,RIC,0
RDU,ROC,1
RDU,SLC,8
RDU,SFO,16
RDU,SRQ,2
RDU,SAV,0
RDU,SEA,16
RDU,RSW,3
RDU,STL,9
RDU,SYR,4
RDU,TPA,36
RDU,TEB,1
RDU,TTN,5
RDU,VRB,1
RDU,IAD,32
RDU,DCA,68
RDU,PBI,2
RDU,HPN,1
RDU,ILM,1
RDU,BDL,11
RDU,INT,0
RZR,MHD,2
RZR,THR,3
RMS,KWI,0
RMS,KRK,0
RMS,DOV,1
RGI,APK,1
RGI,AXR,1
RGI,FAV,7
RGI,MVT,2
RGI,PPT,23
RGI,TIH,6
RAP,BIS,0
RAP,BOI,0
RAP,CPR,0
RAP,CLT,16
RAP,DPA,0
RAP,ORD,16
RAP,DFW,25
RAP,DAL,1
RAP,DEN,32
RAP,QTE,1
RAP,FAR,0
RAP,LAS,2
RAP,MSP,24
RAP,LBF,0
RAP,PWA,0
RAP,AZA,3
RAP,SNA,1
RAP,OGA,0
RAP,FSD,2
RAP,SFF,0
RAP,VTN,0
RAP,HPN,1
RAP,XWA,0
RAS,AWZ,1
RAS,BND,3
RAS,KIH,3
RAS,MHD,11
RAS,SYZ,3
RAS,THR,14
RTN,APA,0
RTN,CPS,0
RTN,TEX,0
RAN,NO,0
RVT,PER,1
RWL,DEN,0
RWL,HDN,1
RDG,CAK,1
RDG,ABE,0
RDG,PDK,1
RDG,BWI,0
RDG,BGR,1
RDG,BWG,5
RDG,PWK,0
RDG,LUK,0
RDG,CKV,0
RDG,ELM,6
RDG,FRG,0
RDG,GSO,1
RDG,HTS,6
RDG,LNS,0
RDG,FCM,0
RDG,JFK,1
RDG,OWD,5
RDG,PNE,0
RDG,RDU,5
RDG,RDG,0
RDG,PIE,1
RDG,TEB,1
RDG,IAD,1
RDG,LIY,0
REC,AEP,1
REC,AJU,26
REC,JAW,2
REC,BEL,16
REC,CNF,32
REC,BSB,62
REC,CPV,21
REC,VCP,37
REC,CAU,2
REC,FEC,5
REC,FEN,48
REC,FOR,50
REC,QGP,2
REC,GYN,9
REC,JPA,12
REC,JDO,7
REC,MCZ,32
REC,MAO,8
REC,MVF,5
REC,NAT,32
REC,JPO,4
REC,PAV,4
REC,PNZ,13
REC,POA,6
REC,RAO,1
REC,GIG,18
REC,SDU,30
REC,SSA,41
REC,SJP,1
REC,SLZ,13
REC,CGH,66
REC,GRU,107
REC,NSR,2
REC,SET,2
REC,THE,13
REC,UDI,1
REC,VIX,6
REC,FRA,1
REC,LIS,8
REC,FLL,2
REC,GTP,7
REC,MVD,1
RCQ,NO,0
RBL,CIC,0
RDB,ANC,3
RDN,SZB,9
RDD,BUR,3
RDD,EUG,0
RDD,FAT,0
RDD,HWD,1
RDD,LAX,8
RDD,MYV,0
RDD,MFR,0
RDD,MOD,0
RDD,SIY,1
RDD,RBL,0
RDD,SMF,2
RDD,MHR,2
RDD,MCC,0
RDD,SLC,0
RDD,SFO,24
RDD,SJC,0
RDD,STS,0
RDD,SEA,5
RDD,STP,0
RDD,VNY,0
RDM,BUR,4
RDM,DEN,16
RDM,LAX,15
RDM,ONP,0
RDM,PHX,15
RDM,HIO,0
RDM,PDX,1
RDM,PRC,0
RDM,SLC,16
RDM,SAN,8
RDM,SFO,36
RDM,SJC,1
RDM,SEA,63
RDM,GEG,0
RDM,VNY,0
RDM,EAT,1
RDM,YKM,0
REG,LIN,16
REG,FCO,16
RHE,NO,0
RGT,NO,0
RNS,KJK,0
RNS,CER,0
RNS,LYS,19
RNS,MRS,6
RNS,NCE,8
RNS,OUI,1
RNS,CDG,11
RNS,VIY,1
RNS,PUF,0
RNS,PIS,1
RNS,URO,1
RNS,LDE,1
RNS,TLS,12
RNS,TNF,1
RNS,CGN,2
RNS,FRA,6
RNS,QCS,1
RNS,AMS,7
RNS,LIS,4
RNS,OPO,4
RNS,LGW,2
RNO,YVR,1
RNO,GDL,7
RNO,AUS,1
RNO,EDC,0
RNO,BIH,1
RNO,BOI,1
RNO,BUR,14
RNO,ORD,8
RNO,CNO,0
RNO,DFW,27
RNO,DAL,1
RNO,DEN,56
RNO,LOL,0
RNO,FTW,0
RNO,GCK,1
RNO,GRB,0
RNO,HWD,0
RNO,HQM,0
RNO,IAH,2
RNO,LAR,1
RNO,LAS,98
RNO,LGB,15
RNO,LAX,60
RNO,SDF,2
RNO,MSN,0
RNO,MEM,2
RNO,MSP,5
RNO,MRY,0
RNO,APC,0
RNO,JFK,0
RNO,VGT,0
RNO,OAK,16
RNO,ONT,1
RNO,DVT,0
RNO,PHX,41
RNO,PDX,17
RNO,RAP,1
RNO,RDM,0
RNO,RNO,0
RNO,MHR,0
RNO,SLC,25
RNO,SAN,16
RNO,SFO,33
RNO,SJC,8
RNO,SNA,7
RNO,SBA,1
RNO,SEA,25
RNO,SBM,1
RNO,SCK,0
RNO,EAT,0
RNT,ASE,0
RNT,BOI,0
RNT,PWT,1
RNT,APA,0
RNT,HSH,0
RNT,RNT,0
RNT,BFI,1
RNT,OTK,0
RNT,YKM,0
RES,AEP,24
RES,EZE,1
RES,COR,5
RES,SLA,2
RER,GUA,3
REU,CRL,3
REU,ORY,2
REU,NRN,2
REU,ORK,7
REU,DUB,17
REU,SNN,4
REU,EIN,5
REU,GRO,3
REU,ABZ,1
REU,BFS,6
REU,BHX,9
REU,BRS,5
REU,CWL,1
REU,EDI,2
REU,GLA,7
REU,LBA,5
REU,LPL,3
REU,LGW,3
REU,STN,11
REU,MAN,12
REU,NCL,6
REU,EMA,4
RXE,SLC,1
RKV,CNP,1
RKV,AEY,31
RKV,BIU,12
RKV,EGS,25
RKV,GJR,4
RKV,HFN,8
RKV,HZK,7
RKV,IFJ,16
RKV,BGO,0
RKV,AGP,0
REX,CUN,7
REX,GDL,6
REX,MEX,32
REX,PBC,0
REX,VER,4
RHI,DPA,1
RHI,TYQ,0
RHI,QQQ,0
RHI,MKE,4
RHI,MSP,16
RHI,STE,0
RHI,TVC,0
RHO,GRZ,3
RHO,INN,1
RHO,LNZ,1
RHO,SZG,4
RHO,VIE,14
RHO,BRU,13
RHO,CRL,3
RHO,SOF,2
RHO,LCA,1
RHO,PFO,6
RHO,BRQ,5
RHO,OSR,4
RHO,PRG,19
RHO,BLL,4
RHO,CPH,4
RHO,TLL,3
RHO,HEL,22
RHO,TMP,2
RHO,LYS,1
RHO,MRS,1
RHO,NTE,4
RHO,CDG,1
RHO,ORY,8
RHO,BER,9
RHO,BRE,2
RHO,CGN,13
RHO,DTM,2
RHO,DRS,3
RHO,DUS,21
RHO,FRA,14
RHO,FDH,1
RHO,HAM,8
RHO,HAJ,10
RHO,LEJ,5
RHO,MUC,13
RHO,FMO,3
RHO,NUE,6
RHO,STR,11
RHO,NRN,2
RHO,ATH,52
RHO,HER,13
RHO,AOK,7
RHO,KZS,6
RHO,KGS,6
RHO,SMI,3
RHO,SKG,8
RHO,BUD,6
RHO,DUB,4
RHO,TLV,31
RHO,BLQ,4
RHO,BGY,5
RHO,MXP,2
RHO,NAP,3
RHO,PSA,2
RHO,CIA,3
RHO,VRN,2
RHO,RIX,2
RHO,KUN,1
RHO,VNO,2
RHO,LUX,4
RHO,AMS,12
RHO,EIN,7
RHO,RTM,2
RHO,BGO,1
RHO,OSL,2
RHO,SVG,1
RHO,TRD,1
RHO,GDN,1
RHO,KTW,3
RHO,KRK,3
RHO,POZ,2
RHO,RZE,1
RHO,WAW,7
RHO,WMI,3
RHO,WRO,2
RHO,OTP,2
RHO,CLJ,1
RHO,BEG,6
RHO,BTS,5
RHO,KSC,2
RHO,BLE,1
RHO,GOT,7
RHO,KLR,1
RHO,MMX,1
RHO,NRK,1
RHO,ORB,1
RHO,ARN,11
RHO,UME,1
RHO,VXO,1
RHO,BRN,1
RHO,ZRH,10
RHO,SAW,3
RHO,ABZ,1
RHO,BFS,4
RHO,BHX,11
RHO,BOH,1
RHO,BRS,13
RHO,CWL,2
RHO,EDI,5
RHO,EXT,1
RHO,GLA,6
RHO,LBA,3
RHO,LGW,35
RHO,LHR,1
RHO,LTN,7
RHO,STN,17
RHO,MAN,30
RHO,NCL,7
RHO,NWI,1
RHO,EMA,11
RAO,BSB,8
RAO,VCP,37
RAO,GYN,8
RAO,MCZ,1
RAO,BPS,1
RAO,REC,1
RAO,SDU,8
RAO,SJP,0
RAO,CGH,30
RAO,GRU,16
RAO,GTP,7
RIB,VVI,2
RIB,TDD,22
RIE,BWG,0
RIE,MKE,0
RIE,MSP,1
RIE,TDZ,0
RIE,ALO,0
RCB,JNB,20
RLD,BFI,0
RCM,HGD,3
RCM,JCK,3
RIC,YUL,1
RIC,LHR,1
RIC,ATL,75
RIC,BWI,0
RIC,BED,1
RIC,BOS,45
RIC,SSI,0
RIC,QQY,0
RIC,CHS,3
RIC,CLT,53
RIC,MDW,14
RIC,ORD,36
RIC,CVG,3
RIC,LCK,0
RIC,DFW,24
RIC,DEN,16
RIC,DTW,23
RIC,FLL,14
RIC,AFW,0
RIC,FTW,1
RIC,GAI,0
RIC,GED,1
RIC,GSO,0
RIC,GPT,1
RIC,MDT,1
RIC,HHH,1
RIC,IAH,8
RIC,HSV,0
RIC,ISP,3
RIC,JAX,5
RIC,TYS,1
RIC,LNS,0
RIC,LAS,13
RIC,LEX,0
RIC,LAX,4
RIC,SDF,1
RIC,MEM,2
RIC,MIA,8
RIC,MSP,10
RIC,BNA,3
RIC,MSY,4
RIC,JFK,24
RIC,LGA,57
RIC,EWR,42
RIC,ORF,3
RIC,MCO,22
RIC,PHL,26
RIC,PHX,2
RIC,MCB,0
RIC,PSM,0
RIC,PVD,3
RIC,RIC,0
RIC,ROA,0
RIC,ROC,0
RIC,SFO,4
RIC,PIE,2
RIC,TPA,6
RIC,TEB,1
RIC,IAD,33
RIC,ILN,0
RIC,BDL,2
RIC,INT,0
RID,NO,0
RIL,ASE,1
RIL,CKB,0
RIL,DAL,1
RIL,APA,0
RIL,DEN,0
RIL,BJC,0
RIL,GCN,0
RIL,MDD,1
RIL,MCO,1
RIL,SAN,1
RIL,SCF,0
RIL,BFI,0
RIX,EVN,2
RIX,VIE,18
RIX,GYD,3
RIX,BRU,11
RIX,CRL,3
RIX,BOJ,4
RIX,DBV,2
RIX,RJK,2
RIX,SPU,2
RIX,LCA,3
RIX,PFO,3
RIX,PRG,10
RIX,AAR,2
RIX,BLL,6
RIX,CPH,22
RIX,KDL,0
RIX,TLL,35
RIX,HEL,56
RIX,MHQ,1
RIX,TMP,7
RIX,TKU,6
RIX,NCE,4
RIX,BVA,3
RIX,CDG,13
RIX,BUS,2
RIX,KUT,3
RIX,TBS,6
RIX,BER,18
RIX,CGN,3
RIX,DUS,7
RIX,FRA,27
RIX,HAM,7
RIX,HAJ,2
RIX,FMM,2
RIX,MUC,14
RIX,QES,1
RIX,STR,4
RIX,ATH,6
RIX,CFU,2
RIX,HER,5
RIX,RHO,2
RIX,SKG,2
RIX,BUD,4
RIX,KEF,4
RIX,DUB,7
RIX,TLV,3
RIX,CTA,2
RIX,BGY,3
RIX,MXP,6
RIX,NAP,2
RIX,OLB,1
RIX,PSA,2
RIX,FCO,6
RIX,TPS,2
RIX,VCE,2
RIX,TSF,2
RIX,JER,0
RIX,RIX,1
RIX,KUN,2
RIX,PLQ,8
RIX,VNO,33
RIX,MLA,5
RIX,TIV,3
RIX,AMS,19
RIX,BGO,2
RIX,OSL,24
RIX,TRF,5
RIX,TRD,5
RIX,GDN,4
RIX,KRK,2
RIX,SZY,1
RIX,WAW,15
RIX,WMI,7
RIX,LIS,3
RIX,OPO,2
RIX,OTP,3
RIX,BEG,2
RIX,BCN,8
RIX,BIO,3
RIX,GRO,2
RIX,MAD,4
RIX,AGP,5
RIX,PMI,1
RIX,VLC,2
RIX,GOT,7
RIX,ARN,30
RIX,ZRH,11
RIX,AYT,6
RIX,IST,14
RIX,DXB,4
RIX,ABZ,2
RIX,BRS,2
RIX,EDI,2
RIX,LBA,1
RIX,LGW,14
RIX,LTN,10
RIX,STN,13
RIX,MAN,4
RIX,NCL,2
RIX,EMA,3
RIX,TAS,3
RJK,CRL,2
RJK,OSI,3
RJK,SPU,3
RJK,ZAD,1
RJK,BER,3
RJK,CGN,1
RJK,DUS,2
RJK,FRA,2
RJK,HAM,2
RJK,MUC,5
RJK,QER,0
RJK,STR,3
RJK,RIX,2
RJK,EIN,3
RJK,ARN,3
RJK,LGW,2
RJK,STN,3
RMT,PPT,1
RMT,RUR,1
RMI,TIA,4
RMI,VIE,3
RMI,LGG,0
RMI,PRG,2
RMI,BUD,3
RMI,BLQ,0
RMI,CAG,3
RMI,PMO,3
RMI,CIA,0
RMI,KUN,3
RMI,LUX,2
RMI,KRK,2
RMI,WMI,4
RMI,VKO,0
RMI,STN,4
RBR,BSB,16
RBR,CZS,5
RBR,MAO,1
RBR,PVH,7
RBR,GRU,3
RBR,GTP,7
RCU,AEP,5
RRJ,CGH,44
RGL,AEP,17
RGL,EZE,2
RGL,CRD,4
RGL,MPN,1
RGA,AEP,12
RGA,EZE,0
RIH,NO,0
RVD,VCP,6
RCH,BOG,31
RCH,CLO,4
RCH,MDE,4
RIJ,NO,0
RIS,CTS,8
RIS,OKD,11
RAL,AUN,0
RAL,BFL,0
RAL,AFW,0
RAL,LGB,0
RAL,PIT,1
RAL,CLD,0
RAL,MYF,0
RAL,SCF,0
RAL,TRM,0
RIV,BWI,0
RIV,ORD,0
RIV,IAH,0
RIV,MYR,0
RIV,PHX,0
RIV,RIV,0
RIV,MYF,0
RIR,NO,0
RIW,MDW,0
RIW,COD,0
RIW,CTB,0
RIW,APA,0
RIW,DEN,12
RIW,EMM,0
RIW,SLC,0
RWN,NO,0
RUH,KBL,2
RUH,TIA,4
RUH,VIE,3
RUH,GYD,8
RUH,BAH,52
RUH,DAC,19
RUH,LGG,6
RUH,SJJ,5
RUH,SOF,2
RUH,CAN,4
RUH,PVG,4
RUH,LCA,1
RUH,HBE,14
RUH,ATZ,3
RUH,CAI,159
RUH,HRG,4
RUH,SSH,15
RUH,HMB,8
RUH,ADD,14
RUH,NCE,0
RUH,CDG,8
RUH,BUS,5
RUH,TBS,8
RUH,BER,0
RUH,FRA,13
RUH,MUC,2
RUH,ATH,2
RUH,HKG,12
RUH,BUD,2
RUH,COK,5
RUH,DEL,21
RUH,HYD,13
RUH,CNN,2
RUH,CCJ,12
RUH,LKO,7
RUH,BOM,23
RUH,CGK,4
RUH,CTA,3
RUH,MXP,2
RUH,NAP,3
RUH,OLB,0
RUH,FCO,6
RUH,VCE,2
RUH,AMM,46
RUH,NBO,3
RUH,KWI,61
RUH,BEY,22
RUH,KUL,3
RUH,MLE,2
RUH,CMN,5
RUH,KTM,3
RUH,MCT,27
RUH,ISB,20
RUH,KHI,4
RUH,LHE,14
RUH,PEW,8
RUH,SKT,1
RUH,MNL,16
RUH,DOH,50
RUH,OTP,2
RUH,AHB,141
RUH,ULH,7
RUH,EJH,3
RUH,ABT,16
RUH,ELQ,16
RUH,RAE,23
RUH,BHH,21
RUH,DMM,102
RUH,URY,8
RUH,HAS,38
RUH,JED,419
RUH,GIZ,98
RUH,MED,85
RUH,EAM,39
RUH,NUM,4
RUH,AQI,16
RUH,RAH,7
RUH,AJF,34
RUH,SHW,13
RUH,TUU,64
RUH,TIF,50
RUH,TUI,7
RUH,WAE,8
RUH,YNB,8
RUH,ICN,2
RUH,CMB,8
RUH,KRT,10
RUH,GVA,3
RUH,ZRH,3
RUH,DMK,0
RUH,BKK,4
RUH,BJV,4
RUH,IST,32
RUH,SAW,27
RUH,TZX,9
RUH,AUH,35
RUH,DXB,215
RUH,DWC,1
RUH,SHJ,16
RUH,LHR,32
RUH,STN,1
RUH,JFK,4
RUH,IAD,4
RUH,HAN,2
RUH,ADE,1
RZV,ESB,16
RZV,IST,42
RZV,SAW,22
RIZ,PKX,8
RIZ,CGQ,4
RIZ,CSX,4
RIZ,TFU,5
RIZ,CKG,8
RIZ,DLC,13
RIZ,FOC,0
RIZ,HAK,4
RIZ,HGH,4
RIZ,KHN,4
RIZ,PVG,8
RIZ,SHE,13
RIZ,SZX,8
RIZ,TSN,0
RIZ,WUH,8
RNE,NO,0
ROA,ALN,0
ROA,PDK,0
ROA,ATL,22
ROA,CRW,3
ROA,CLT,53
ROA,CHO,1
ROA,ORD,16
ROA,ECG,0
ROA,GSO,1
ROA,HYA,1
ROA,IND,0
ROA,ISM,0
ROA,LYH,0
ROA,MNZ,6
ROA,MEM,1
ROA,LGA,14
ROA,ORF,0
ROA,SFB,2
ROA,PIA,1
ROA,PHL,14
ROA,RDU,0
ROA,PIE,2
ROA,TCL,0
ROA,IAD,22
ROA,PBI,1
RTB,BZE,4
RTB,SAL,7
RTB,LCE,24
RTB,SAP,28
RTB,TGU,21
RTB,UII,1
RTB,ATL,1
RTB,DFW,1
RTB,DEN,1
RTB,IAH,8
RTB,MIA,8
RTB,OPF,0
RCO,NO,0
RCS,NO,0
ROC,ATL,23
ROC,AVP,0
ROC,BWI,22
ROC,BED,1
ROC,BCT,0
ROC,BOS,30
ROC,CLT,23
ROC,MDW,14
ROC,ORD,40
ROC,CVG,1
ROC,DXR,0
ROC,DTW,31
ROC,ELM,1
ROC,FWA,0
ROC,JAN,0
ROC,JHW,0
ROC,MHT,0
ROC,MLB,1
ROC,MEM,2
ROC,MYR,4
ROC,ACK,1
ROC,APF,1
ROC,JFK,42
ROC,LGA,21
ROC,EWR,39
ROC,IAG,6
ROC,MCO,9
ROC,PHL,24
ROC,AGC,0
ROC,PBG,2
ROC,RDU,1
ROC,RIC,0
ROC,SYR,1
ROC,TPA,1
ROC,TEB,1
ROC,IAD,22
ROC,DCA,23
ROC,HPN,1
RST,,0
RST,YYZ,1
RST,BER,0
RST,AMW,0
RST,BCT,0
RST,CID,0
RST,DPA,0
RST,ORD,24
RST,DTL,0
RST,DIK,0
RST,DBQ,0
RST,EKI,0
RST,FAR,0
RST,IND,0
RST,OGG,0
RST,MSN,1
RST,MKT,0
RST,MQT,0
RST,MEM,1
RST,TMB,1
RST,QQA,0
RST,FCM,0
RST,MSP,16
RST,APF,1
RST,BNA,0
RST,ONT,0
RST,SUS,0
RST,SVH,0
RST,WLD,0
RST,TPA,0
RST,VNY,2
RST,ONA,0
RCR,AMW,1
RKH,QQR,1
RKH,CLT,0
RKH,DAY,1
RKH,SAV,0
RKH,VRB,0
RKH,RBW,0
RSD,GGT,3
RSD,GHB,5
RSD,NAS,49
RSD,ELH,3
RSD,PBI,0
RKS,CPR,1
RKS,DEN,11
RKS,GNG,0
RKS,LAR,0
RKS,SLC,1
ROK,BNE,85
ROK,CNS,3
ROK,MKY,18
ROK,MEL,4
ROK,MCY,3
ROK,TSV,3
RKD,BOS,32
RKD,JZI,0
RKD,MHT,0
RKD,PHL,0
RKD,TEB,0
RKD,WVL,0
RKD,HPN,0
RKD,BDL,1
RKP,QQD,0
RKP,HYI,0
RWI,CHA,1
RWI,USA,0
RWI,MEM,1
RWI,MLI,0
RWI,EDE,0
RWI,IAD,1
RDZ,CRL,3
RDZ,MPL,0
RDZ,CDG,1
RDZ,LBG,1
RDZ,ORY,13
RDZ,PGF,0
RDZ,DUB,3
RDZ,STN,2
RRG,MRU,32
RRG,RUN,1
ROG,ATL,0
ROG,SSI,1
ROG,DAL,1
ROG,BJC,0
ROG,DSI,0
ROG,HOT,0
ROG,IDP,0
ROG,LIT,0
ROG,MOB,0
ROG,PHX,1
ROG,SAV,1
ROG,SUS,0
ROG,TUL,0
ROI,DMK,22
RMA,BNE,28
RMA,CTL,8
RME,BGR,0
RME,BTV,0
RME,JPX,0
RME,FRG,0
RME,BGM,0
RME,ITH,1
RME,MVL,0
RME,TEB,0
RMG,ABY,1
RMG,AUO,0
RMG,PWK,0
ROO,VCP,8
RNN,AAL,6
RNN,AAR,1
RNN,BLL,9
RNN,CPH,76
RNN,SGD,4
RNN,LBC,0
RNN,LUX,0
RNB,HEL,1
RNB,AGH,0
RNB,ARN,19
RNB,BMA,20
RRS,OSL,14
RVK,OSY,6
RVK,TRD,14
ROS,AEP,16
ROS,EZE,4
ROS,MDZ,4
ROS,IGR,4
ROS,SLA,4
ROS,BRC,4
ROS,GIG,2
ROS,GRU,1
ROS,PTY,8
ROX,NO,0
RBG,NO,0
RKE,AAR,1
RKE,BLL,1
RKE,RNN,1
RKE,BYR,3
RKE,RKE,1
RKE,SGD,1
RKE,LME,1
RKE,OSL,1
RKE,MMX,2
RKE,LTN,1
RET,BOO,7
RET,SVJ,7
RLG,DUS,1
RLG,HER,1
RLG,LIN,1
RLG,LJU,0
RLG,AYT,3
ROV,SVO,3
ROV,LED,6
ROW,DFW,16
ROW,MSP,1
ROW,ONT,1
ROP,SPN,15
ROZ,NO,0
RTI,NO,0
ROT,AKL,16
ROT,CHC,16
ROT,WLG,21
RTM,DBV,4
RTM,PUY,3
RTM,SPU,6
RTM,ZAD,2
RTM,AUF,1
RTM,BIA,2
RTM,EGC,4
RTM,MPL,2
RTM,LBG,1
RTM,SNR,1
RTM,SXB,1
RTM,TLN,5
RTM,FMM,1
RTM,MUC,1
RTM,FMO,1
RTM,WVN,1
RTM,CFU,2
RTM,HER,6
RTM,KGS,4
RTM,RHO,2
RTM,ZTH,1
RTM,GCI,1
RTM,BDS,2
RTM,BGY,4
RTM,PMO,2
RTM,PEG,2
RTM,FCO,5
RTM,RIX,1
RTM,AHU,3
RTM,FEZ,1
RTM,RAK,2
RTM,NDR,2
RTM,TNG,2
RTM,AMS,3
RTM,QHS,1
RTM,FAO,12
RTM,LIS,5
RTM,ALC,13
RTM,LEI,4
RTM,BCN,8
RTM,FUE,1
RTM,GRO,7
RTM,LPA,5
RTM,IBZ,16
RTM,ACE,1
RTM,AGP,15
RTM,PMI,5
RTM,TFS,6
RTM,VLC,4
RTM,ZRH,1
RTM,AYT,5
RTM,EDI,5
RTM,LCY,32
RTM,OXF,1
RTS,NO,0
RTA,NAN,2
RTA,SUV,1
RRK,BBI,8
RVN,HEL,32
RVN,KUO,1
RXS,MNL,35
RYN,NO,0
RBY,FAI,6
RBY,GAL,2
RBY,HSL,7
RBY,TAL,1
RUI,NO,0
RBX,NO,0
RMN,NO,0
RUP,GAU,10
RUP,CCU,10
RBQ,LPB,6
RUR,PPT,3
RUR,RMT,1
RUR,TUB,2
RSH,ANI,6
RSH,BET,0
RSN,EDC,1
RSN,BTR,1
RTG,KOE,4
RUT,BOS,24
RUT,EGE,1
RZE,TIA,1
RZE,ZAD,2
RZE,ZAG,1
RZE,SSH,1
RZE,BER,1
RZE,FRA,1
RZE,MUC,8
RZE,HER,1
RZE,EFL,2
RZE,RHO,1
RZE,DUB,2
RZE,FCO,2
RZE,GDN,2
RZE,WAW,38
RZE,AYT,2
RZE,BRS,2
RZE,LTN,4
RZE,STN,8
RZE,MAN,2
RZE,EMA,2
RZE,EWR,1
RUN,MRS,2
RUN,CDG,12
RUN,ORY,25
RUN,TNR,9
RUN,DIE,2
RUN,NOS,4
RUN,TMM,2
RUN,TLE,1
RUN,MRU,61
RUN,RRG,1
RUN,DZA,18
RUN,SEZ,3
RUN,JNB,3
RUN,BKK,2
RHV,NO,0
RIA,POA,9
RSA,AEP,7
RTE,NO,0
RVE,BOG,4
RVE,BGA,9
RUD,NO,0
RKZ,CTU,8
RKZ,CKG,3
RKZ,XIY,5
REP,PNH,17
REP,KOS,4
REP,KMG,4
REP,PVG,0
REP,PKZ,1
REP,KUL,8
REP,SIN,12
REP,PUS,4
REP,DMK,22
REP,BKK,24
REP,DAD,5
REP,HAN,10
REP,SGN,16
RBM,NO,0
RMQ,HKG,8
RMQ,HUN,3
RMQ,KNH,72
RMQ,LZN,24
RMQ,MZG,77
RMQ,HAN,4
RMQ,SGN,12
RHD,AEP,2
RMZ,KZN,3
RMZ,KJA,2
RMZ,DME,4
RMZ,NBC,2
RMZ,LED,1
REL,BHI,4
REL,AEP,11
REL,EZE,6
REL,CRD,3
REL,COR,2
RVS,BHM,1
RVS,SFO,1
RBW,NO,0
RRT,NO,0
RDO,TIA,1
RDO,CDG,3
RDO,PVK,0
RDO,FCO,3
RGN,DAC,2
RGN,PNH,4
RGN,PEK,1
RGN,CAN,8
RGN,HGH,3
RGN,KMG,10
RGN,NNG,4
RGN,PVG,3
RGN,XMN,3
RGN,MAA,1
RGN,DEL,3
RGN,CCU,3
RGN,KUL,24
RGN,VBA,1
RGN,VBP,1
RGN,TVY,29
RGN,HEH,34
RGN,KMV,21
RGN,KAW,3
RGN,KET,10
RGN,KYP,5
RGN,LSH,32
RGN,LIW,5
RGN,MDL,45
RGN,MNU,4
RGN,MGZ,17
RGN,MYT,7
RGN,NYT,5
RGN,NYU,26
RGN,AKY,31
RGN,THL,31
RGN,SNW,24
RGN,SIN,31
RGN,ICN,5
RGN,TPE,5
RGN,DMK,9
RGN,BKK,63
RGN,CNX,2
RGN,HKT,3
RGN,DXB,4
RGN,HAN,3
RGN,SGN,2
RSU,CJU,24
RSU,GMP,24
RNJ,KOJ,8
RNJ,OKA,12
