Departure,Arrival,Number of flights
SCO,EVN,2
SCO,GYD,8
SCO,KUT,3
SCO,TBS,4
SCO,AKX,7
SCO,ALA,35
SCO,NQZ,22
SCO,GUW,16
SCO,KOV,3
SCO,CIT,11
SCO,HSA,3
SCO,ASF,4
SCO,GRV,1
SCO,KZN,2
SCO,MCX,1
SCO,MRV,1
SCO,SVO,3
SCO,VKO,3
SCO,ZIA,3
SCO,AER,2
SCO,SVX,3
SCO,AYT,2
SCO,IST,9
SCO,LHR,6
SCO,NCU,1
SKB,ANU,5
SKB,NAS,1
SKB,BGI,3
SKB,SDQ,2
SKB,SXM,16
SKB,SJU,9
SKB,NEV,14
SKB,SLU,1
SKB,ATL,1
SKB,FLL,1
SKB,MIA,10
SKB,EIS,3
SKB,STX,3
SKB,STT,4
SSI,AVL,1
SSI,AHN,1
SSI,CHA,1
SSI,SFB,1
SSI,IAD,1
SSI,PBI,2
SLU,ANU,2
SLU,BGI,21
SLU,DOM,12
SLU,FDF,2
SLU,SVD,8
SLU,POS,4
SCC,ANC,20
SCC,BRW,5
SCC,BTI,3
SCC,NUI,3
SID,BRU,5
SID,VCP,6
SID,GRU,2
SID,BVC,1
SID,RAI,15
SID,SNE,2
SID,VXE,8
SID,LBG,1
SID,DUS,1
SID,FRA,1
SID,HAJ,1
SID,MUC,1
SID,STR,2
SID,BGY,1
SID,MXP,1
SID,CIA,1
SID,FCO,1
SID,VRN,1
SID,LUX,1
SID,AMS,5
SID,WAW,1
SID,LIS,11
SID,DSS,1
SID,BTS,1
SID,BCN,1
SID,LPA,1
SID,MAD,1
SID,ZRH,1
SID,BHX,2
SID,BRS,1
SID,LGW,2
SID,STN,1
SID,MAN,3
SID,BZZ,1
SUU,HNL,1
SPX,LXR,1
SPX,FRA,2
SPX,MUC,1
SPX,MXP,1
SPX,FCO,1
SPX,AMM,3
SPX,KWI,5
SPX,JED,2
SPX,MED,1
SPX,YNB,1
SUN,DEN,9
SUN,LAX,2
SUN,PDX,1
SUN,SLC,17
SUN,SFO,3
SUN,SJC,2
SUN,SEA,9
SOB,BER,1
SGN,BNE,0
SGN,MEL,17
SGN,SYD,15
SGN,BWN,4
SGN,PNH,32
SGN,REP,16
SGN,KOS,8
SGN,PEK,3
SGN,CTU,4
SGN,TFU,2
SGN,CKG,3
SGN,DYG,7
SGN,CAN,20
SGN,KMG,4
SGN,NNG,17
SGN,PVG,28
SGN,SZX,17
SGN,XMN,8
SGN,CDG,6
SGN,FRA,6
SGN,HKG,45
SGN,AMD,8
SGN,DEL,8
SGN,CCU,7
SGN,BOM,8
SGN,DPS,24
SGN,CGK,11
SGN,FUK,2
SGN,NGO,4
SGN,KIX,15
SGN,HND,16
SGN,NRT,41
SGN,PKZ,4
SGN,JHB,8
SGN,KUL,82
SGN,SZB,2
SGN,PEN,15
SGN,RGN,2
SGN,KHI,2
SGN,MNL,19
SGN,DOH,19
SGN,SIN,109
SGN,PUS,15
SGN,ICN,99
SGN,YNY,3
SGN,KHH,15
SGN,RMQ,12
SGN,TPE,67
SGN,DMK,24
SGN,BKK,97
SGN,CNX,8
SGN,HKT,8
SGN,IST,3
SGN,DXB,8
SGN,LGW,1
SGN,LHR,1
SGN,SFO,5
SGN,BMV,38
SGN,CAH,6
SGN,VCL,63
SGN,VCS,127
SGN,DLI,65
SGN,DAD,274
SGN,VDH,35
SGN,HPH,120
SGN,HAN,514
SGN,HUI,117
SGN,CXR,108
SGN,PQC,194
SGN,PXU,36
SGN,VDO,10
SGN,UIH,76
SGN,VKG,3
SGN,THD,82
SGN,TBB,24
SGN,VII,124
SAW,TIA,11
SAW,EVN,7
SAW,VIE,25
SAW,GYD,26
SAW,GNJ,2
SAW,BAH,14
SAW,BRU,8
SAW,CRL,14
SAW,SJJ,16
SAW,PDV,2
SAW,PRG,9
SAW,CPH,20
SAW,CAI,7
SAW,HRG,12
SAW,SSH,9
SAW,HEL,5
SAW,BSL,21
SAW,LYS,16
SAW,MRS,8
SAW,CDG,28
SAW,BUS,4
SAW,TBS,27
SAW,BER,27
SAW,CGN,42
SAW,DUS,40
SAW,FRA,24
SAW,HAM,18
SAW,HAJ,15
SAW,LEJ,7
SAW,MUC,21
SAW,NUE,6
SAW,STR,27
SAW,ATH,11
SAW,RHO,3
SAW,BUD,12
SAW,TBZ,4
SAW,IKA,16
SAW,OMH,2
SAW,BGW,30
SAW,BSR,2
SAW,EBL,19
SAW,TLV,57
SAW,BLQ,8
SAW,BGY,38
SAW,FCO,25
SAW,VCE,4
SAW,AMM,5
SAW,ALA,5
SAW,NQZ,3
SAW,CIT,2
SAW,HSA,3
SAW,PRN,13
SAW,KWI,39
SAW,FRU,16
SAW,OSS,5
SAW,BEY,16
SAW,MRA,1
SAW,CMN,17
SAW,TNG,2
SAW,AMS,40
SAW,EIN,4
SAW,SKP,9
SAW,OSL,7
SAW,MCT,9
SAW,KHI,4
SAW,DOH,30
SAW,OTP,6
SAW,VKO,16
SAW,LED,8
SAW,DMM,17
SAW,JED,23
SAW,MED,14
SAW,RUH,27
SAW,BEG,5
SAW,BCN,11
SAW,MAD,12
SAW,ARN,18
SAW,GVA,8
SAW,ZRH,22
SAW,ADA,75
SAW,ADF,7
SAW,AJI,5
SAW,ESB,97
SAW,HTY,8
SAW,AYT,165
SAW,BAL,7
SAW,BGG,2
SAW,BJV,116
SAW,DLM,101
SAW,DNZ,13
SAW,DIY,32
SAW,EDO,18
SAW,EZS,16
SAW,ECN,83
SAW,ERC,12
SAW,ERZ,24
SAW,GZT,35
SAW,GZP,8
SAW,IGD,6
SAW,ADB,112
SAW,KSY,12
SAW,ASR,55
SAW,KYA,28
SAW,MLX,15
SAW,MQM,15
SAW,MZH,3
SAW,MSR,6
SAW,NAV,12
SAW,OGU,34
SAW,RZV,23
SAW,SZF,39
SAW,GNY,14
SAW,NKT,4
SAW,VAS,15
SAW,TJK,4
SAW,TZX,96
SAW,VAN,25
SAW,AUH,8
SAW,DXB,28
SAW,SHJ,23
SAW,LHR,5
SAW,STN,56
SAW,MAN,25
SWA,PEK,8
SWA,PKX,36
SWA,CSX,29
SWA,CZX,6
SWA,CTU,8
SWA,TFU,26
SWA,JUH,4
SWA,CKG,28
SWA,DYG,5
SWA,DZH,4
SWA,CAN,9
SWA,KWL,13
SWA,KWE,12
SWA,HAK,20
SWA,HGH,45
SWA,HRB,1
SWA,HFE,12
SWA,HNY,4
SWA,TXN,4
SWA,JGS,4
SWA,KMG,26
SWA,LYI,8
SWA,LZH,8
SWA,LYA,1
SWA,LZO,2
SWA,LUM,2
SWA,KHN,12
SWA,NKG,22
SWA,NNG,8
SWA,NNY,7
SWA,NGB,12
SWA,TAO,4
SWA,BAR,4
SWA,SYX,8
SWA,SHA,16
SWA,PVG,64
SWA,HSC,4
SWA,SJW,6
SWA,TYN,8
SWA,WNZ,8
SWA,WUH,34
SWA,XIY,8
SWA,WUT,4
SWA,XUZ,8
SWA,YBP,7
SWA,YIH,5
SWA,YIW,19
SWA,ZHA,14
SWA,CGO,16
SWA,HSN,8
SWA,ZUH,3
SWA,WMT,4
SWA,KUL,0
SWA,DMK,8
SHS,PKX,8
SHS,TFU,4
SHS,FOC,3
SHS,CAN,8
SHS,KWE,4
SHS,HAK,4
SHS,HGH,4
SHS,TNA,8
SHS,KMG,8
SHS,LHW,4
SHS,NNG,4
SHS,TAO,4
SHS,SYX,4
SHS,PVG,8
SHS,SZX,8
SHS,WNZ,4
SHS,WUX,4
SHS,XIY,8
SHS,XMN,4
SHS,XNN,4
SFJ,BLL,2
SFJ,CPH,6
SFJ,JEG,5
SFJ,JAV,31
SFJ,JSU,4
SFJ,GOH,47
SFJ,THU,1
SFJ,JHS,13
SVD,BGI,33
SVD,HAV,1
SVD,GND,8
SVD,CRU,5
SVD,SLU,5
SVD,CIW,20
SVD,MQS,22
SVD,POS,4
SVD,MIA,7
SVD,JFK,1
SVD,CCS,1
SZB,NNG,4
SZB,HKG,16
SZB,BTH,8
SZB,CGK,5
SZB,AOR,36
SZB,JHB,38
SZB,KBR,71
SZB,BKI,16
SZB,TGG,42
SZB,KUA,4
SZB,KCH,17
SZB,LBU,2
SZB,LGK,33
SZB,PEN,81
SZB,RDN,9
SZB,TOD,6
SZB,SIN,4
SZB,XSP,48
SZB,HAN,1
SVP,LAD,1
SVP,SPP,1
SPC,DUS,1
SPC,MUC,1
SPC,AMS,1
SPC,BCN,1
SPC,BIO,1
SPC,LPA,44
SPC,ACE,2
SPC,MAD,12
SPC,TFN,145
SPC,TFS,16
SPC,LGW,2
SUF,INN,2
SUF,SZG,2
SUF,VIE,5
SUF,BRU,2
SUF,CRL,3
SUF,YYZ,1
SUF,BRQ,1
SUF,PRG,5
SUF,HEL,1
SUF,BSL,2
SUF,ORY,2
SUF,CGN,1
SUF,DUS,7
SUF,FRA,2
SUF,FKB,4
SUF,FMM,2
SUF,MUC,5
SUF,NUE,3
SUF,STR,4
SUF,BLQ,14
SUF,BZO,2
SUF,VBS,5
SUF,GOA,2
SUF,BGY,21
SUF,LIN,24
SUF,MXP,53
SUF,PSA,7
SUF,CIA,1
SUF,FCO,23
SUF,TRN,11
SUF,VCE,8
SUF,VRN,6
SUF,LUX,2
SUF,MLA,6
SUF,KRK,2
SUF,WAW,1
SUF,GVA,2
SUF,ZRH,5
SUF,LGW,1
SUF,STN,4
SUF,MAN,1
STN,TIA,5
STN,INN,1
STN,KLU,2
STN,SZG,5
STN,VIE,16
STN,LGG,6
STN,PDV,3
STN,SOF,19
STN,KOS,1
STN,CAN,15
STN,SZX,2
STN,DBV,5
STN,OSI,2
STN,PUY,3
STN,RJK,3
STN,SPU,4
STN,ZAD,5
STN,ZAG,8
STN,LCA,6
STN,PFO,16
STN,BRQ,8
STN,OSR,2
STN,PRG,20
STN,AAL,4
STN,AAR,10
STN,BLL,21
STN,CPH,24
STN,SSH,1
STN,TLL,5
STN,HEL,7
STN,TMP,3
STN,EGC,7
STN,BZR,4
STN,BIQ,8
STN,BOD,8
STN,BVE,2
STN,CCF,8
STN,LRH,6
STN,LME,1
STN,LIG,8
STN,LYS,1
STN,MRS,16
STN,NTE,10
STN,NCE,8
STN,FNI,3
STN,CDG,1
STN,PGF,6
STN,PIS,4
STN,RDZ,2
STN,LDE,7
STN,TLS,12
STN,TUF,3
STN,BER,25
STN,BRE,9
STN,CGN,22
STN,DTM,8
STN,DRS,3
STN,FRA,5
STN,HHN,9
STN,HAM,15
STN,FKB,9
STN,LEJ,3
STN,FMM,5
STN,NUE,9
STN,PVK,5
STN,ATH,11
STN,CHQ,6
STN,CFU,14
STN,HER,14
STN,KLX,2
STN,EFL,10
STN,KGS,6
STN,MJT,2
STN,RHO,17
STN,JTR,6
STN,JSI,4
STN,SKG,10
STN,ZTH,8
STN,BUD,33
STN,KEF,8
STN,ORK,23
STN,DUB,65
STN,KIR,7
STN,NOC,12
STN,SNN,19
STN,AHO,4
STN,AOI,8
STN,BRI,8
STN,BLQ,14
STN,BDS,7
STN,CAG,5
STN,CTA,3
STN,GOA,6
STN,SUF,4
STN,BGY,32
STN,MXP,28
STN,NAP,13
STN,OLB,1
STN,PMO,8
STN,PEG,8
STN,PSR,8
STN,PSA,22
STN,RMI,4
STN,CIA,34
STN,FCO,5
STN,TPS,2
STN,TRS,5
STN,TRN,9
STN,VCE,24
STN,VRN,8
STN,JER,1
STN,RIX,13
STN,KUN,6
STN,PLQ,4
STN,VNO,7
STN,LUX,9
STN,MLA,11
STN,TGD,3
STN,AGA,3
STN,ESU,3
STN,FEZ,2
STN,RAK,13
STN,OZZ,2
STN,RBA,4
STN,TNG,2
STN,AMS,23
STN,EIN,24
STN,MST,3
STN,BGO,3
STN,OSL,13
STN,TRF,6
STN,BZG,4
STN,GDN,16
STN,KTW,10
STN,KRK,22
STN,LCJ,6
STN,SZY,2
STN,POZ,10
STN,RZE,8
STN,SZZ,7
STN,WMI,23
STN,WRO,12
STN,FAO,34
STN,FNC,9
STN,LIS,28
STN,PDL,1
STN,OPO,24
STN,OTP,27
STN,CLJ,4
STN,BTS,6
STN,KSC,6
STN,ALC,32
STN,LEI,4
STN,OVD,3
STN,BCN,32
STN,CDT,3
STN,FUE,10
STN,GRO,14
STN,LPA,16
STN,IBZ,29
STN,XRY,4
STN,ACE,18
STN,MAD,24
STN,MAH,13
STN,AGP,28
STN,RMU,12
STN,PMI,44
STN,REU,11
STN,SDR,7
STN,SCQ,8
STN,SVQ,11
STN,TFS,32
STN,VLC,12
STN,VGO,4
STN,ZAZ,5
STN,GOT,7
STN,ORB,2
STN,ARN,11
STN,VST,2
STN,VXO,2
STN,ESB,4
STN,AYT,30
STN,BJV,4
STN,DLM,18
STN,SAW,54
STN,ADB,10
STN,ASB,1
STN,DXB,16
STN,BFS,42
STN,EDI,43
STN,FAB,1
STN,GLA,23
STN,PIK,1
STN,LTN,1
STN,MAN,1
STN,NQY,4
SDF,YHM,1
SDF,YMX,1
SDF,YYZ,1
SDF,YVR,1
SDF,CGN,3
SDF,DUB,1
SDF,NRT,1
SDF,MEX,1
SDF,MTY,1
SDF,SJU,2
SDF,DXB,1
SDF,ALB,1
SDF,ABY,1
SDF,ABQ,1
SDF,ANC,4
SDF,ATL,68
SDF,AUS,3
SDF,BWI,18
SDF,BKW,5
SDF,BIL,1
SDF,BHM,1
SDF,BOI,1
SDF,BOS,25
SDF,BUF,1
SDF,BUR,2
SDF,CID,1
SDF,CHS,2
SDF,CRW,6
SDF,CLT,38
SDF,DPA,1
SDF,PWK,1
SDF,MDW,25
SDF,ORD,65
SDF,RFD,3
SDF,CLE,1
SDF,CAE,1
SDF,OSU,1
SDF,LCK,1
SDF,DFW,49
SDF,DAL,2
SDF,DEC,6
SDF,DEN,27
SDF,VPS,4
SDF,DTW,25
SDF,FAR,1
SDF,FLL,11
SDF,FWA,1
SDF,FAT,1
SDF,GSO,1
SDF,GSP,1
SDF,GPT,1
SDF,MDT,1
SDF,HNL,3
SDF,IAH,26
SDF,HOU,7
SDF,HSV,1
SDF,JAN,1
SDF,JAX,1
SDF,MCI,1
SDF,TYS,1
SDF,LFT,1
SDF,LAN,1
SDF,LAS,13
SDF,LIT,1
SDF,LAX,10
SDF,LBB,1
SDF,MHT,2
SDF,MFE,1
SDF,MEM,3
SDF,MIA,12
SDF,MKE,1
SDF,MSP,19
SDF,MYR,1
SDF,MSY,4
SDF,JFK,3
SDF,LGA,35
SDF,EWR,26
SDF,SWF,1
SDF,OAK,3
SDF,OKC,1
SDF,OMA,1
SDF,ONT,3
SDF,MCO,20
SDF,SFB,4
SDF,PNS,1
SDF,PIA,1
SDF,PHL,27
SDF,PHX,5
SDF,PIT,1
SDF,PDX,3
SDF,PVD,1
SDF,PGD,2
SDF,RDU,4
SDF,RNO,1
SDF,RIC,2
SDF,ROA,1
SDF,MHR,1
SDF,SLC,1
SDF,SAT,2
SDF,SAN,1
SDF,SFO,2
SDF,SRQ,2
SDF,SAV,2
SDF,BFI,3
SDF,FSD,1
SDF,SBN,1
SDF,RSW,1
SDF,GEG,2
SDF,SGF,1
SDF,STL,1
SDF,PIE,2
SDF,SYR,1
SDF,TPA,14
SDF,HUF,1
SDF,TEB,1
SDF,TVC,6
SDF,TUL,1
SDF,IAD,25
SDF,DCA,24
SDF,PBI,1
SDF,ICT,1
SDF,BDL,1
SDD,CBT,2
SDD,LAD,25
SON,BNE,2
SON,ZGU,3
SON,LOD,1
SON,LNE,2
SON,MWF,2
SON,NUS,7
SON,VLI,12
SON,SSR,3
SON,SLH,3
SON,WLH,3
SSG,COO,2
SSG,DLA,15
SSG,BSG,32
SSG,ADD,5
SSG,LBV,3
SSG,CMN,3
SSG,LOS,5
SSG,PHC,1
SSG,MAD,1
SSG,LFW,3
SHO,CPT,3
SHO,DUR,8
SHO,JNB,40
SHO,HRE,4
SPP,SVP,1
SPP,LAD,2
SNB,NO,0
SVO,KBL,1
SVO,ALG,3
SVO,EVN,57
SVO,VIE,2
SVO,GYD,24
SVO,GNJ,1
SVO,MSQ,48
SVO,BRU,8
SVO,PEK,13
SVO,PKX,13
SVO,CTU,4
SVO,TFU,2
SVO,CKG,2
SVO,CAN,5
SVO,HGH,1
SVO,TAO,3
SVO,PVG,19
SVO,XIY,6
SVO,CGO,3
SVO,CCC,2
SVO,VRA,4
SVO,CAI,8
SVO,HRG,11
SVO,SSH,10
SVO,FRA,3
SVO,DEL,8
SVO,IKA,8
SVO,SCO,3
SVO,AKX,5
SVO,ALA,19
SVO,NQZ,24
SVO,GUW,4
SVO,KGF,8
SVO,KSN,3
SVO,FRU,16
SVO,OSS,8
SVO,IKU,5
SVO,MLE,4
SVO,AMS,2
SVO,MCT,6
SVO,DOH,14
SVO,ABA,8
SVO,DYR,3
SVO,KVK,8
SVO,ARH,6
SVO,ASF,32
SVO,BAX,8
SVO,OGZ,3
SVO,CEK,47
SVO,CEE,18
SVO,RGK,16
SVO,GRV,8
SVO,IKT,28
SVO,IJK,32
SVO,KGD,90
SVO,KZN,87
SVO,KEJ,8
SVO,KHV,33
SVO,HMA,16
SVO,KRR,4
SVO,KJA,32
SVO,GDX,10
SVO,MCX,43
SVO,MRV,57
SVO,MMK,53
SVO,NBC,24
SVO,NJC,16
SVO,GOJ,48
SVO,NOZ,8
SVO,OVB,41
SVO,NUX,16
SVO,OMS,24
SVO,REN,50
SVO,OSW,8
SVO,PEZ,8
SVO,PEE,48
SVO,PKC,16
SVO,PES,2
SVO,ROV,3
SVO,SLY,4
SVO,KUF,77
SVO,SKX,6
SVO,GSV,24
SVO,AER,165
SVO,LED,230
SVO,STW,32
SVO,SGC,24
SVO,SCW,19
SVO,TOF,17
SVO,TJM,49
SVO,UFA,54
SVO,UCT,6
SVO,UUD,6
SVO,ULV,24
SVO,VVO,41
SVO,VOG,37
SVO,SVX,103
SVO,UUS,16
SVO,BEG,16
SVO,SEZ,2
SVO,CMB,2
SVO,DAM,2
SVO,KQT,8
SVO,BKK,3
SVO,HKT,4
SVO,ADA,4
SVO,AYT,64
SVO,BJV,12
SVO,DLM,8
SVO,IST,51
SVO,ADB,4
SVO,SIP,3
SVO,AUH,8
SVO,DXB,16
SVO,BHK,6
SVO,FEG,3
SVO,SKD,8
SVO,TAS,12
SHB,CTS,24
SHB,HND,8
SHM,HND,24
SWF,KEF,8
SWF,MDT,1
SWF,SDF,1
SWF,MEM,1
SWF,MMU,1
SWF,MYR,2
SWF,MCO,3
SWF,PIE,2
SZY,LBG,1
SZY,DTM,2
SZY,KRK,6
SZY,WRO,3
SZY,LTN,2
SZY,STN,2
SFB,MHH,1
SFB,CAK,3
SFB,ABE,13
SFB,ATW,2
SFB,AVL,11
SFB,AUS,2
SFB,BGR,4
SFB,BLV,4
SFB,XNA,4
SFB,BIS,2
SFB,BMI,4
SFB,TRI,2
SFB,CID,3
SFB,CHA,2
SFB,RFD,3
SFB,CVG,10
SFB,CKB,3
SFB,LCK,4
SFB,USA,4
SFB,DAY,3
SFB,DSM,4
SFB,ELM,2
SFB,EVV,3
SFB,FAR,2
SFB,FRG,1
SFB,FNT,4
SFB,FWA,4
SFB,GRR,7
SFB,GSP,3
SFB,GPT,2
SFB,HGR,2
SFB,MDT,7
SFB,HTS,4
SFB,IND,6
SFB,EYW,1
SFB,TYS,12
SFB,LAS,3
SFB,LEX,6
SFB,LIT,3
SFB,SDF,4
SFB,MFE,3
SFB,MEM,3
SFB,MOB,1
SFB,MLI,2
SFB,BNA,4
SFB,ORF,2
SFB,OKC,2
SFB,OMA,3
SFB,SFB,1
SFB,PIA,2
SFB,PIT,4
SFB,PBG,2
SFB,PSM,3
SFB,PVU,3
SFB,ROA,2
SFB,SHV,2
SFB,FSD,2
SFB,SBN,3
SFB,SGF,4
SFB,PIE,1
SFB,SYR,3
SFB,TOL,2
SFB,TUL,3
SFB,ICT,2
SFZ,NO,0
SYM,TFU,4
SYM,CKG,3
SYM,KMG,5
SHP,NO,0
SDU,CNF,88
SDU,BSB,141
SDU,CPV,2
SDU,VCP,87
SDU,CAW,20
SDU,CXJ,2
SDU,CWB,64
SDU,FLN,45
SDU,GYN,21
SDU,MCZ,1
SDU,NVT,11
SDU,POA,65
SDU,BPS,12
SDU,REC,30
SDU,RAO,8
SDU,SSA,44
SDU,CGH,383
SDU,GRU,110
SDU,VIX,73
SDU,GTP,7
SCN,LBG,1
SCN,BER,12
SCN,CGN,1
SCN,HAM,3
SCN,HER,1
SCN,FUE,1
SCN,LPA,1
SCN,PMI,16
SCN,TFS,1
SCN,AYT,10
SCN,ADB,1
SAB,SXM,22
SBG,NO,0
SBT,NO,0
SEB,BEN,1
SEB,MJI,4
SAC,APA,1
SAC,FAT,1
SMF,YYZ,5
SMF,YVR,8
SMF,GDL,16
SMF,MEX,2
SMF,SJD,2
SMF,BJX,3
SMF,ACV,3
SMF,ATL,22
SMF,AUS,22
SMF,BOI,23
SMF,BOS,8
SMF,BUR,65
SMF,CLT,8
SMF,MDW,15
SMF,ORD,24
SMF,DFW,37
SMF,DAL,9
SMF,DEN,98
SMF,HNL,16
SMF,IAH,8
SMF,HOU,1
SMF,OGG,16
SMF,LAS,112
SMF,LGB,38
SMF,LAX,110
SMF,MEM,3
SMF,MSP,15
SMF,BNA,1
SMF,JFK,8
SMF,EWR,8
SMF,ONT,43
SMF,PSP,8
SMF,PHL,3
SMF,PHX,67
SMF,PDX,52
SMF,RDD,2
SMF,SLC,47
SMF,SAN,133
SMF,SFO,23
SMF,SNA,53
SMF,SBA,8
SMF,SEA,108
SMF,GEG,15
SMF,STL,8
SMF,UKI,1
SMF,IAD,8
SAD,NO,0
SBR,GIC,8
SBR,HID,21
SPD,DAC,95
STJ,NO,0
SMS,TNR,3
SNR,LBG,1
SNR,TLS,11
SNR,BER,1
SBK,NO,0
SFC,NO,0
SPN,GUM,11
SPN,NRT,3
SPN,ROP,2
SPN,TIQ,1
SPN,ICN,18
SYO,HND,31
SNO,DMK,29
SLL,JIB,1
SLL,COK,1
SLL,CCJ,4
SLL,KWI,1
SLL,MCT,48
SLL,ISB,2
SLL,LHE,1
SLL,SKT,1
SLL,DOH,8
SLL,MED,2
SLL,AUH,11
SLL,DXB,5
SLL,SHJ,10
SLM,PMI,3
SXE,NO,0
SLY,RGK,1
SLY,KZN,1
SLY,MRV,1
SLY,DME,8
SLY,SVO,4
SLY,OVB,1
SLY,NUX,2
SLY,NOJ,2
SLY,OMS,3
SLY,AER,5
SLY,LED,3
SLY,TJM,14
SLY,UFA,3
SLY,SVX,3
SXV,NO,0
SLE,PDX,2
SLO,NO,0
SCR,NO,0
SLT,NO,0
SLN,ORD,8
SLN,CMH,0
SLN,HYS,8
SLN,MSO,1
SNC,NO,0
SNS,NO,0
SBY,CLT,24
SBY,PHL,7
SRW,NO,0
SLC,YYC,16
SLC,YYZ,11
SLC,YVR,8
SLC,CDG,8
SLC,FRA,2
SLC,CUN,8
SLC,GDL,8
SLC,MEX,8
SLC,PVR,8
SLC,SJD,8
SLC,AMS,12
SLC,LHR,8
SLC,ABQ,25
SLC,ABE,1
SLC,ANC,5
SLC,ATL,71
SLC,AUS,40
SLC,BWI,10
SLC,BIL,24
SLC,BOI,40
SLC,BOS,32
SLC,BZN,32
SLC,BUR,31
SLC,BTM,15
SLC,CPR,8
SLC,CDC,14
SLC,CLT,29
SLC,MDW,16
SLC,ORD,62
SLC,RFD,1
SLC,CVG,16
SLC,COS,8
SLC,DFW,80
SLC,DAL,16
SLC,APA,5
SLC,DEN,165
SLC,BJC,1
SLC,DTW,37
SLC,EKO,9
SLC,EUG,16
SLC,FLL,13
SLC,FAT,24
SLC,GJT,1
SLC,GTF,24
SLC,SUN,18
SLC,HLN,16
SLC,HNL,8
SLC,IAH,48
SLC,HOU,10
SLC,IDA,25
SLC,IND,2
SLC,JAC,24
SLC,FCA,24
SLC,MCI,24
SLC,LAS,103
SLC,HSH,1
SLC,LWS,8
SLC,LGB,32
SLC,LAX,97
SLC,SDF,3
SLC,MFR,16
SLC,MEM,10
SLC,MIA,8
SLC,MKE,1
SLC,MSP,38
SLC,MSO,24
SLC,CNY,6
SLC,BNA,17
SLC,MSY,8
SLC,JFK,49
SLC,EWR,24
SLC,OAK,47
SLC,PWA,1
SLC,OKC,16
SLC,OMA,16
SLC,ONT,26
SLC,MCO,46
SLC,PSP,16
SLC,PSC,24
SLC,PHL,8
SLC,PHX,105
SLC,PIH,11
SLC,CLM,1
SLC,PDX,52
SLC,RDU,8
SLC,RDM,16
SLC,RNO,24
SLC,SMF,47
SLC,SAT,24
SLC,SEE,1
SLC,SAN,54
SLC,SFO,77
SLC,SJC,39
SLC,SNA,40
SLC,SBA,1
SLC,STS,1
SLC,SCF,1
SLC,BFI,1
SLC,SEA,85
SLC,GEG,40
SLC,SGU,28
SLC,STL,25
SLC,TPA,8
SLC,TEX,1
SLC,TUS,24
SLC,TUL,16
SLC,TWF,10
SLC,IAD,9
SLC,DCA,8
SLC,WYS,14
SLC,HPN,1
SLC,BDL,1
SLA,AEP,68
SLA,EZE,22
SLA,COR,15
SLA,MDZ,9
SLA,NQN,6
SLA,IGR,4
SLA,RES,2
SLA,ROS,4
SLA,VVI,2
SLA,GRU,1
SLW,NO,0
SSA,AEP,2
SSA,BRA,8
SSA,CNF,39
SSA,BSB,54
SSA,CPV,11
SSA,VCP,43
SSA,FOR,14
SSA,GYN,7
SSA,IOS,6
SSA,JPA,6
SSA,LEC,2
SSA,MCZ,6
SSA,NAT,5
SSA,PAV,2
SSA,BPS,10
SSA,REC,42
SSA,GIG,7
SSA,SDU,44
SSA,SLZ,7
SSA,CGH,103
SSA,GRU,62
SSA,TXF,2
SSA,VDC,7
SSA,VIX,6
SSA,LIS,8
SSA,MAD,3
SSA,GTP,7
SZG,BWK,1
SZG,LCA,2
SZG,HRG,3
SZG,BSL,1
SZG,CLY,1
SZG,LME,2
SZG,BER,7
SZG,CGN,5
SZG,DUS,13
SZG,FRA,26
SZG,HAM,9
SZG,LBC,1
SZG,QCP,1
SZG,STR,1
SZG,WVN,1
SZG,CFU,1
SZG,HER,3
SZG,AOK,1
SZG,KGS,1
SZG,RHO,4
SZG,SKG,1
SZG,ZTH,2
SZG,SUF,1
SZG,OLB,2
SZG,AMS,3
SZG,BEG,3
SZG,IBZ,2
SZG,PMI,10
SZG,QYZ,1
SZG,ACH,1
SZG,AYT,3
SZG,IST,7
SZG,DXB,5
SZG,BHX,1
SZG,LGW,8
SZG,STN,5
SZG,MAN,1
SKD,KZN,1
SKD,MRV,1
SKD,DME,5
SKD,SVO,8
SKD,VKO,6
SKD,OVB,2
SKD,KUF,1
SKD,AER,2
SKD,LED,8
SKD,UFA,1
SKD,SVX,1
SKD,IST,13
SKD,AUH,3
SKD,DXB,3
SKD,TAS,10
SVB,TNR,6
SVB,DIE,1
SMI,VIE,1
SMI,PRG,4
SMI,DUS,3
SMI,FRA,1
SMI,HAM,1
SMI,ATH,32
SMI,JKH,3
SMI,AOK,1
SMI,MJT,3
SMI,RHO,3
SMI,JTR,2
SMI,SKG,8
SMI,AMS,7
SMI,GOT,1
SMI,ARN,1
SMI,LGW,2
SMQ,CGK,8
SMQ,SUB,8
SZF,VIE,1
SZF,BER,1
SZF,DUS,5
SZF,FRA,1
SZF,HAJ,1
SZF,STR,3
SZF,BGW,4
SZF,LED,1
SZF,JED,2
SZF,MED,2
SZF,ESB,7
SZF,AYT,5
SZF,IST,40
SZF,SAW,38
SZF,ADB,4
SAQ,NAS,4
SAQ,FXE,1
SJT,AUS,2
SJT,DFW,24
SJT,SAT,1
SAT,CUN,13
SAT,GDL,9
SAT,MEX,30
SAT,MTY,16
SAT,PDS,1
SAT,QRO,1
SAT,BJX,2
SAT,ABQ,1
SAT,ATL,73
SAT,AUS,2
SAT,BWI,22
SAT,BOS,8
SAT,IFP,0
SAT,BUR,1
SAT,CHS,1
SAT,CLT,29
SAT,MDW,15
SAT,ORD,30
SAT,DFW,80
SAT,DAL,72
SAT,DRT,2
SAT,DEN,73
SAT,DTW,23
SAT,ELP,16
SAT,FDY,1
SAT,FLL,8
SAT,AFW,1
SAT,IAH,63
SAT,HOU,33
SAT,MCI,1
SAT,LRD,2
SAT,LAS,40
SAT,LAX,53
SAT,SDF,2
SAT,MEM,2
SAT,MIA,17
SAT,MSP,26
SAT,BNA,17
SAT,MSY,9
SAT,JFK,15
SAT,EWR,16
SAT,OKC,7
SAT,MCO,26
SAT,PHX,54
SAT,RIV,1
SAT,SLC,24
SAT,SAN,10
SAT,SFO,9
SAT,SEA,12
SAT,STL,8
SAT,TPA,10
SAT,ACT,1
SAT,IAD,16
SKF,NO,0
SSF,LRD,1
SBD,RFD,1
SBD,LAS,3
SBD,SDF,2
SBD,MEM,1
SBD,SFO,7
SQL,HHR,1
SQL,MRY,1
SQL,SBA,1
SCY,GYE,25
SAN,YYC,3
SAN,YUL,8
SAN,YYZ,16
SAN,YVR,18
SAN,MUC,3
SAN,NRT,5
SAN,PVR,3
SAN,SJD,12
SAN,LHR,8
SAN,ABQ,16
SAN,ATL,53
SAN,AUS,48
SAN,BWI,15
SAN,BLI,2
SAN,BOI,10
SAN,BOS,40
SAN,CLT,37
SAN,MDW,30
SAN,ORD,60
SAN,CVG,1
SAN,CLE,4
SAN,DFW,75
SAN,DAL,30
SAN,DEN,130
SAN,DSM,2
SAN,DTW,28
SAN,ELP,8
SAN,EUG,5
SAN,PAE,16
SAN,FLL,8
SAN,FAT,21
SAN,HNL,32
SAN,IAH,40
SAN,HOU,18
SAN,IDA,2
SAN,IPL,2
SAN,IND,2
SAN,JAC,2
SAN,OGG,15
SAN,MCI,16
SAN,KOA,8
SAN,LAS,157
SAN,LIH,8
SAN,LAX,48
SAN,SDF,2
SAN,MFR,2
SAN,MEM,2
SAN,MIA,8
SAN,MSP,38
SAN,MRY,8
SAN,BNA,16
SAN,MSY,2
SAN,JFK,51
SAN,EWR,40
SAN,OAK,97
SAN,MCO,16
SAN,PSC,3
SAN,PHL,16
SAN,AZA,2
SAN,PHX,109
SAN,PDX,38
SAN,PVU,2
SAN,RDM,8
SAN,RNO,16
SAN,SMF,140
SAN,SLC,54
SAN,SAT,10
SAN,SFO,143
SAN,SJC,141
SAN,SBP,6
SAN,STS,12
SAN,SEA,105
SAN,FSD,2
SAN,GEG,8
SAN,STL,10
SAN,TTN,1
SAN,TUS,15
SAN,IAD,34
SEE,OGD,1
SEE,TUS,1
SDM,OAK,1
SDM,SBD,1
SFO,BNE,4
SFO,MEL,8
SFO,SYD,11
SFO,YYC,28
SFO,YEG,8
SFO,YUL,26
SFO,YYZ,40
SFO,YVR,101
SFO,PEK,3
SFO,CAN,4
SFO,PVG,15
SFO,LIR,1
SFO,CPH,8
SFO,SAL,16
SFO,NAN,3
SFO,CDG,22
SFO,ORY,5
SFO,PPT,10
SFO,FRA,28
SFO,MUC,16
SFO,HKG,16
SFO,BLR,3
SFO,DEL,8
SFO,BOM,5
SFO,DUB,9
SFO,TLV,8
SFO,FCO,8
SFO,NGO,2
SFO,KIX,8
SFO,HND,24
SFO,NRT,32
SFO,CUN,17
SFO,GDL,5
SFO,MEX,40
SFO,PVR,20
SFO,SJD,25
SFO,AMS,16
SFO,AKL,8
SFO,PTY,8
SFO,MNL,8
SFO,LIS,5
SFO,DOH,8
SFO,SIN,32
SFO,ICN,45
SFO,BCN,4
SFO,MAD,3
SFO,ZRH,15
SFO,TPE,46
SFO,IST,16
SFO,DXB,8
SFO,LHR,56
SFO,ABQ,8
SFO,ANC,16
SFO,ACV,24
SFO,ASE,8
SFO,ATL,80
SFO,AUS,44
SFO,BFL,16
SFO,BWI,17
SFO,BOI,39
SFO,BOS,115
SFO,BZN,10
SFO,BUR,59
SFO,CLT,37
SFO,MDW,8
SFO,ORD,126
SFO,CVG,4
SFO,CLE,16
SFO,CMH,8
SFO,DFW,87
SFO,DAL,7
SFO,APA,2
SFO,DEN,124
SFO,DTW,32
SFO,EUG,25
SFO,PAE,34
SFO,FLL,24
SFO,FAT,32
SFO,GRI,1
SFO,SUN,3
SFO,HNL,57
SFO,IAH,76
SFO,IND,8
SFO,JAC,11
SFO,OGG,41
SFO,FCA,8
SFO,MCI,8
SFO,KOA,17
SFO,LAS,120
SFO,LIH,16
SFO,LAX,280
SFO,SDF,2
SFO,MFR,24
SFO,MEM,1
SFO,MIA,32
SFO,MSP,64
SFO,MSO,8
SFO,MRY,17
SFO,BNA,16
SFO,MSY,8
SFO,JFK,171
SFO,EWR,95
SFO,OTH,8
SFO,OMA,8
SFO,ONT,31
SFO,MCO,32
SFO,PSP,45
SFO,PSC,16
SFO,PHL,32
SFO,PHX,94
SFO,PIT,8
SFO,PDX,81
SFO,PVU,8
SFO,RDU,16
SFO,RDD,24
SFO,RDM,36
SFO,RNO,33
SFO,RIC,3
SFO,SMF,23
SFO,MCC,0
SFO,SLC,76
SFO,SAT,8
SFO,SBD,7
SFO,SAN,146
SFO,SJC,2
SFO,SBP,26
SFO,SNA,95
SFO,SBA,31
SFO,STS,1
SFO,SEA,168
SFO,GEG,28
SFO,TPA,8
SFO,TEB,2
SFO,TTN,1
SFO,TUS,13
SFO,VNY,1
SFO,IAD,65
SFO,DCA,16
SFO,FOK,2
SFO,HPN,1
SFO,SGN,5
SJO,YUL,2
SJO,YYZ,7
SJO,BOG,30
SJO,CTG,4
SJO,MDE,5
SJO,DRK,0
SJO,GLF,0
SJO,FON,0
SJO,LIR,1
SJO,LIO,0
SJO,NOB,0
SJO,PMZ,0
SJO,PJM,0
SJO,XQP,16
SJO,TNO,0
SJO,TMU,48
SJO,TTQ,0
SJO,SDQ,8
SJO,UIO,5
SJO,SAL,32
SJO,CDG,4
SJO,FRA,3
SJO,GUA,46
SJO,SAP,6
SJO,CUN,21
SJO,MEX,34
SJO,MGA,5
SJO,BLB,3
SJO,BOC,0
SJO,PTY,76
SJO,LIM,7
SJO,MAD,10
SJO,ZRH,1
SJO,ATL,11
SJO,BWI,1
SJO,CLT,6
SJO,ORD,1
SJO,DFW,11
SJO,DEN,3
SJO,FLL,24
SJO,IAH,27
SJO,HOU,8
SJO,LAX,11
SJO,MIA,28
SJO,JFK,0
SJO,EWR,17
SJO,MCO,16
SJO,IAD,1
SYQ,NO,0
SJI,MNL,8
SJC,YUL,1
SJC,NRT,6
SJC,CSL,1
SJC,GDL,23
SJC,MLM,3
SJC,PVR,2
SJC,SJD,3
SJC,BJX,2
SJC,ZCL,2
SJC,LHR,7
SJC,ANC,1
SJC,ATL,19
SJC,AUS,45
SJC,BFL,1
SJC,BED,1
SJC,BOI,22
SJC,BOS,8
SJC,BUR,73
SJC,CSN,1
SJC,MDW,14
SJC,DFW,32
SJC,DAL,14
SJC,DEN,56
SJC,EUG,8
SJC,HHR,1
SJC,HHH,1
SJC,HNL,32
SJC,IAH,8
SJC,HOU,8
SJC,IND,1
SJC,OGG,32
SJC,KOA,16
SJC,LAS,107
SJC,LIH,12
SJC,LGB,30
SJC,LAX,111
SJC,SDF,1
SJC,MEM,1
SJC,MSP,13
SJC,MRY,1
SJC,NUQ,1
SJC,BNA,1
SJC,JFK,8
SJC,OAK,1
SJC,OMA,1
SJC,ONT,37
SJC,PSP,8
SJC,PHL,1
SJC,PHX,61
SJC,PDX,88
SJC,RDM,1
SJC,RNO,8
SJC,MCC,1
SJC,SLC,40
SJC,SAN,139
SJC,SFO,1
SJC,SBP,1
SJC,SNA,61
SJC,BFI,1
SJC,SEA,115
SJC,GEG,15
SJC,STL,1
SJC,VNY,1
SJD,YXX,1
SJD,YYC,4
SJD,YEG,3
SJD,YYZ,2
SJD,YVR,5
SJD,CUL,16
SJD,GDL,37
SJD,HMO,3
SJD,MZT,2
SJD,NLU,5
SJD,MEX,66
SJD,MTY,11
SJD,BJX,7
SJD,TIJ,34
SJD,TLC,16
SJD,ATL,9
SJD,AUS,16
SJD,CLT,6
SJD,ORD,11
SJD,CXO,1
SJD,DFW,39
SJD,DEN,19
SJD,ELP,1
SJD,IAH,29
SJD,HOU,17
SJD,LAX,75
SJD,JFK,8
SJD,EWR,2
SJD,OAK,2
SJD,PHX,32
SJD,PDX,1
SJD,SMF,2
SJD,SLC,8
SJD,SAN,13
SJD,SFO,27
SJD,SJC,3
SJD,SNA,9
SJD,SEA,13
SJE,BOG,6
SIG,CPX,34
SJU,AXA,3
SJU,ANU,0
SJU,BGI,3
SJU,BRU,1
SJU,YYZ,2
SJU,BOG,13
SJU,DOM,6
SJU,PUJ,33
SJU,STI,10
SJU,SDQ,22
SJU,SBH,44
SJU,CUN,4
SJU,SXM,7
SJU,PTY,12
SJU,CPX,35
SJU,MAZ,32
SJU,VQS,52
SJU,SKB,8
SJU,NEV,3
SJU,SLU,0
SJU,MAD,6
SJU,ATL,50
SJU,BWI,40
SJU,BCT,1
SJU,BOS,42
SJU,BQK,1
SJU,CLT,16
SJU,MDW,9
SJU,ORD,25
SJU,CVG,3
SJU,CLE,4
SJU,CAE,1
SJU,DFW,25
SJU,DTW,21
SJU,FLL,64
SJU,IAH,19
SJU,HOU,2
SJU,JAX,8
SJU,SDF,3
SJU,MEM,2
SJU,MIA,75
SJU,MSP,2
SJU,BNA,1
SJU,JFK,80
SJU,EWR,59
SJU,ONT,3
SJU,MCO,157
SJU,PHL,32
SJU,RDU,8
SJU,ROG,1
SJU,STL,1
SJU,TPA,42
SJU,VRB,1
SJU,IAD,10
SJU,DCA,8
SJU,BDL,25
SJU,EIS,99
SJU,VIJ,18
SJU,STX,55
SJU,STT,107
SBP,BUR,1
SBP,DFW,15
SBP,DEN,13
SBP,LAX,6
SBP,PHX,21
SBP,PDX,4
SBP,SAN,6
SBP,SFO,27
SBP,SEA,8
SBP,VNY,1
SLP,CUN,8
SLP,CUL,2
SLP,GDL,2
SLP,HMO,1
SLP,MEX,44
SLP,MTY,2
SLP,PVR,5
SLP,TIJ,4
SLP,VSA,1
SLP,DFW,16
SLP,IAH,16
SPR,BZE,282
SPR,TZA,94
SPR,CUK,32
SPR,CYC,1
SPR,CZH,38
SPY,ABJ,0
SAP,BZE,6
SAP,SAL,13
SAP,GUA,19
SAP,LCE,1
SAP,RTB,26
SAP,TGU,18
SAP,UII,3
SAP,MEX,8
SAP,PTY,8
SAP,MAD,2
SAP,ATL,8
SAP,FLL,8
SAP,IAH,21
SAP,MIA,43
SAP,MSY,8
SAP,EWR,1
SAP,MCO,4
SAL,BZE,9
SAL,YYZ,8
SAL,BOG,16
SAL,SJO,30
SAL,SDQ,13
SAL,GYE,3
SAL,UIO,4
SAL,GUA,38
SAL,XPL,11
SAL,RTB,7
SAL,SAP,15
SAL,CUN,7
SAL,MEX,28
SAL,MGA,35
SAL,PTY,14
SAL,MAD,6
SAL,ATL,11
SAL,BOS,5
SAL,DFW,16
SAL,FLL,8
SAL,IAH,43
SAL,LAX,41
SAL,MIA,30
SAL,JFK,21
SAL,EWR,1
SAL,OAK,6
SAL,ONT,5
SAL,MCO,7
SAL,SFO,16
SAL,IAD,43
SWL,MNL,3
SVI,BOG,2
SAH,JIB,1
SAH,AMM,3
SAH,NBO,1
SDG,THR,9
SDP,ANC,4
SDP,CDB,13
SDP,DUT,1
SDK,BKI,36
SDK,KUL,29
SDK,LDU,8
SDK,TWU,8
SDN,OSL,17
SDN,SOG,13
SSJ,BOO,15
SSJ,OSL,3
SSJ,TRD,20
SFM,NO,0
SQJ,PKX,8
SQJ,CTU,5
SQJ,CKG,4
SQJ,HAK,4
SQJ,NKG,4
SQJ,PVG,8
SNA,YYC,3
SNA,YAZ,1
SNA,YVR,13
SNA,PVR,8
SNA,SJD,9
SNA,ASE,2
SNA,ATL,26
SNA,AUS,19
SNA,BOI,3
SNA,BUR,1
SNA,CLT,8
SNA,ORD,55
SNA,UGN,1
SNA,CVG,4
SNA,CMH,2
SNA,CCR,5
SNA,DFW,79
SNA,DAL,10
SNA,DEN,85
SNA,DSM,2
SNA,DTW,6
SNA,EUG,2
SNA,PAE,15
SNA,SUN,0
SNA,HHR,1
SNA,IAH,32
SNA,HOU,1
SNA,IDA,2
SNA,MKC,1
SNA,LAS,131
SNA,HSH,1
SNA,SDF,1
SNA,MFR,2
SNA,MEM,1
SNA,MSP,13
SNA,MSO,2
SNA,MRY,5
SNA,MTJ,1
SNA,BNA,1
SNA,JFK,8
SNA,EWR,24
SNA,OAK,64
SNA,MCO,8
SNA,PSP,1
SNA,PHX,92
SNA,PIT,2
SNA,PDX,33
SNA,PVU,18
SNA,RDM,1
SNA,RNO,6
SNA,SMF,50
SNA,SLC,40
SNA,CLD,3
SNA,MYF,1
SNA,SFO,98
SNA,SJC,61
SNA,SBA,1
SNA,STS,18
SNA,SRQ,1
SNA,SCF,1
SNA,SEA,94
SNA,GEG,3
SNA,STL,2
SNA,TEB,2
SNA,VNY,2
SNA,EAT,1
SBA,BUR,1
SBA,QTC,0
SBA,DFW,16
SBA,DAL,1
SBA,DEN,24
SBA,LAS,22
SBA,LAX,16
SBA,OAK,8
SBA,PWA,1
SBA,ONT,3
SBA,PSP,1
SBA,PHX,15
SBA,PDX,8
SBA,RAL,1
SBA,SMF,8
SBA,SDM,1
SBA,SAN,1
SBA,MYF,1
SBA,SFO,31
SBA,SNA,3
SBA,SEA,8
SBA,TKF,1
SBA,HPN,1
SNU,YUL,4
SNU,YYZ,6
SNU,CYO,1
SNU,CUN,1
SNU,PTY,3
SNU,MIA,16
SRZ,NO,0
SFN,AEP,13
SAF,DFW,32
SAF,DEN,24
SAF,HOU,1
SAF,MTJ,1
SAF,PHX,9
SAF,SLN,1
SAF,SMX,1
SAF,SGR,1
SAF,TEB,1
SMG,NO,0
SMA,LIS,3
SMA,PDL,35
SMX,BUR,1
SMX,LAS,3
SMX,LGB,1
SMX,MRY,1
SMX,OAK,1
SMX,MYF,1
SMX,SBP,1
SMX,SMX,1
SMR,BOG,141
SMR,CLO,11
SMR,MDE,26
SMR,PTY,3
SMR,MIA,2
SMO,BFL,1
SMO,MYF,2
SMO,STS,2
SZP,NO,0
SRA,POA,3
STS,YYF,1
STS,MER,1
STS,AUS,1
STS,BED,1
STS,BUR,11
STS,UGN,1
STS,DFW,8
STS,HCR,1
STS,LAS,3
STS,LGB,1
STS,LAX,12
STS,MRY,1
STS,OAK,1
STS,PSP,2
STS,PHX,8
STS,PDX,8
STS,RIC,1
STS,SAN,12
STS,SJC,1
STS,SNA,16
STS,SBA,1
STS,SQA,1
STS,SEA,15
STS,SYR,1
SQA,NO,0
SDR,VIE,3
SDR,CRL,3
SDR,BVA,2
SDR,DUB,3
SDR,BLQ,2
SDR,BGY,2
SDR,FCO,6
SDR,TSF,3
SDR,RAK,3
SDR,OTP,2
SDR,ALC,2
SDR,BCN,14
SDR,LPA,3
SDR,IBZ,1
SDR,MAD,24
SDR,MAH,1
SDR,AGP,3
SDR,RMU,2
SDR,PMI,4
SDR,SVQ,5
SDR,TFN,2
SDR,VLC,3
SDR,BHX,2
SDR,EDI,2
SDR,STN,7
SDR,MAN,2
STM,BEL,10
STM,BSB,8
STM,ITB,3
STM,MAO,6
STM,GTP,7
SCL,AEP,53
SCL,EZE,47
SCL,COR,8
SCL,MDZ,15
SCL,BRC,1
SCL,SYD,5
SCL,LPB,2
SCL,VVI,2
SCL,VCP,1
SCL,CWB,4
SCL,FLN,4
SCL,IGU,3
SCL,POA,5
SCL,GIG,24
SCL,GRU,66
SCL,YYZ,3
SCL,ANF,123
SCL,ARI,27
SCL,BBA,15
SCL,CJC,127
SCL,MHC,10
SCL,CCP,103
SCL,CPO,50
SCL,IQQ,104
SCL,LSC,58
SCL,LSQ,7
SCL,IPC,4
SCL,ZOS,21
SCL,PMC,78
SCL,PUQ,34
SCL,ZCO,59
SCL,ZAL,23
SCL,BOG,41
SCL,CLO,5
SCL,CTG,2
SCL,PUJ,1
SCL,GYE,8
SCL,UIO,5
SCL,CDG,8
SCL,CUN,1
SCL,MEX,8
SCL,AKL,8
SCL,PTY,40
SCL,ASU,6
SCL,LIM,89
SCL,TRU,4
SCL,BCN,3
SCL,MAD,18
SCL,LHR,4
SCL,ATL,8
SCL,DFW,3
SCL,IAH,8
SCL,LAX,3
SCL,MIA,30
SCL,JFK,8
SCL,MVD,15
SCL,CCS,1
SCQ,CRL,2
SCQ,BSL,6
SCQ,BOD,3
SCQ,MRS,2
SCQ,BVA,2
SCQ,CDG,3
SCQ,FRA,4
SCQ,FMM,2
SCQ,DUB,6
SCQ,BLQ,2
SCQ,BGY,3
SCQ,AMS,4
SCQ,ALC,18
SCQ,BCN,28
SCQ,BIO,11
SCQ,FUE,4
SCQ,GRO,2
SCQ,LPA,10
SCQ,IBZ,3
SCQ,ACE,9
SCQ,LEN,1
SCQ,MAD,34
SCQ,MAH,3
SCQ,AGP,13
SCQ,PMI,19
SCQ,SVQ,15
SCQ,TFN,8
SCQ,TFS,8
SCQ,VLC,6
SCQ,ZAZ,2
SCQ,GVA,8
SCQ,ZRH,1
SCQ,EDI,2
SCQ,LGW,9
SCQ,STN,8
SCU,HAV,4
SCU,JBQ,1
SCU,SDQ,2
SCU,GND,2
SCU,PAP,1
SCU,KIN,4
SCU,BON,0
SCU,MAD,3
SCU,MIA,8
SCU,PMV,1
STI,BQN,7
STI,SJU,8
STI,PLS,10
STI,BOS,16
STI,FLL,8
STI,MIA,22
STI,JFK,72
STI,EWR,32
SDE,AEP,20
SDE,EZE,2
SDQ,AXA,2
SDQ,ANU,4
SDQ,AUA,9
SDQ,YCM,0
SDQ,BAQ,4
SDQ,BOG,26
SDQ,CLO,4
SDQ,CTG,7
SDQ,MDE,10
SDQ,SJO,8
SDQ,HAV,6
SDQ,SCU,2
SDQ,CUR,7
SDQ,UIO,4
SDQ,SAL,13
SDQ,CAY,1
SDQ,FRA,3
SDQ,PTP,10
SDQ,GUA,10
SDQ,GEO,1
SDQ,PAP,5
SDQ,KIN,8
SDQ,FDF,4
SDQ,CUN,6
SDQ,NLU,12
SDQ,MEX,8
SDQ,BON,2
SDQ,SXM,9
SDQ,BLB,2
SDQ,PTY,40
SDQ,LIM,6
SDQ,BQN,7
SDQ,SJU,21
SDQ,SKB,2
SDQ,MAD,16
SDQ,PLS,8
SDQ,ATL,11
SDQ,BOS,16
SDQ,FLL,23
SDQ,MEM,1
SDQ,MIA,77
SDQ,JFK,64
SDQ,EWR,33
SDQ,MCO,28
SDQ,PVD,3
SDQ,TPA,2
SDQ,BRM,2
SDQ,CCS,31
SDQ,MAR,4
SDQ,VLN,4
SDQ,EIS,11
SDQ,STT,2
STD,CCS,31
STD,PMV,3
STD,VLN,2
SYX,PEK,63
SYX,PKX,63
SYX,CGQ,7
SYX,CSX,79
SYX,CZX,8
SYX,CTU,24
SYX,TFU,84
SYX,CKG,72
SYX,FOC,16
SYX,KOW,8
SYX,CAN,85
SYX,KWL,6
SYX,KWE,54
SYX,HDG,4
SYX,HGH,64
SYX,HRB,16
SYX,HFE,20
SYX,HNY,4
SYX,HJJ,4
SYX,JGS,3
SYX,SWA,8
SYX,TNA,26
SYX,SHS,4
SYX,JNG,7
SYX,KMG,40
SYX,LYI,3
SYX,LYA,4
SYX,LZO,7
SYX,MIG,5
SYX,KHN,20
SYX,NKG,48
SYX,NNG,20
SYX,NTG,8
SYX,NGB,4
SYX,JJN,8
SYX,JUZ,4
SYX,SHA,56
SYX,PVG,80
SYX,SQD,4
SYX,SHE,15
SYX,SZX,64
SYX,SJW,19
SYX,TYN,20
SYX,TSN,18
SYX,WEF,4
SYX,WNZ,16
SYX,WUH,60
SYX,WHA,4
SYX,WUX,16
SYX,WUZ,4
SYX,XIY,59
SYX,XMN,12
SYX,ENY,4
SYX,YNT,4
SYX,YBP,6
SYX,YIH,1
SYX,YIC,4
SYX,YYA,4
SYX,YCU,8
SYX,ZHA,8
SYX,CGO,46
SYX,ZUH,8
SYX,WMT,8
SYX,ZYI,4
SXO,NO,0
SFL,RAI,13
SJZ,TER,16
SJZ,PDL,18
SJP,BSB,7
SJP,VCP,37
SJP,MCZ,1
SJP,NAT,1
SJP,BPS,1
SJP,REC,1
SJP,CGH,22
SJP,GRU,15
SJP,GTP,7
SJK,GTP,7
SLZ,BRB,3
SLZ,BEL,8
SLZ,CNF,8
SLZ,BSB,17
SLZ,VCP,8
SLZ,FOR,18
SLZ,IMP,6
SLZ,REC,13
SLZ,GIG,2
SLZ,SSA,7
SLZ,GRU,38
SLZ,THE,6
SLZ,GTP,7
SNE,SID,2
SJJ,VIE,16
SJJ,ZAG,17
SJJ,HRG,4
SJJ,CGN,3
SJJ,FRA,10
SJJ,STR,2
SJJ,KWI,7
SJJ,WAW,6
SJJ,DOH,5
SJJ,ELQ,3
SJJ,JED,1
SJJ,RUH,5
SJJ,BEG,10
SJJ,ARN,1
SJJ,ZRH,3
SJJ,MIR,1
SJJ,AYT,7
SJJ,BJV,1
SJJ,IST,19
SJJ,SAW,16
SJJ,AUH,8
SJJ,DXB,3
SLK,BOS,16
SLK,JFK,8
SKX,KZN,2
SKX,MRV,5
SKX,SVO,6
SKX,AER,2
SKX,LED,5
SRQ,YYZ,8
SRQ,CAK,4
SRQ,ABE,2
SRQ,AVL,3
SRQ,PDK,1
SRQ,ATL,70
SRQ,AUS,3
SRQ,BWI,32
SRQ,BLV,2
SRQ,BCT,1
SRQ,BOS,7
SRQ,CLT,28
SRQ,MDW,8
SRQ,ORD,9
SRQ,LUK,1
SRQ,CVG,5
SRQ,CMH,3
SRQ,LCK,3
SRQ,DFW,8
SRQ,DAL,1
SRQ,DSM,1
SRQ,DSI,1
SRQ,FNT,3
SRQ,FWA,2
SRQ,GRR,3
SRQ,HAR,1
SRQ,MDT,2
SRQ,HOU,7
SRQ,IND,7
SRQ,ISM,1
SRQ,SDF,2
SRQ,ACK,1
SRQ,BNA,11
SRQ,HVN,4
SRQ,JFK,8
SRQ,LGA,8
SRQ,EWR,16
SRQ,OKC,1
SRQ,PIA,3
SRQ,PHL,9
SRQ,PIT,6
SRQ,RDU,3
SRQ,RDG,1
SRQ,SBN,3
SRQ,UST,1
SRQ,STL,2
SRQ,SYR,1
SRQ,TEB,1
SRQ,IAD,2
SRQ,DCA,8
SRQ,BDL,2
SAA,BZN,1
SRY,AWZ,2
SRY,BND,5
SRY,IFN,3
SRY,KIH,2
SRY,MHD,15
SRY,SYZ,3
SRY,THR,9
SUJ,OTP,3
SUJ,LTN,2
SSM,TVC,1
SXK,AMQ,8
SAV,STI,1
SAV,CAK,4
SAV,ATW,1
SAV,ATL,59
SAV,BWI,18
SAV,BLV,1
SAV,BCT,1
SAV,BOS,19
SAV,CLT,60
SAV,MDW,13
SAV,ORD,25
SAV,CVG,7
SAV,CAE,12
SAV,LCK,4
SAV,DFW,23
SAV,DAL,9
SAV,DEN,9
SAV,DTW,8
SAV,FLL,6
SAV,GRR,1
SAV,IAH,16
SAV,HOU,8
SAV,IND,1
SAV,CRG,1
SAV,SDF,2
SAV,MEM,1
SAV,MIA,8
SAV,OPF,1
SAV,MSP,6
SAV,BNA,10
SAV,HVN,2
SAV,MSY,2
SAV,JFK,40
SAV,LGA,24
SAV,EWR,26
SAV,PHL,27
SAV,PIT,4
SAV,TPA,4
SAV,TCL,1
SAV,IAD,25
SAV,DCA,16
SAV,HPN,2
SAV,BDL,3
SVL,HEL,16
SVA,GAM,19
SVA,OME,7
SVU,NAN,37
SVU,SUV,3
SAU,NO,0
SCM,BET,12
SCM,HPB,6
SQZ,NO,0
SCS,NO,0
SCH,LEX,1
SCH,PWM,1
SCH,PBI,1
SZW,NO,0
SCF,YYJ,1
SCF,BOI,1
SCF,BMC,1
SCF,RBD,1
SCF,DAL,1
SCF,APA,1
SCF,FLG,1
SCF,LAS,2
SCF,BNA,1
SCF,VGT,1
SCF,OCF,1
SCF,OKC,1
SCF,HIO,1
SCF,RNO,0
SCF,SLC,1
SCF,SAN,2
SCF,SJC,1
SCF,SBA,1
SCF,TRM,1
SCF,PBI,1
SCB,NO,0
SRC,NO,0
SEA,YYC,32
SEA,YEG,13
SEA,YUL,8
SEA,YYZ,16
SEA,YVR,113
SEA,YYJ,9
SEA,PVG,2
SEA,HEL,4
SEA,CDG,13
SEA,PPT,3
SEA,FRA,13
SEA,KEF,16
SEA,DUB,9
SEA,HND,16
SEA,NRT,7
SEA,LUX,2
SEA,CUN,16
SEA,GDL,9
SEA,MEX,8
SEA,PVR,5
SEA,SJD,14
SEA,AMS,16
SEA,DOH,8
SEA,SIN,3
SEA,ICN,34
SEA,TPE,13
SEA,IST,8
SEA,DXB,8
SEA,PIK,1
SEA,LHR,37
SEA,ABQ,9
SEA,ANC,200
SEA,ATL,92
SEA,AUS,40
SEA,BWI,8
SEA,BLI,16
SEA,BIL,16
SEA,BOI,127
SEA,BOS,59
SEA,BZN,24
SEA,BUR,31
SEA,CHS,8
SEA,CLT,29
SEA,MDW,16
SEA,ORD,140
SEA,CVG,17
SEA,CLE,8
SEA,CMH,8
SEA,DFW,95
SEA,DAL,9
SEA,DEN,172
SEA,DTW,60
SEA,DLG,2
SEA,ELP,8
SEA,EUG,59
SEA,FAI,49
SEA,FLL,16
SEA,FAT,17
SEA,GTF,8
SEA,SUN,9
SEA,HWD,1
SEA,HLN,8
SEA,HNL,56
SEA,IAH,47
SEA,IDA,8
SEA,IND,16
SEA,JAC,6
SEA,JNU,59
SEA,OGG,40
SEA,FCA,23
SEA,MCI,25
SEA,KTN,48
SEA,KOA,32
SEA,LAS,142
SEA,LIH,17
SEA,LAX,178
SEA,MFR,55
SEA,MEM,4
SEA,MIA,16
SEA,MKE,8
SEA,MSP,76
SEA,MSO,24
SEA,MRY,6
SEA,APF,1
SEA,BNA,24
SEA,MSY,13
SEA,JFK,68
SEA,EWR,53
SEA,OAK,68
SEA,OKC,8
SEA,OMA,8
SEA,ONT,54
SEA,MCO,40
SEA,PSP,16
SEA,PSC,58
SEA,PSG,1
SEA,PHL,33
SEA,PHX,140
SEA,PIT,8
SEA,PDX,175
SEA,PUW,16
SEA,RDU,16
SEA,RDD,6
SEA,RDM,62
SEA,RNO,26
SEA,SMF,111
SEA,SLC,87
SEA,SAT,12
SEA,SAN,104
SEA,SFO,168
SEA,SJC,114
SEA,SBP,8
SEA,SNA,95
SEA,SBA,8
SEA,STS,15
SEA,SIT,16
SEA,RSW,2
SEA,GEG,153
SEA,STL,24
SEA,TPA,24
SEA,TUS,24
SEA,ALW,8
SEA,IAD,64
SEA,DCA,16
SEA,EAT,8
SEA,ICT,8
SEA,WRG,2
SEA,YKM,8
SEF,IND,1
SDX,NO,0
SJY,HEL,1
SOV,HOM,0
SOV,PGM,0
SEG,NO,0
SEM,NO,0
SRG,BPN,8
SRG,BDJ,16
SRG,BTH,8
SRG,DPS,3
SRG,HLP,30
SRG,CGK,95
SRG,KTG,4
SRG,UPG,16
SRG,PKN,36
SZE,ADD,16
SDJ,FUK,81
SDJ,HIJ,39
SDJ,IZO,8
SDJ,UKB,16
SDJ,NGO,62
SDJ,OKA,8
SDJ,ITM,121
SDJ,KIX,24
SDJ,CTS,149
SDJ,ICN,3
SDJ,TPE,20
SEU,KGL,8
SEU,ARK,66
SEU,IRI,9
SEU,JRO,19
SEU,GTZ,64
SEU,LKY,122
SEU,MWZ,16
SEU,ZNZ,45
SEU,EBB,5
SET,REC,2
SZM,SWP,8
SVQ,VIE,2
SVQ,BRU,3
SVQ,CRL,6
SVQ,BLL,2
SVQ,BOD,2
SVQ,LYS,3
SVQ,MRS,4
SVQ,MPL,2
SVQ,NTE,5
SVQ,BVA,2
SVQ,CDG,17
SVQ,LBG,1
SVQ,ORY,21
SVQ,TLS,5
SVQ,CGN,4
SVQ,FRA,6
SVQ,HHN,3
SVQ,FKB,3
SVQ,MUC,8
SVQ,NUE,2
SVQ,ATH,2
SVQ,ORK,3
SVQ,DUB,4
SVQ,BRI,2
SVQ,BLQ,4
SVQ,CAG,3
SVQ,CTA,2
SVQ,BGY,5
SVQ,MXP,5
SVQ,NAP,2
SVQ,PSA,2
SVQ,CIA,2
SVQ,FCO,4
SVQ,TPS,2
SVQ,TRN,2
SVQ,TSF,5
SVQ,LUX,2
SVQ,MLA,3
SVQ,CMN,3
SVQ,RAK,4
SVQ,RBA,3
SVQ,TNG,4
SVQ,AMS,11
SVQ,EIN,6
SVQ,KRK,3
SVQ,WAW,2
SVQ,LIS,24
SVQ,OPO,6
SVQ,OTP,3
SVQ,ALC,3
SVQ,LEI,6
SVQ,OVD,7
SVQ,BCN,68
SVQ,BIO,31
SVQ,CDT,3
SVQ,FUE,6
SVQ,LPA,17
SVQ,IBZ,11
SVQ,ACE,6
SVQ,MAD,35
SVQ,MAH,3
SVQ,MLN,4
SVQ,PMI,32
SVQ,EAS,2
SVQ,SDR,5
SVQ,SCQ,15
SVQ,TFN,18
SVQ,TFS,5
SVQ,VLC,19
SVQ,VIT,10
SVQ,GVA,5
SVQ,EDI,2
SVQ,LGW,29
SVQ,LTN,2
SVQ,STN,11
SVQ,MAN,3
SWD,NO,0
SFA,CDG,2
SFA,ORY,5
SFA,MRA,3
SFA,MJI,7
SFA,TUN,5
SFA,IST,3
SHX,ANI,7
SKK,KKA,22
SKK,UNK,8
SHA,PEK,336
SHA,PKX,47
SHA,CGQ,16
SHA,CGD,8
SHA,CSX,72
SHA,CTU,88
SHA,TFU,112
SHA,CKG,105
SHA,DLU,8
SHA,DLC,16
SHA,DOY,8
SHA,FUO,8
SHA,FOC,43
SHA,KOW,8
SHA,CAN,293
SHA,KWL,8
SHA,KWE,45
SHA,HAK,37
SHA,HRB,16
SHA,HNY,8
SHA,HET,8
SHA,JGS,8
SHA,SWA,16
SHA,TNA,20
SHA,JDZ,8
SHA,KMG,96
SHA,LHW,29
SHA,LJG,8
SHA,LYA,8
SHA,LZO,8
SHA,MIG,8
SHA,KHN,16
SHA,NNG,16
SHA,TAO,104
SHA,JJN,32
SHA,SYX,56
SHA,SHE,16
SHA,SZX,331
SHA,SJW,20
SHA,TYN,67
SHA,TSN,92
SHA,URC,84
SHA,WEH,16
SHA,WUH,64
SHA,XIY,136
SHA,XMN,148
SHA,XFN,8
SHA,XNN,10
SHA,YNT,52
SHA,YIC,8
SHA,INC,24
SHA,YYA,4
SHA,ZQZ,4
SHA,CGO,40
SHA,ZUH,48
SHA,WMT,16
SHA,HKG,42
SHA,HND,24
SHA,MFM,36
SHA,GMP,28
SHA,TSA,30
SQD,PEK,4
SQD,PKX,8
SQD,CKG,2
SQD,CAN,5
SQD,HRB,4
SQD,TNA,4
SQD,KMG,4
SQD,TAO,8
SQD,SYX,4
SQD,SZX,8
SQD,XMN,2
SNN,BZR,2
SNN,MRS,2
SNN,ORY,2
SNN,HAJ,1
SNN,CFU,2
SNN,BUD,2
SNN,DUB,6
SNN,TLV,1
SNN,NAP,2
SNN,CIA,1
SNN,JER,1
SNN,KUN,3
SNN,MLA,3
SNN,KRK,4
SNN,WMI,3
SNN,WRO,2
SNN,FAO,5
SNN,OPO,2
SNN,ALC,3
SNN,FUE,2
SNN,GRO,3
SNN,ACE,4
SNN,AGP,4
SNN,PMI,5
SNN,REU,4
SNN,TFS,2
SNN,BHX,4
SNN,EDI,6
SNN,LPL,2
SNN,LGW,8
SNN,LHR,23
SNN,STN,19
SNN,MAN,8
SNN,NCL,4
SNN,ATL,2
SNN,BOS,8
SNN,ORD,10
SNN,JFK,8
SNN,EWR,8
SNN,PWM,1
SNN,SEA,1
SHJ,EVN,6
SHJ,GYD,11
SHJ,BAH,24
SHJ,CGP,21
SHJ,DAC,45
SHJ,ZYL,1
SHJ,MSQ,1
SHJ,BRU,3
SHJ,LGG,6
SHJ,OST,2
SHJ,NDJ,2
SHJ,HBE,15
SHJ,CAI,33
SHJ,HMB,3
SHJ,TBS,11
SHJ,AMD,7
SHJ,ATQ,15
SHJ,BLR,8
SHJ,IXC,4
SHJ,MAA,8
SHJ,COK,24
SHJ,CJB,6
SHJ,DEL,24
SHJ,GOI,6
SHJ,HYD,16
SHJ,IDR,2
SHJ,JAI,8
SHJ,CNN,8
SHJ,CCJ,19
SHJ,LKO,8
SHJ,BOM,26
SHJ,NAG,3
SHJ,STV,3
SHJ,TRZ,8
SHJ,TRV,33
SHJ,VNS,8
SHJ,VGA,2
SHJ,LRR,3
SHJ,MHD,8
SHJ,SYZ,6
SHJ,IKA,8
SHJ,NJF,5
SHJ,BGW,16
SHJ,EBL,8
SHJ,ISU,1
SHJ,BGY,4
SHJ,AMM,19
SHJ,ALA,8
SHJ,EDL,4
SHJ,NBO,8
SHJ,KWI,24
SHJ,FRU,6
SHJ,BEY,8
SHJ,KUL,3
SHJ,KTM,16
SHJ,AMS,1
SHJ,KAN,4
SHJ,MCT,16
SHJ,SLL,10
SHJ,LYP,8
SHJ,ISB,11
SHJ,KHI,24
SHJ,LHE,8
SHJ,MUX,13
SHJ,PEW,12
SHJ,UET,3
SHJ,SKT,12
SHJ,TUK,1
SHJ,DOH,64
SHJ,KZN,3
SHJ,DME,25
SHJ,UFA,4
SHJ,SVX,4
SHJ,AHB,8
SHJ,ELQ,9
SHJ,DMM,27
SHJ,HAS,5
SHJ,JED,16
SHJ,MED,14
SHJ,RUH,16
SHJ,AJF,5
SHJ,TUU,4
SHJ,TIF,5
SHJ,YNB,4
SHJ,SIN,16
SHJ,HGA,2
SHJ,CMB,12
SHJ,KRT,4
SHJ,ALP,2
SHJ,DAM,13
SHJ,LTK,1
SHJ,IST,12
SHJ,SAW,24
SHJ,TZX,5
SHJ,EBB,8
SHJ,LHR,3
SHJ,TAS,6
SSH,EVN,8
SSH,VIE,1
SSH,GYD,2
SSH,BRU,1
SSH,PRG,1
SSH,HBE,9
SSH,CAI,93
SSH,HRG,5
SSH,LXR,2
SSH,MUH,1
SSH,ORY,2
SSH,TBS,1
SSH,DUS,2
SSH,FRA,1
SSH,TLV,13
SSH,BRI,2
SSH,BLQ,4
SSH,CTA,1
SSH,MXP,17
SSH,NAP,12
SSH,FCO,7
SSH,VRN,3
SSH,AMM,7
SSH,ALA,3
SSH,NQZ,3
SSH,GUW,2
SSH,KWI,7
SSH,FRU,2
SSH,BEY,1
SSH,EIN,2
SSH,CEK,1
SSH,KZN,3
SSH,MRV,5
SSH,SVO,10
SSH,VKO,13
SSH,ZIA,2
SSH,GOJ,0
SSH,PEE,1
SSH,KUF,1
SSH,AER,4
SSH,LED,5
SSH,SVX,1
SSH,JED,10
SSH,RUH,15
SSH,ZRH,2
SSH,AYT,2
SSH,IST,11
SSH,SAW,9
SSH,BHX,4
SSH,BRS,5
SSH,LGW,12
SSH,LTN,3
SSH,STN,1
SSH,MAN,7
SSH,EMA,2
SSH,TAS,4
SHW,AHB,2
SHW,JED,8
SHW,GIZ,1
SHW,RUH,13
SHW,TIF,2
SBM,TYQ,1
SBM,SGF,1
SHN,NO,0
SHE,YVR,1
SHE,BAV,8
SHE,PEK,40
SHE,PKX,34
SHE,CGQ,4
SHE,CSX,54
SHE,CZX,14
SHE,CTU,20
SHE,TFU,67
SHE,CKG,32
SHE,DLC,7
SHE,DQA,2
SHE,DAT,4
SHE,DOY,4
SHE,FOC,16
SHE,CAN,47
SHE,KWL,9
SHE,HAK,5
SHE,HLD,16
SHE,HDG,4
SHE,HGH,91
SHE,HFE,33
SHE,HET,39
SHE,HUO,8
SHE,HIA,16
SHE,JMU,3
SHE,TNA,46
SHE,JNG,4
SHE,JXA,3
SHE,KMG,21
SHE,LHW,23
SHE,LYG,24
SHE,LFQ,4
SHE,LYI,12
SHE,LYA,8
SHE,LLV,8
SHE,MDG,3
SHE,KHN,20
SHE,NKG,81
SHE,NTG,8
SHE,NGB,16
SHE,TAO,70
SHE,NDG,3
SHE,JJN,8
SHE,RIZ,13
SHE,SYX,15
SHE,SHA,16
SHE,PVG,169
SHE,SZX,61
SHE,SHF,2
SHE,SJW,15
SHE,TYN,38
SHE,TVS,4
SHE,TSN,4
SHE,HLH,4
SHE,URC,16
SHE,WEF,8
SHE,WEH,16
SHE,WNZ,13
SHE,WUH,40
SHE,WHA,8
SHE,WUX,32
SHE,XIY,84
SHE,XMN,36
SHE,XFN,8
SHE,WUT,12
SHE,XUZ,17
SHE,ENY,4
SHE,YNZ,12
SHE,YTY,24
SHE,YNT,36
SHE,YIH,3
SHE,LDS,7
SHE,INC,8
SHE,YIW,6
SHE,UYN,4
SHE,YCU,8
SHE,ZQZ,4
SHE,CGO,71
SHE,HSN,8
SHE,ZUH,8
SHE,HKG,2
SHE,KIX,6
SHE,NRT,5
SHE,SIN,4
SHE,PUS,3
SHE,ICN,25
SHE,CXR,2
SZX,SYD,0
SZX,PNH,17
SZX,YVR,4
SZX,AKA,4
SZX,AQG,8
SZX,AEB,8
SZX,BZX,4
SZX,BHY,4
SZX,PEK,263
SZX,PKX,197
SZX,CGQ,33
SZX,CGD,8
SZX,CIH,4
SZX,CZX,24
SZX,CTU,139
SZX,TFU,131
SZX,CIF,8
SZX,JUH,8
SZX,CKG,190
SZX,DLU,8
SZX,DLC,32
SZX,DYG,4
SZX,DZH,8
SZX,DOY,8
SZX,ENH,8
SZX,FUG,8
SZX,FOC,25
SZX,GYS,4
SZX,KWE,40
SZX,HAK,104
SZX,HGH,289
SZX,HZG,4
SZX,HRB,24
SZX,HFE,117
SZX,HET,8
SZX,HIA,16
SZX,TXN,8
SZX,HYN,11
SZX,JGS,5
SZX,TNA,83
SZX,JDZ,8
SZX,JHG,16
SZX,SHS,8
SZX,JNG,8
SZX,JIU,8
SZX,KMG,115
SZX,LHW,28
SZX,LYG,16
SZX,LJG,37
SZX,LFQ,4
SZX,LYI,16
SZX,LZH,4
SZX,LNL,4
SZX,LYA,8
SZX,LZO,16
SZX,MIG,19
SZX,KHN,33
SZX,NAO,15
SZX,NKG,194
SZX,NNG,15
SZX,NTG,52
SZX,NNY,13
SZX,NGB,75
SZX,TAO,56
SZX,IQN,4
SZX,JJN,10
SZX,JUZ,8
SZX,RIZ,8
SZX,SYX,64
SZX,SHA,330
SZX,PVG,155
SZX,SQD,8
SZX,SHE,64
SZX,SJW,28
SZX,WDS,7
SZX,TYN,40
SZX,TVS,4
SZX,TSN,76
SZX,HLH,4
SZX,URC,40
SZX,WXN,8
SZX,WEF,28
SZX,WNZ,54
SZX,WUH,120
SZX,WHA,19
SZX,WSK,2
SZX,WUX,133
SZX,XIY,147
SZX,XMN,1
SZX,XFN,16
SZX,XIC,8
SZX,ACX,4
SZX,XNN,11
SZX,XUZ,26
SZX,ENY,3
SZX,YNZ,16
SZX,YTY,20
SZX,YNT,18
SZX,YBP,9
SZX,YIH,24
SZX,YIC,8
SZX,INC,20
SZX,YIW,16
SZX,YLX,3
SZX,UYN,4
SZX,YCU,16
SZX,ZQZ,4
SZX,CGO,161
SZX,HSN,12
SZX,WMT,8
SZX,ZYI,8
SZX,CDG,2
SZX,FRA,5
SZX,MAA,10
SZX,DEL,11
SZX,DPS,1
SZX,CGK,8
SZX,IKA,2
SZX,FCO,3
SZX,KIX,24
SZX,HND,8
SZX,NRT,11
SZX,ALA,1
SZX,FRU,7
SZX,LPQ,1
SZX,BKI,12
SZX,KUL,49
SZX,CRK,1
SZX,CEB,3
SZX,DVO,5
SZX,MNL,23
SZX,DOH,11
SZX,SIN,30
SZX,JNB,3
SZX,ICN,22
SZX,KHH,3
SZX,TPE,32
SZX,DMK,23
SZX,BKK,30
SZX,HKT,2
SZX,DXB,4
SZX,BOH,3
SZX,LHR,5
SZX,ANC,12
SZX,LAX,14
SZX,HAN,25
SZX,SGN,18
SHR,BIL,1
SHR,DEN,13
SHR,PUB,1
SHR,RNO,1
SHR,SLC,1
SHF,AKU,8
SHF,AAT,8
SHF,TFU,4
SHF,CAN,3
SHF,HMI,2
SHF,HTN,1
SHF,KRL,8
SHF,LHW,8
SHF,SHE,2
SHF,TCG,2
SHF,WUX,3
SHF,XIY,4
SHF,YIN,4
SHF,CGO,4
SJW,DBC,4
SJW,BAV,8
SJW,BHY,4
SJW,CGQ,20
SJW,CDE,16
SJW,CTU,31
SJW,TFU,52
SJW,CIF,16
SJW,CKG,36
SJW,DLC,20
SJW,DZH,4
SJW,GYS,1
SJW,CAN,41
SJW,KWL,5
SJW,KWE,12
SJW,HAK,18
SJW,HLD,8
SJW,HGH,60
SJW,HRB,19
SJW,HFE,4
SJW,HET,18
SJW,SWA,6
SJW,JHG,4
SJW,KRL,2
SJW,KMG,45
SJW,LHW,16
SJW,LYG,8
SJW,LJG,9
SJW,LZO,4
SJW,MIG,12
SJW,KHN,2
SJW,NKG,17
SJW,NNG,13
SJW,NTG,6
SJW,NGB,16
SJW,DSN,11
SJW,BPE,8
SJW,JUZ,4
SJW,SYX,19
SJW,SHA,21
SJW,PVG,40
SJW,SHE,15
SJW,SZX,28
SJW,WDS,8
SJW,TVS,1
SJW,TGO,8
SJW,HLH,4
SJW,URC,27
SJW,WNZ,14
SJW,WHA,4
SJW,XMN,21
SJW,YNZ,3
SJW,YNT,4
SJW,YBP,4
SJW,YIH,4
SJW,INC,12
SJW,ZQZ,16
SJW,CGO,2
SJW,ZUH,3
SJW,WMT,3
SJW,KIX,4
SJW,VVO,2
SJW,BKK,9
SJW,DLI,1
SJW,HAN,5
SJW,CXR,2
SHL,IXA,3
SHL,AJL,5
SHL,DEL,2
SHL,DIB,4
SHL,DMU,4
SHL,GAU,7
SHL,IMF,3
SHL,CCU,7
SHL,IXI,3
SHL,IXS,4
SLV,DEL,7
SLV,DHM,2
SLV,KUU,2
SHI,UKB,8
SHI,OKA,16
SHI,HND,8
SHI,NRT,8
SYZ,ABD,5
SYZ,AWZ,7
SYZ,PGU,1
SYZ,BND,6
SYZ,BDH,3
SYZ,KER,2
SYZ,KIH,5
SYZ,LFM,1
SYZ,MRX,1
SYZ,MHD,16
SYZ,RAS,3
SYZ,SRY,3
SYZ,TBZ,4
SYZ,THR,88
SYZ,ZAH,1
SYZ,KWI,4
SYZ,MCT,8
SYZ,DOH,8
SYZ,MED,7
SYZ,IST,8
SYZ,DXB,10
SYZ,SHJ,6
SAG,BLR,16
SAG,MAA,7
SAG,DEL,16
SAG,HYD,8
SAG,IDR,8
SAG,VGA,8
SHH,OME,8
SHH,WAA,11
SOW,PJB,1
SOW,PHX,20
SHV,SLW,1
SHV,ATL,23
SHV,CLT,16
SHV,DFW,41
SHV,DEN,8
SHV,VPS,2
SHV,AFW,1
SHV,GJT,1
SHV,IAH,25
SHV,LAS,2
SHV,LIT,1
SHV,LAX,2
SHV,MEM,3
SHV,SFB,2
SHV,SUA,1
SHG,ABL,8
SHG,OBU,13
SKT,BAH,6
SKT,KWI,3
SKT,MCT,9
SKT,SLL,1
SKT,DOH,8
SKT,DMM,1
SKT,JED,4
SKT,RUH,1
SKT,AUH,2
SKT,DXB,24
SKT,SHJ,11
SQQ,NO,0
SBZ,LNZ,1
SBZ,VIE,5
SBZ,DTM,4
SBZ,FKB,2
SBZ,FMM,6
SBZ,MUC,16
SBZ,NUE,4
SBZ,HER,0
SBZ,OTP,5
SBZ,LTN,8
SBW,BTU,8
SBW,JHB,9
SBW,BKI,8
SBW,KUL,50
SBW,KCH,52
SBW,MYY,40
SBW,MKM,4
SBW,SIN,4
SDY,BIL,41
SNY,DEN,1
SGE,RTM,1
SAY,NO,0
SIJ,NO,0
SXZ,ESB,2
SXZ,IST,6
SIK,NO,0
SLG,NO,0
SVC,ABQ,20
SVC,PHX,6
SIF,KTM,72
SIP,SVO,3
SIP,LED,5
SDW,BOM,5
SIN,ADL,8
SIN,BNE,32
SIN,CNS,3
SIN,DRW,4
SIN,OOL,3
SIN,MEL,70
SIN,PER,45
SIN,SYD,77
SIN,GYD,2
SIN,BAH,4
SIN,DAC,24
SIN,PBH,1
SIN,BWN,15
SIN,PNH,35
SIN,REP,12
SIN,YVR,4
SIN,PEK,28
SIN,CSX,1
SIN,CTU,2
SIN,TFU,14
SIN,CKG,8
SIN,FOC,8
SIN,CAN,36
SIN,HAK,7
SIN,HGH,26
SIN,KMG,4
SIN,NKG,7
SIN,NNG,12
SIN,NGB,2
SIN,TAO,5
SIN,PVG,83
SIN,SHE,4
SIN,SZX,29
SIN,TSN,17
SIN,WUH,1
SIN,XIY,6
SIN,XMN,16
SIN,CGO,3
SIN,CPH,5
SIN,ADD,4
SIN,NAN,4
SIN,HEL,8
SIN,CDG,24
SIN,BER,3
SIN,FRA,27
SIN,MUC,14
SIN,ATH,5
SIN,HKG,115
SIN,AMD,6
SIN,ATQ,6
SIN,BLR,27
SIN,BBI,2
SIN,MAA,49
SIN,COK,16
SIN,CJB,8
SIN,DEL,48
SIN,GAU,3
SIN,HYD,16
SIN,CCU,16
SIN,IXM,4
SIN,BOM,42
SIN,PNQ,4
SIN,TRZ,32
SIN,TRV,8
SIN,VTZ,5
SIN,BPN,3
SIN,DPS,139
SIN,CGK,234
SIN,LOP,4
SIN,UPG,8
SIN,MDC,4
SIN,KNO,24
SIN,PKU,6
SIN,SRG,2
SIN,SUB,55
SIN,YIA,20
SIN,MXP,8
SIN,FCO,6
SIN,FUK,3
SIN,NGO,3
SIN,KIX,23
SIN,HND,48
SIN,NRT,55
SIN,VTE,4
SIN,LUX,1
SIN,MFM,14
SIN,IPH,27
SIN,BKI,24
SIN,KUL,306
SIN,SZB,5
SIN,KUA,3
SIN,KCH,27
SIN,LGK,19
SIN,MYY,7
SIN,PEN,134
SIN,SBW,4
SIN,MLE,16
SIN,RGN,31
SIN,KTM,8
SIN,AMS,16
SIN,NOU,6
SIN,AKL,24
SIN,CHC,8
SIN,POM,6
SIN,CRK,17
SIN,CEB,24
SIN,DVO,11
SIN,MNL,117
SIN,DOH,24
SIN,JED,7
SIN,JNB,9
SIN,PUS,3
SIN,CJU,6
SIN,ICN,91
SIN,CMB,13
SIN,ZRH,15
SIN,TPE,85
SIN,DMK,52
SIN,BKK,164
SIN,CNX,14
SIN,HDY,8
SIN,USM,16
SIN,KBV,8
SIN,HKT,71
SIN,DIL,1
SIN,IST,15
SIN,AUH,8
SIN,DXB,32
SIN,DWC,3
SIN,SHJ,3
SIN,LHR,56
SIN,MAN,5
SIN,LAX,12
SIN,JFK,8
SIN,EWR,8
SIN,SFO,32
SIN,SEA,4
SIN,DAD,16
SIN,HAN,41
SIN,SGN,111
SFG,ANU,1
SFG,PTP,40
SFG,SBH,24
SXM,AXA,24
SXM,ANU,20
SXM,AUA,4
SXM,BGI,1
SXM,YYZ,2
SXM,CUR,11
SXM,DOM,1
SXM,JBQ,2
SXM,SDQ,9
SXM,CDG,7
SXM,PTP,5
SXM,SBH,269
SXM,PAP,1
SXM,KIN,2
SXM,SAB,22
SXM,EUX,24
SXM,PTY,2
SXM,SJU,6
SXM,SKB,17
SXM,POS,4
SXM,ATL,7
SXM,BOS,1
SXM,CLT,9
SXM,FLL,2
SXM,MIA,10
SXM,JFK,10
SXM,EWR,2
SXM,MCO,1
SXM,PHL,1
SXM,IAD,2
SXM,EIS,22
SQG,PNK,4
SIR,LTT,1
SIR,FLR,1
SIR,RAK,1
SIR,IBZ,1
SIR,PMI,2
SUX,EDC,1
SUX,ORD,8
SUX,DEN,8
SUX,LRJ,1
SYJ,THR,8
SXI,NO,0
SIS,JNB,22
SIT,CDV,1
SIT,JNU,23
SIT,KAE,0
SIT,KTN,22
SIT,KLW,0
SIT,PSG,0
SIT,SFO,1
SIT,SEA,17
SGY,HNS,0
SGY,JNU,0
SFT,PVK,1
SFT,ARN,41
SFT,BMA,3
SKE,NO,0
SQW,NO,0
SKP,VIE,15
SKP,CRL,4
SKP,SPU,2
SKP,ZAG,10
SKP,CPH,3
SKP,HRG,2
SKP,MLH,2
SKP,BSL,9
SKP,BVA,2
SKP,BER,5
SKP,BRE,2
SKP,CGN,5
SKP,DTM,8
SKP,FRA,11
SKP,HHN,4
SKP,FDH,3
SKP,HAM,4
SKP,FKB,4
SKP,FMM,8
SKP,NUE,2
SKP,ATH,4
SKP,BUD,2
SKP,BLQ,3
SKP,MXP,2
SKP,FCO,4
SKP,TSF,2
SKP,MLA,3
SKP,EIN,4
SKP,TRF,2
SKP,WAW,8
SKP,BEG,15
SKP,BTS,3
SKP,GOT,4
SKP,MMX,5
SKP,NYO,3
SKP,VXO,1
SKP,GVA,4
SKP,ZRH,20
SKP,MIR,2
SKP,AYT,7
SKP,BJV,2
SKP,IST,11
SKP,SAW,9
SKP,ADB,5
SKP,LTN,4
SZK,CPT,8
SZK,JNB,16
SKU,ATH,7
SKU,SKG,3
SLQ,SRV,3
SLD,NO,0
SXL,NO,0
SNK,NO,0
SCT,RIY,1
SOF,TIA,3
SOF,EVN,2
SOF,VIE,33
SOF,BRU,5
SOF,CRL,10
SOF,BOJ,1
SOF,VAR,24
SOF,ZAD,3
SOF,ZAG,2
SOF,LCA,5
SOF,PFO,4
SOF,PRG,4
SOF,CPH,5
SOF,BSL,3
SOF,NCE,6
SOF,BVA,8
SOF,CDG,8
SOF,LBG,1
SOF,BER,10
SOF,CGN,7
SOF,DTM,8
SOF,FRA,29
SOF,HHN,2
SOF,HAM,3
SOF,FKB,2
SOF,FMM,12
SOF,MUC,16
SOF,NUE,2
SOF,ATH,20
SOF,CHQ,3
SOF,CFU,2
SOF,HER,2
SOF,RHO,2
SOF,BUD,3
SOF,EBL,1
SOF,DUB,2
SOF,TLV,17
SOF,BRI,10
SOF,BLQ,8
SOF,CTA,6
SOF,BGY,18
SOF,NAP,6
SOF,PEG,1
SOF,CIA,10
SOF,FCO,8
SOF,TSF,2
SOF,MLA,3
SOF,AMS,8
SOF,EIN,13
SOF,WAW,16
SOF,WRO,2
SOF,LIS,3
SOF,DOH,3
SOF,OTP,17
SOF,RUH,2
SOF,BEG,7
SOF,BTS,3
SOF,ALC,3
SOF,BCN,12
SOF,IBZ,1
SOF,MAD,12
SOF,AGP,5
SOF,PMI,4
SOF,VLC,3
SOF,NYO,2
SOF,GVA,3
SOF,ZRH,7
SOF,DJE,1
SOF,NBE,5
SOF,AYT,5
SOF,BJV,3
SOF,DLM,1
SOF,IST,21
SOF,ADB,1
SOF,AUH,2
SOF,DXB,3
SOF,BHX,3
SOF,EDI,3
SOF,LPL,3
SOF,LGW,6
SOF,LHR,11
SOF,LTN,19
SOF,STN,19
SOF,MAN,2
SOG,BGO,14
SOG,HOV,7
SOG,OSL,20
SOG,SDN,22
SKO,ABV,18
SKO,MED,1
SXQ,NO,0
SLJ,PER,2
SME,NO,0
SGD,RNN,4
SGD,CPH,36
SGD,IOM,1
SGX,DAR,3
SGZ,NO,0
SOJ,HFT,6
SOJ,TOS,14
SOD,NO,0
SOQ,AMQ,8
SOQ,BXB,1
SOQ,FKQ,9
SOQ,CGK,15
SOQ,DJJ,8
SOQ,KNG,8
SOQ,UPG,95
SOQ,MDC,8
SOQ,MKW,49
SMT,CGB,7
SBN,ATL,21
SBN,BEH,1
SBN,BMG,1
SBN,CLT,23
SBN,ORD,40
SBN,CLU,1
SBN,DFW,24
SBN,IND,2
SBN,MKC,1
SBN,LAS,3
SBN,SDF,1
SBN,MEM,1
SBN,MSP,8
SBN,SFB,3
SBN,AZA,2
SBN,PGD,3
SBN,RDU,2
SBN,SRQ,2
SBN,PIE,3
SBN,TEB,1
SOU,EGC,1
SOU,NCE,1
SOU,LBG,1
SOU,ORY,8
SOU,TLS,1
SOU,GCI,31
SOU,DUB,14
SOU,JER,32
SOU,AMS,14
SOU,FAO,1
SOU,AGP,1
SOU,PMI,3
SOU,ACI,16
SOU,BHD,15
SOU,EDI,30
SOU,FAB,1
SOU,GLA,29
SOU,NCL,15
SEN,AMS,4
SEN,FAO,4
SEN,AGP,6
SEN,PMI,5
SEN,GLA,1
SOP,GAI,1
SOP,HPN,1
SHQ,NO,0
SZA,CBT,2
SZA,LAD,6
SPM,NO,0
SPA,SPA,1
SPF,NO,0
SPW,NO,0
SPU,VIE,19
SPU,ANR,2
SPU,BRU,2
SPU,DBV,3
SPU,OSI,1
SPU,PUY,2
SPU,RJK,4
SPU,ZAD,1
SPU,ZAG,30
SPU,PRG,10
SPU,CPH,8
SPU,TLL,2
SPU,HEL,9
SPU,BSL,8
SPU,BOD,2
SPU,LIL,1
SPU,LYS,4
SPU,MRS,2
SPU,NTE,2
SPU,CDG,7
SPU,ORY,5
SPU,TLS,2
SPU,BER,10
SPU,CGN,7
SPU,DTM,4
SPU,DUS,17
SPU,FRA,20
SPU,HAM,6
SPU,MUC,26
SPU,STR,9
SPU,ATH,3
SPU,DUB,11
SPU,TLV,3
SPU,MXP,5
SPU,NAP,3
SPU,FCO,20
SPU,RIX,2
SPU,AMS,17
SPU,RTM,6
SPU,SKP,2
SPU,BGO,1
SPU,OSL,9
SPU,SVG,1
SPU,TRD,1
SPU,GDN,2
SPU,KTW,2
SPU,KRK,3
SPU,LUZ,2
SPU,WAW,5
SPU,WRO,3
SPU,OTP,2
SPU,BEG,5
SPU,BCN,2
SPU,GOT,1
SPU,ARN,14
SPU,GVA,4
SPU,ZRH,11
SPU,BHX,2
SPU,BRS,6
SPU,EDI,1
SPU,GLA,2
SPU,LBA,2
SPU,LCY,0
SPU,LGW,24
SPU,LHR,12
SPU,LTN,12
SPU,STN,4
SPU,MAN,11
SFF,BFI,1
SPZ,HOU,1
SGF,ATL,23
SGF,CLT,24
SGF,ORD,44
SGF,DFW,55
SGF,DEN,32
SGF,VPS,3
SGF,DBQ,1
SGF,IAH,17
SGF,MKC,1
SGF,LAS,3
SGF,LAX,3
SGF,SDF,1
SGF,MEM,1
SGF,MIQ,1
SGF,SFB,5
SGF,AZA,4
SGF,PGD,2
SGF,ROG,1
SGF,SJC,1
SGF,PIE,7
SPI,ACY,1
SPI,MDH,1
SPI,CMI,1
SPI,ORD,16
SPI,COS,1
SPI,PGD,2
SGH,NO,0
SEK,YKS,13
SXR,AMD,1
SXR,ATQ,16
SXR,IXC,28
SXR,DEL,243
SXR,GAU,1
SXR,HYD,8
SXR,IXJ,47
SXR,IXL,3
SXR,BOM,54
SXR,JED,12
SGO,CMA,2
SGO,WTB,2
STG,SNP,4
STG,DUT,1
SYT,NO,0
STC,YAG,1
STC,ENW,1
STC,LAS,1
STC,FCM,1
STX,SXM,1
STX,SJU,55
STX,SKB,3
STX,NEV,3
STX,ATL,1
STX,CLT,1
STX,FLL,8
STX,MIA,16
STX,STT,59
SGU,DEN,14
SGU,LAS,2
SGU,MSC,1
SGU,FCM,1
SGU,PHX,8
SGU,SLC,28
SGU,SJC,1
SBH,AXA,5
SBH,ANU,6
SBH,PTP,44
SBH,SFG,21
SBH,SXM,266
SBH,SJU,43
STL,YYZ,16
STL,PUJ,5
STL,FRA,4
STL,MBJ,6
STL,CUN,17
STL,SJU,1
STL,PLS,1
STL,ASE,2
STL,ATL,75
STL,AUS,23
STL,BWI,26
STL,BOS,30
STL,BRL,12
STL,CHS,2
STL,CLT,44
STL,MDW,51
STL,ORD,92
STL,RFD,1
STL,CLE,15
STL,CMH,13
STL,DFW,40
STL,DAL,47
STL,DEN,94
STL,DSM,15
STL,VPS,2
STL,DTW,45
STL,FRG,1
STL,FXE,1
STL,FLL,12
STL,FTW,1
STL,HDN,2
STL,IAH,25
STL,HOU,32
STL,IND,1
STL,JAX,9
STL,JBR,14
STL,MCI,28
STL,IGM,1
STL,IRK,23
STL,LAF,1
STL,LAS,44
STL,LIT,14
STL,LGB,8
STL,LAX,31
STL,SDF,1
STL,MWA,27
STL,MEM,1
STL,MIA,11
STL,MKE,15
STL,MSP,47
STL,MYR,2
STL,BNA,29
STL,MSY,15
STL,LGA,93
STL,EWR,32
STL,OAK,7
STL,OKC,15
STL,OMA,16
STL,MCO,53
STL,OWB,8
STL,ECP,12
STL,PNS,10
STL,PHL,25
STL,PHX,41
STL,PIT,8
STL,PDX,1
STL,UIN,21
STL,RDU,9
STL,SMF,8
STL,SLC,25
STL,SAT,8
STL,SAN,10
STL,SJC,1
STL,SNA,1
STL,SRQ,2
STL,SEA,23
STL,RSW,18
STL,SUS,2
STL,PIE,1
STL,TPA,21
STL,TEB,1
STL,TUL,15
STL,IAD,16
STL,DCA,51
STL,ICT,15
STL,ILG,1
SUS,AMA,1
SUS,AND,0
SUS,BTR,1
SUS,CYS,1
SUS,CEU,1
SUS,BKL,1
SUS,YIP,1
SUS,FLL,1
SUS,OJC,2
SUS,JCI,5
SUS,LIT,5
SUS,APF,1
SUS,QQN,1
SUS,UIN,1
SUS,SNA,1
SUS,SPI,1
SUS,STL,1
SUS,STP,0
SUS,TEB,1
SUS,TUL,1
SMK,WBB,23
SMK,UNK,7
SMV,SZG,1
SMV,PRG,1
SMV,QCZ,1
STP,YAG,1
STP,BJI,1
STP,CEU,1
STP,DRO,1
STP,FAR,1
STP,SUN,1
STP,TYQ,1
STP,LAX,1
STP,MSN,1
STP,FCM,1
STP,MSP,1
STP,PIR,0
STP,STS,1
STP,FSD,1
STP,STP,1
STP,TEB,1
STP,HPN,1
SNP,ANC,8
SNP,STG,4
SPG,NO,0
STT,AXA,4
STT,ANU,1
STT,DOM,3
STT,SDQ,2
STT,SJU,120
STT,SKB,4
STT,NEV,12
STT,ATL,14
STT,CLT,8
STT,ORD,2
STT,DFW,1
STT,FLL,8
STT,IAH,8
STT,MIA,16
STT,JFK,16
STT,EWR,2
STT,MCO,8
STT,PHL,1
STT,IAD,8
STT,EIS,17
STT,VIJ,8
STT,STX,59
SCE,ORD,24
SCE,BKL,1
SCE,HOU,1
SCE,EWR,17
SCE,PHL,22
SCE,PIT,5
SCE,TEB,0
SVH,CTH,1
SVH,FLL,1
SVH,TOP,1
SVH,TVC,2
SVH,ILG,1
STA,KRS,1
SHD,CLT,14
SHD,CHA,1
SHD,EKX,1
SHD,GSO,1
SHD,MNZ,1
SHD,WGO,1
SVG,VAR,1
SVG,SPU,1
SVG,CPH,42
SVG,EBJ,7
SVG,NCE,1
SVG,FRA,13
SVG,CHQ,1
SVG,RHO,1
SVG,KUN,3
SVG,AMS,35
SVG,BGO,131
SVG,OSL,171
SVG,TRF,20
SVG,TRD,27
SVG,GDN,7
SVG,KRK,6
SVG,ALC,4
SVG,AGP,3
SVG,PMI,1
SVG,ARN,6
SVG,AYT,1
SVG,ABZ,25
SVG,EDI,3
SVG,LGW,10
SVG,LHR,7
SVG,MAN,2
SVG,NCL,6
STW,SVO,32
STW,VKO,3
STW,AER,2
STW,LED,3
STW,SVX,2
STW,AYT,4
STW,IST,3
SBS,NO,0
SML,NAS,22
SEP,NO,0
SQI,NO,0
STE,NO,0
SWO,DFW,16
SWO,FSK,1
SWO,LRU,1
SWO,PNC,1
SCK,LAS,10
SCK,LGB,1
SCK,PHX,2
SCK,PDX,1
SKN,BOO,32
SKN,SVJ,3
SKN,TOS,14
SRP,NO,0
SYY,BEB,8
SYY,EDI,8
SYY,GLA,22
SYY,INV,14
SRN,NO,0
SXB,ALG,3
SXB,CZL,1
SXB,BRU,2
SXB,AJA,5
SXB,BIA,5
SXB,BIQ,3
SXB,BOD,7
SXB,CMR,1
SXB,FSC,2
SXB,LYS,19
SXB,MRS,9
SXB,MPL,2
SXB,NTE,4
SXB,NCE,7
SXB,LBG,3
SXB,TLS,8
SXB,TNF,1
SXB,FRA,2
SXB,ATH,2
SXB,CFU,1
SXB,OLB,1
SXB,PMO,1
SXB,FCO,3
SXB,AGA,2
SXB,CMN,3
SXB,FEZ,1
SXB,NDR,1
SXB,AMS,12
SXB,RTM,1
SXB,WAW,1
SXB,FAO,2
SXB,OPO,2
SXB,OTP,1
SXB,BCN,3
SXB,MAD,8
SXB,PMI,1
SXB,DJE,1
SXB,TUN,5
SXB,IST,3
SWT,TOF,3
SOY,NO,0
SUA,BWI,1
SUA,UGN,1
SUA,LUK,1
SUA,FLL,1
SUA,AZO,0
SUA,LAL,1
SUA,OMA,1
SUA,PHL,1
SUA,PPM,1
SUA,RST,1
SUA,MQY,1
SUE,NO,0
STR,TIA,2
STR,VIE,38
STR,SJJ,2
STR,BOJ,3
STR,VAR,4
STR,BVC,2
STR,DBV,1
STR,PUY,1
STR,RJK,3
STR,SPU,9
STR,ZAD,2
STR,ZAG,5
STR,LCA,2
STR,CPH,7
STR,HRG,11
STR,RMF,2
STR,BIA,1
STR,BOD,3
STR,LME,1
STR,LYS,9
STR,NCE,3
STR,CDG,20
STR,BER,43
STR,BRE,3
STR,QCO,1
STR,MGL,1
STR,FRA,36
STR,HHN,1
STR,HAM,45
STR,HAJ,1
STR,FKB,1
STR,LEJ,1
STR,QCM,1
STR,MUC,31
STR,FMO,7
STR,GWT,3
STR,QCZ,2
STR,PVK,4
STR,ATH,8
STR,CHQ,2
STR,CFU,7
STR,HER,21
STR,KVA,4
STR,KGS,7
STR,JMK,2
STR,GPA,1
STR,RHO,11
STR,JTR,2
STR,SKG,17
STR,ZTH,1
STR,BUD,14
STR,BRI,4
STR,BDS,2
STR,CAG,3
STR,CTA,10
STR,SUF,4
STR,LIN,13
STR,MXP,8
STR,NAP,7
STR,OLB,8
STR,PMO,3
STR,FCO,8
STR,VCE,3
STR,PRN,11
STR,RIX,4
STR,TIV,1
STR,AMS,40
STR,KRK,2
STR,WAW,9
STR,FAO,6
STR,FNC,1
STR,LIS,6
STR,OPO,4
STR,OTP,4
STR,TSR,2
STR,BEG,7
STR,ALC,4
STR,BCN,26
STR,BIO,2
STR,FUE,7
STR,LPA,5
STR,IBZ,8
STR,XRY,1
STR,ACE,1
STR,MAH,3
STR,AGP,6
STR,PMI,63
STR,TFS,6
STR,VLC,4
STR,HAD,1
STR,ARN,4
STR,ZRH,21
STR,DJE,2
STR,MIR,2
STR,ADA,2
STR,ESB,5
STR,AYT,56
STR,BJV,1
STR,DLM,3
STR,DIY,1
STR,EZS,1
STR,GZT,3
STR,IST,29
STR,SAW,27
STR,ADB,24
STR,ASR,4
STR,KYA,1
STR,SZF,4
STR,TZX,1
STR,FAB,1
STR,LHR,41
STR,ATL,5
SGT,NO,0
SFS,NO,0
SCV,CRL,3
SCV,LCA,2
SCV,PRG,1
SCV,BVA,3
SCV,DTM,4
SCV,FMM,3
SCV,BLQ,2
SCV,BGY,8
SCV,FCO,7
SCV,TSF,3
SCV,EIN,2
SCV,OTP,18
SCV,AYT,2
SCV,LTN,11
SRE,CBB,31
SRE,LPB,12
SRE,VVI,41
SRE,TJA,6
SYU,BDD,2
SYU,CNC,12
SYU,HID,9
SGR,SJD,1
SGR,ABI,1
SGR,AVL,1
SGR,AUS,1
SGR,CTW,1
SGR,DAL,1
SGR,GJT,0
SGR,MAF,1
SGR,NEW,0
SGR,IKB,1
SGR,PGO,1
SGR,SAT,1
SGR,SAF,1
SGR,TPA,1
SGR,TUS,1
SGR,TUP,1
SKZ,ISB,4
SKZ,KHI,8
SIV,NO,0
SLR,NO,0
SWQ,LOP,32
SUP,NO,0
SUR,YXL,5
SUR,WNN,7
SUM,NO,0
SDL,CHQ,1
SDL,ARN,18
SUY,YKS,2
SUW,NO,0
SUB,BWN,5
SUB,HKG,6
SUB,BPN,88
SUB,BDO,3
SUB,BDJ,70
SUB,BTH,27
SUB,DPS,123
SUB,HLP,85
SUB,CGK,328
SUB,KOE,42
SUB,LBJ,15
SUB,LOP,47
SUB,UPG,206
SUB,MDC,8
SUB,PKY,19
SUB,PLM,8
SUB,PKN,16
SUB,PNK,24
SUB,AAP,29
SUB,SMQ,8
SUB,TRK,8
SUB,JOG,11
SUB,JHB,4
SUB,KUL,40
SUB,PEN,4
SUB,JED,6
SUB,MED,7
SUB,SIN,55
SUB,DIL,1
SOC,DPS,23
SOC,HLP,22
SOC,CGK,67
SOC,PNK,8
STV,IXG,3
STV,BLR,16
STV,BHJ,7
STV,MAA,4
STV,DEL,32
STV,GOI,8
STV,HYD,8
STV,JAI,8
STV,KQH,3
STV,CCU,8
STV,SHJ,3
SGC,EVN,1
SGC,GYD,3
SGC,FRU,2
SGC,OSS,3
SGC,BAX,1
SGC,EYK,2
SGC,UUA,3
SGC,CEK,2
SGC,RGK,2
SGC,KZN,2
SGC,HMA,7
SGC,KRO,3
SGC,MCX,3
SGC,MRV,3
SGC,SVO,24
SGC,VKO,27
SGC,OVB,19
SGC,OMS,8
SGC,PEE,2
SGC,KUF,11
SGC,GSV,4
SGC,AER,14
SGC,LED,19
SGC,TLK,6
SGC,TOX,1
SGC,RMZ,1
SGC,TOF,4
SGC,TJM,17
SGC,UFA,27
SGC,SVX,9
SGC,LBD,4
SGC,AYT,1
SGC,FEG,2
SGC,TAS,2
SUG,CEB,12
SUG,MNL,8
SKH,KTM,8
SVE,NO,0
SUV,ICI,1
SUV,KDV,1
SUV,KXF,2
SUV,LBS,27
SUV,LKB,1
SUV,TVU,4
SUV,NAN,50
SUV,RTA,1
SUV,SVU,4
SUV,VBV,1
SUV,FUN,3
SVJ,BOO,41
SVJ,RET,7
SWP,NO,0
SWH,NO,0
SWS,NO,0
SYD,ADL,145
SYD,ABX,53
SYD,ASP,8
SYD,ARM,40
SYD,AYQ,9
SYD,BNK,53
SYD,BHS,11
SYD,BXG,6
SYD,BNE,364
SYD,BHQ,8
SYD,BME,1
SYD,CNS,47
SYD,CBR,182
SYD,CAZ,6
SYD,CFS,56
SYD,OOM,2
SYD,DRW,22
SYD,DBO,56
SYD,OOL,172
SYD,GFF,23
SYD,HTI,22
SYD,HVB,5
SYD,HBA,62
SYD,LST,22
SYD,LDH,10
SYD,MEL,610
SYD,AVV,23
SYD,MIM,18
SYD,MQL,9
SYD,MRZ,13
SYD,MYA,7
SYD,DGE,6
SYD,NAA,0
SYD,NRA,14
SYD,NTL,6
SYD,NLK,3
SYD,OAG,39
SYD,PKE,19
SYD,PER,113
SYD,PQQ,52
SYD,PPP,6
SYD,MCY,56
SYD,TMW,29
SYD,WTB,7
SYD,TSV,17
SYD,WGA,49
SYD,YVR,12
SYD,SCL,4
SYD,PEK,5
SYD,CKG,2
SYD,CAN,16
SYD,HAK,6
SYD,TAO,3
SYD,PVG,16
SYD,XMN,8
SYD,CGO,2
SYD,NAN,32
SYD,HKG,37
SYD,BLR,4
SYD,DEL,8
SYD,DPS,50
SYD,CGK,10
SYD,HND,32
SYD,KUL,24
SYD,NOU,9
SYD,AKL,105
SYD,CHC,29
SYD,ZQN,23
SYD,WLG,24
SYD,POM,2
SYD,MNL,22
SYD,DOH,8
SYD,APW,2
SYD,SIN,70
SYD,JNB,7
SYD,ICN,27
SYD,CMB,3
SYD,TPE,8
SYD,DMK,1
SYD,BKK,19
SYD,HKT,3
SYD,TBU,1
SYD,AUH,7
SYD,DXB,24
SYD,DFW,8
SYD,HNL,15
SYD,LAX,34
SYD,SFO,11
SYD,VLI,5
SYD,HAN,2
SYD,SGN,17
SCW,SVO,19
SCW,VKO,8
SCW,NNM,3
SCW,PEX,3
SCW,AER,6
SCW,LED,23
SCW,USK,2
SCW,UTS,2
SCW,SVX,4
SYR,ATL,23
SYR,BWI,23
SYR,BOS,15
SYR,BUF,1
SYR,IFP,1
SYR,BTV,1
SYR,CHS,2
SYR,CLT,24
SYR,ORD,40
SYR,DFW,8
SYR,DEN,13
SYR,DTW,31
SYR,FLL,2
SYR,IND,1
SYR,LAS,2
SYR,SDF,3
SYR,MEM,1
SYR,MYR,2
SYR,BNA,4
SYR,JFK,24
SYR,LGA,21
SYR,EWR,23
SYR,ORF,3
SYR,MCO,13
SYR,SFB,3
SYR,PHL,24
SYR,RDU,4
SYR,ROC,6
SYR,SFM,1
SYR,SRQ,1
SYR,PIE,2
SYR,TPA,4
SYR,IAD,14
SYR,DCA,23
SZZ,DUB,2
SZZ,TRF,2
SZZ,KRK,3
SZZ,WAW,25
SZZ,WMI,5
SZZ,AYT,1
SZZ,LPL,2
SZZ,STN,7
SNW,AKY,9
SNW,RGN,27
SKG,EVN,2
SKG,SZG,1
SKG,VIE,14
SKG,BRU,6
SKG,CRL,2
SKG,PUY,1
SKG,ZAG,2
SKG,LCA,18
SKG,PFO,9
SKG,PRG,3
SKG,CPH,2
SKG,BSL,4
SKG,BVA,2
SKG,CDG,3
SKG,ORY,4
SKG,KUT,4
SKG,TBS,4
SKG,BER,14
SKG,CGN,10
SKG,DTM,7
SKG,DUS,17
SKG,FRA,16
SKG,HHN,2
SKG,HAM,8
SKG,HAJ,5
SKG,FMM,3
SKG,MUC,24
SKG,NUE,8
SKG,STR,17
SKG,NRN,4
SKG,ATH,113
SKG,CHQ,7
SKG,JKH,6
SKG,CFU,2
SKG,HER,20
SKG,KLX,7
SKG,KGS,3
SKG,LXS,7
SKG,JMK,5
SKG,MJT,11
SKG,PAS,8
SKG,RHO,8
SKG,SMI,8
SKG,JTR,10
SKG,SKU,3
SKG,BUD,6
SKG,DUB,2
SKG,TLV,17
SKG,BLQ,4
SKG,BGY,5
SKG,MXP,4
SKG,NAP,5
SKG,CIA,6
SKG,FCO,3
SKG,VCE,1
SKG,TSF,4
SKG,RIX,2
SKG,LUX,1
SKG,MLA,4
SKG,AMS,10
SKG,EIN,2
SKG,KRK,5
SKG,WAW,4
SKG,WMI,6
SKG,WRO,1
SKG,OTP,12
SKG,BEG,8
SKG,KVO,1
SKG,BTS,6
SKG,BCN,2
SKG,ARN,7
SKG,BMA,1
SKG,ZRH,11
SKG,IST,12
SKG,BHX,4
SKG,BRS,2
SKG,EDI,2
SKG,LBA,1
SKG,BQH,1
SKG,LCY,0
SKG,LGW,25
SKG,LHR,6
SKG,LTN,5
SKG,STN,10
SKG,MAN,10
SKG,NCL,1
SEZ,ADD,8
SEZ,BOM,2
SEZ,TLV,1
SEZ,NBO,6
SEZ,MRU,3
SEZ,DOH,8
SEZ,RUN,3
SEZ,SVO,2
SEZ,PRI,121
SEZ,JNB,4
SEZ,AUH,3
SEZ,DXB,15
SKS,NO,0
SPS,DFW,17
SVX,EVN,11
SVX,GYD,4
SVX,MSQ,2
SVX,HRG,1
SVX,SSH,1
SVX,SCO,3
SVX,ALA,5
SVX,NQZ,9
SVX,KGF,1
SVX,CIT,1
SVX,FRU,9
SVX,OSS,9
SVX,BAX,3
SVX,EYK,2
SVX,OGZ,3
SVX,BQS,8
SVX,CEE,2
SVX,HTA,8
SVX,RGK,4
SVX,IKT,9
SVX,IJK,3
SVX,KGD,8
SVX,KLF,1
SVX,KZN,9
SVX,KHV,8
SVX,HMA,6
SVX,KRR,3
SVX,KJA,5
SVX,LPK,2
SVX,MCX,12
SVX,MRV,23
SVX,DME,58
SVX,SVO,102
SVX,VKO,6
SVX,NYM,6
SVX,NNM,4
SVX,NJC,3
SVX,GOJ,3
SVX,NSK,4
SVX,NOZ,2
SVX,OVB,16
SVX,NUX,7
SVX,NOJ,5
SVX,NYA,3
SVX,OMS,3
SVX,REN,3
SVX,PES,2
SVX,SLY,3
SVX,KUF,11
SVX,GSV,2
SVX,AER,73
SVX,OVS,3
SVX,LED,80
SVX,STW,2
SVX,SGC,9
SVX,SCW,5
SVX,TOF,5
SVX,TJM,3
SVX,UFA,16
SVX,URJ,2
SVX,VVO,7
SVX,VOG,1
SVX,YKS,1
SVX,DYU,9
SVX,LBD,7
SVX,TJU,2
SVX,AYT,34
SVX,DLM,1
SVX,IST,8
SVX,DXB,8
SVX,SHJ,5
SVX,BHK,1
SVX,NMA,2
SVX,SKD,1
SVX,TAS,3
SZI,UKK,0
