Departure,Arrival,Number of flights
TDW,PNX,1
TNR,ADD,8
TNR,CDG,7
TNR,NBO,13
TNR,DIE,8
TNR,MJN,4
TNR,WMN,2
TNR,MOQ,3
TNR,NOS,8
TNR,SMS,3
TNR,SVB,6
TNR,TMM,4
TNR,FTU,7
TNR,TLE,8
TNR,MRU,8
TNR,RUN,9
TNR,JNB,8
TNR,EBB,1
TKG,HLP,4
TKG,CGK,64
TKG,PLM,3
TZA,CUK,32
TZA,DGA,58
TZA,SPR,88
TRI,ATL,28
TRI,CLT,54
TRI,DFW,16
TRI,DAY,1
TRI,GSO,1
TRI,MNZ,5
TRI,QQN,0
TRI,SFB,2
TRI,PIE,2
TRI,VNC,1
TGP,KJA,3
TFU,MEL,4
TFU,PNH,3
TFU,YVR,3
TFU,AKU,28
TFU,AQG,4
TFU,AEB,4
TFU,BSD,8
TFU,BAV,12
TFU,RLK,4
TFU,BHY,35
TFU,PEK,83
TFU,PKX,100
TFU,CGQ,32
TFU,CGD,8
TFU,CSX,72
TFU,CIH,4
TFU,CZX,32
TFU,HCZ,4
TFU,JUH,4
TFU,DLU,40
TFU,DLC,14
TFU,DCY,16
TFU,DAT,8
TFU,DYG,20
TFU,DZH,32
TFU,DOY,4
TFU,DNH,4
TFU,EHU,8
TFU,FUO,8
TFU,FOC,38
TFU,KOW,16
TFU,GZG,8
TFU,CAN,121
TFU,KWL,16
TFU,KWE,5
TFU,HAK,44
TFU,HMI,12
TFU,HGH,104
TFU,HRB,52
TFU,HFE,70
TFU,HNY,5
TFU,HZA,8
TFU,HET,31
TFU,AHJ,4
TFU,HTN,12
TFU,HIA,8
TFU,TXN,4
TFU,HYN,16
TFU,HUZ,28
TFU,JGS,8
TFU,SWA,26
TFU,TNA,74
TFU,JDZ,4
TFU,JHG,37
TFU,SHS,4
TFU,JNG,4
TFU,JIU,2
TFU,KRY,15
TFU,KHG,24
TFU,KRL,28
TFU,KMG,96
TFU,KCA,8
TFU,LHW,41
TFU,LXA,80
TFU,LYG,8
TFU,LJG,51
TFU,LNJ,4
TFU,LFQ,6
TFU,LYI,8
TFU,LZH,4
TFU,LNL,4
TFU,LLV,8
TFU,LUM,26
TFU,KHN,65
TFU,NKG,77
TFU,NNG,61
TFU,NTG,42
TFU,NNY,4
TFU,NGB,47
TFU,LZY,24
TFU,DSN,14
TFU,SYM,4
TFU,TAO,71
TFU,IQN,1
TFU,BAR,8
TFU,JJN,27
TFU,JUZ,16
TFU,RIZ,5
TFU,SYX,87
TFU,SHA,112
TFU,PVG,65
TFU,DIG,5
TFU,HSC,4
TFU,SHE,67
TFU,SZX,131
TFU,SHF,4
TFU,SJW,52
TFU,WDS,8
TFU,JZH,20
TFU,TCG,4
TFU,TYN,51
TFU,TVS,8
TFU,TWC,4
TFU,TCZ,8
TFU,TSN,67
TFU,URC,100
TFU,WEF,4
TFU,WEH,8
TFU,WNH,4
TFU,WNZ,40
TFU,WUA,4
TFU,WUH,77
TFU,WHA,8
TFU,CQW,3
TFU,WUX,52
TFU,WUS,8
TFU,XIY,4
TFU,XMN,64
TFU,XFN,8
TFU,XIC,8
TFU,XNN,42
TFU,XAI,8
TFU,WUT,4
TFU,XUZ,16
TFU,ENY,4
TFU,YNZ,8
TFU,YTY,21
TFU,YNT,38
TFU,YIH,8
TFU,YIC,4
TFU,INC,29
TFU,YIN,28
TFU,YIW,24
TFU,YLX,4
TFU,UYN,4
TFU,YCU,8
TFU,YUS,4
TFU,ZHA,27
TFU,CGO,55
TFU,ZUH,32
TFU,WMT,4
TFU,CAI,3
TFU,ADD,4
TFU,CDG,4
TFU,FRA,3
TFU,HKG,26
TFU,DEL,6
TFU,BOM,2
TFU,CGK,3
TFU,FCO,4
TFU,KIX,6
TFU,NRT,1
TFU,VTE,1
TFU,MFM,8
TFU,KTM,9
TFU,SVO,3
TFU,LED,3
TFU,SIN,14
TFU,ICN,15
TFU,TSA,3
TFU,TPE,8
TFU,DMK,16
TFU,BKK,16
TFU,CNX,1
TFU,USM,1
TFU,HKT,11
TFU,DXB,3
TFU,LHR,3
TFU,LAX,1
TFU,TAS,3
TFU,SGN,2
TFU,CXR,2
TKK,GUM,5
TKK,PNI,3
TZN,NAS,4
TAE,DYG,5
TAE,FUK,8
TAE,KIX,8
TAE,NRT,8
TAE,CEB,3
TAE,CJU,93
TAE,ICN,8
TAE,TPE,16
TAE,BKK,8
TAE,DAD,8
TAZ,ASB,24
TAZ,MYP,2
TAZ,KRW,2
TVY,KAW,8
TVY,MGZ,5
TVY,RGN,26
TXN,PEK,8
TXN,TFU,4
TXN,CKG,8
TXN,DLC,5
TXN,CAN,6
TXN,SWA,4
TXN,KMG,5
TXN,NNG,4
TXN,TAO,4
TXN,SZX,8
TXN,WNZ,8
TXN,XIY,8
TXN,XMN,8
TXN,CGO,4
TXN,HSN,4
TYQ,YQA,1
TYQ,MDW,1
TYQ,DBQ,1
TYQ,HHH,1
TYQ,EAR,1
TYQ,UIN,1
TTY,NO,0
TNA,BZX,4
TNA,CGQ,53
TNA,CSX,78
TNA,CTU,44
TNA,TFU,74
TNA,CKG,80
TNA,DLC,68
TNA,DYG,8
TNA,FOC,27
TNA,KOW,10
TNA,GYS,8
TNA,CAN,98
TNA,KWL,16
TNA,KWE,42
TNA,HAK,20
TNA,HLD,11
TNA,HGH,8
TNA,HRB,91
TNA,HET,19
TNA,HJJ,3
TNA,HYN,3
TNA,JGS,3
TNA,JMU,5
TNA,JHG,8
TNA,SHS,0
TNA,KMG,88
TNA,LHW,40
TNA,LJG,12
TNA,LZO,4
TNA,MIG,16
TNA,KHN,23
TNA,NAO,4
TNA,NKG,8
TNA,NNG,23
TNA,DSN,8
TNA,TAO,1
TNA,NDG,3
TNA,JJN,19
TNA,JUZ,4
TNA,SYX,26
TNA,SHA,20
TNA,PVG,31
TNA,SQD,4
TNA,SHE,46
TNA,SZX,82
TNA,TGO,4
TNA,URC,55
TNA,WXN,2
TNA,WEH,8
TNA,WNZ,20
TNA,WUA,4
TNA,WUH,54
TNA,WHA,4
TNA,XIY,71
TNA,XMN,57
TNA,XFN,8
TNA,YNT,8
TNA,YBP,8
TNA,YIH,4
TNA,INC,16
TNA,YIW,4
TNA,UYN,8
TNA,YCU,4
TNA,ZHA,8
TNA,HSN,8
TNA,ZUH,20
TNA,WMT,8
TNA,HKG,8
TNA,NGO,4
TNA,KIX,10
TNA,ALA,1
TNA,ICN,10
TNA,DMK,4
TKQ,BJM,3
TKQ,DAR,5
TNM,NO,0
TYS,ABE,1
TYS,FTY,1
TYS,ATL,61
TYS,AUS,2
TYS,BOS,3
TYS,QQY,1
TYS,CLT,52
TYS,MDW,2
TYS,ORD,48
TYS,BKL,1
TYS,CRS,1
TYS,DFW,24
TYS,DAL,1
TYS,DEN,22
TYS,VPS,4
TYS,DTW,8
TYS,FLL,8
TYS,IAH,24
TYS,HOU,2
TYS,IND,1
TYS,MKC,1
TYS,LAS,2
TYS,LZU,7
TYS,SDF,1
TYS,MEM,2
TYS,MIA,8
TYS,MSP,3
TYS,ACK,1
TYS,QQN,1
TYS,LGA,28
TYS,EWR,2
TYS,SFB,13
TYS,PHL,24
TYS,PHX,3
TYS,PGD,4
TYS,MQY,1
TYS,PIE,10
TYS,SVH,1
TYS,IAD,16
TYS,DCA,22
TGG,KUL,36
TGG,SZB,42
TJU,DME,16
TJU,ZIA,8
TJU,LED,1
TJU,SVX,2
TER,YYZ,4
TER,CHR,1
TER,FLW,5
TER,GRW,19
TER,HOR,18
TER,LIS,29
TER,PIX,19
TER,PDL,57
TER,OPO,7
TER,SJZ,17
TER,BOS,1
TER,JFK,1
TER,OAK,1
TOJ,NO,0
TVU,NAN,30
TVU,SUV,5
TMB,RSD,1
TMB,MIA,1
TMB,OPF,1
TMB,ORL,1
TMB,TPA,1
TMB,TEB,1
TGN,NO,0
TTX,NO,0
TBI,NAS,6
TNU,PWK,1
TRF,TIA,2
TRF,ZAG,3
TRF,CPH,5
TRF,BGY,5
TRF,RIX,5
TRF,VNO,3
TRF,AMS,16
TRF,SKP,2
TRF,BGO,42
TRF,TRF,1
TRF,SVG,18
TRF,TRD,22
TRF,GDN,19
TRF,KTW,3
TRF,KRK,10
TRF,POZ,3
TRF,SZZ,2
TRF,WAW,6
TRF,WMI,8
TRF,WRO,3
TRF,OTP,6
TRF,ALC,7
TRF,AGP,4
TRF,PMI,2
TRF,STN,6
TRF,MAN,6
TAG,DVO,8
TAG,ENI,4
TAG,MNL,85
TAG,ICN,6
THU,CPH,1
THU,SFJ,1
THU,NAQ,2
THU,SVR,2
TGD,VIE,20
TGD,CRL,0
TGD,ZAG,3
TGD,CPH,4
TGD,LYS,2
TGD,NTE,2
TGD,CDG,5
TGD,ORY,2
TGD,BER,4
TGD,DTM,2
TGD,FRA,5
TGD,FMM,2
TGD,ATH,2
TGD,BUD,2
TGD,MXP,2
TGD,FCO,2
TGD,ALA,3
TGD,NQZ,3
TGD,GDN,3
TGD,KTW,2
TGD,KRK,4
TGD,POZ,1
TGD,WAW,11
TGD,WRO,3
TGD,BEG,53
TGD,LJU,6
TGD,BCN,3
TGD,ZRH,5
TGD,IST,18
TGD,LGW,3
TGD,STN,3
TGD,MAN,2
TAT,BOJ,0
TAT,AYT,3
TAT,LTN,2
TTD,NO,0
TMT,ORX,3
TMT,STM,0
TAO,MEL,2
TAO,SYD,2
TAO,AQG,4
TAO,BAV,4
TAO,PEK,51
TAO,PKX,4
TAO,CGQ,73
TAO,CGD,4
TAO,CSX,72
TAO,CZX,11
TAO,CTU,32
TAO,TFU,71
TAO,CIF,8
TAO,CKG,74
TAO,DLC,67
TAO,DQA,12
TAO,DAT,4
TAO,DZH,4
TAO,EHU,4
TAO,FOC,26
TAO,CAN,67
TAO,KWL,4
TAO,KWE,20
TAO,HLD,4
TAO,HGH,95
TAO,HRB,101
TAO,HFE,20
TAO,HNY,4
TAO,HET,24
TAO,TXN,4
TAO,HYN,3
TAO,JMU,16
TAO,SWA,4
TAO,TNA,1
TAO,JDZ,4
TAO,SHS,4
TAO,JNG,4
TAO,JXA,8
TAO,KMG,41
TAO,LHW,17
TAO,LJG,3
TAO,LFQ,4
TAO,LZO,4
TAO,LLV,4
TAO,MIG,4
TAO,MDG,23
TAO,KHN,47
TAO,NKG,46
TAO,NNG,7
TAO,NNY,2
TAO,NGB,42
TAO,DSN,8
TAO,NDG,3
TAO,JJN,4
TAO,JUZ,8
TAO,SHA,116
TAO,PVG,56
TAO,SQD,8
TAO,SHE,70
TAO,SZX,56
TAO,WDS,4
TAO,TYN,32
TAO,TNH,4
TAO,URC,8
TAO,WNZ,24
TAO,WUH,82
TAO,WUX,16
TAO,XIY,74
TAO,XMN,32
TAO,XFN,4
TAO,XNN,8
TAO,YNJ,13
TAO,INC,12
TAO,YIW,8
TAO,YYA,4
TAO,UYN,4
TAO,YCU,4
TAO,CGO,16
TAO,HSN,11
TAO,WMT,6
TAO,CDG,1
TAO,HKG,3
TAO,NGO,6
TAO,KIX,18
TAO,NRT,17
TAO,MFM,4
TAO,KUL,3
TAO,SVO,4
TAO,SIN,6
TAO,PUS,8
TAO,ICN,73
TAO,TPE,0
TAO,BKK,7
TAO,DXB,4
TAO,LHR,3
TAO,HAN,4
TMS,LAD,1
TMS,LBV,4
TMS,ACC,3
TMS,LIS,3
TMS,PCP,15
THD,BMV,4
THD,SGN,82
THD,PQC,4
TAB,BGI,2
TAB,UVF,1
TAB,POS,114
TAB,JFK,2
TVL,NO,0
TYM,CCZ,1
TBR,NO,0
THS,BKK,16
TCP,PRG,1
TCP,KTW,1
TCP,BTS,1
TBJ,NO,0
TCX,THR,2
TBT,MAO,7
TBF,AIS,2
TBF,NIG,3
TBF,TSU,1
TBF,TMN,2
TBF,TRW,14
TBH,MNL,4
TBO,DAR,2
TBZ,HAM,1
TBZ,AWZ,2
TBZ,PGU,1
TBZ,BND,3
TBZ,IFN,1
TBZ,KSH,1
TBZ,KIH,6
TBZ,MHD,16
TBZ,SYZ,4
TBZ,IKA,1
TBZ,THR,74
TBZ,NJF,2
TBZ,MED,20
TBZ,IST,10
TBZ,SAW,5
TBG,UNG,2
TBG,POM,2
TUU,CAI,21
TUU,HMB,3
TUU,DMM,4
TUU,JED,54
TUU,RUH,64
TUU,DXB,8
TUU,SHJ,4
TCG,AAT,4
TCG,TFU,4
TCG,HMI,4
TCG,SHF,2
TCG,URC,20
TCG,YIN,12
THL,HEH,17
THL,LSH,21
THL,MDL,30
THL,RGN,30
TAC,CEB,37
TAC,MNL,100
TCQ,LIM,44
TIW,SJC,1
TIW,STS,1
TIW,BFI,0
TGK,NO,0
TIF,AKT,1
TIF,CAI,22
TIF,DOH,8
TIF,AHB,3
TIF,DMM,12
TIF,JED,4
TIF,GIZ,2
TIF,RUH,50
TIF,SHW,2
TIF,DXB,5
TIF,SHJ,5
TNN,KNH,16
TNN,MZG,24
TPE,BNE,10
TPE,MEL,5
TPE,SYD,6
TPE,VIE,8
TPE,BWN,4
TPE,PNH,14
TPE,YYZ,8
TPE,YVR,16
TPE,PEK,24
TPE,TFU,8
TPE,CKG,7
TPE,FOC,4
TPE,CAN,37
TPE,HGH,8
TPE,NKG,10
TPE,NGB,2
TPE,TAO,0
TPE,PVG,92
TPE,SZX,32
TPE,XMN,22
TPE,CGO,2
TPE,CDG,8
TPE,FRA,8
TPE,MUC,5
TPE,HKG,242
TPE,DEL,2
TPE,BOM,2
TPE,DPS,16
TPE,CGK,21
TPE,MXP,5
TPE,FCO,3
TPE,AKJ,1
TPE,FUK,48
TPE,HKD,2
TPE,HNA,2
TPE,HIJ,5
TPE,KKJ,3
TPE,KCZ,2
TPE,KMQ,8
TPE,NGO,32
TPE,KIJ,2
TPE,OKJ,8
TPE,OKA,48
TPE,IBR,3
TPE,KIX,108
TPE,HSG,3
TPE,CTS,39
TPE,SDJ,20
TPE,TAK,5
TPE,HND,16
TPE,NRT,144
TPE,ALA,1
TPE,LUX,1
TPE,MFM,38
TPE,BKI,10
TPE,KUL,54
TPE,PEN,21
TPE,RGN,5
TPE,AMS,4
TPE,AKL,4
TPE,ROR,2
TPE,CRK,12
TPE,MPH,3
TPE,CEB,27
TPE,MNL,92
TPE,SIN,92
TPE,PUS,35
TPE,TAE,14
TPE,CJU,10
TPE,ICN,95
TPE,YNY,8
TPE,DMK,27
TPE,BKK,110
TPE,CNX,20
TPE,HKT,2
TPE,IST,10
TPE,DXB,8
TPE,DWC,2
TPE,LHR,4
TPE,ANC,47
TPE,ORD,16
TPE,IAH,8
TPE,LAX,56
TPE,JFK,12
TPE,ONT,8
TPE,SFO,42
TPE,SEA,8
TPE,DAD,37
TPE,HAN,69
TPE,SGN,67
TSA,TFU,3
TSA,FOC,7
TSA,SHA,30
TSA,PVG,15
TSA,XMN,11
TSA,HER,1
TSA,HND,64
TSA,GMP,12
TSA,HUN,5
TSA,KNH,96
TSA,MFK,24
TSA,LZN,64
TSA,MZG,148
TSA,TTT,49
TTT,TSA,49
TYN,BAV,20
TYN,PEK,16
TYN,PKX,4
TYN,CGQ,28
TYN,CSX,67
TYN,CTU,16
TYN,TFU,51
TYN,CIF,4
TYN,CKG,41
TYN,DLC,24
TYN,DYG,4
TYN,DZH,4
TYN,FUO,3
TYN,FOC,18
TYN,CAN,53
TYN,KWL,21
TYN,KWE,26
TYN,HAK,17
TYN,HLD,4
TYN,HGH,73
TYN,HRB,16
TYN,HFE,20
TYN,HET,16
TYN,HIA,3
TYN,JGS,2
TYN,SWA,8
TYN,JHG,4
TYN,KMG,46
TYN,LHW,16
TYN,LJG,4
TYN,LYI,4
TYN,KHN,35
TYN,NKG,64
TYN,NNG,8
TYN,NTG,5
TYN,NNY,8
TYN,NGB,8
TYN,DSN,8
TYN,TAO,32
TYN,BAR,8
TYN,JUZ,4
TYN,SYX,20
TYN,SHA,67
TYN,PVG,36
TYN,SHE,38
TYN,SZX,40
TYN,WDS,4
TYN,TSN,8
TYN,URC,30
TYN,WNZ,18
TYN,WUH,56
TYN,WHA,4
TYN,WUX,16
TYN,XMN,19
TYN,XFN,8
TYN,XNN,8
TYN,XUZ,6
TYN,ENY,4
TYN,YTY,9
TYN,YNT,8
TYN,YBP,4
TYN,YIH,16
TYN,INC,4
TYN,YIW,7
TYN,YYA,4
TYN,ZUH,17
TYN,WMT,7
TYN,MFM,2
TJH,ITM,16
TAK,HKG,4
TAK,OKA,8
TAK,HND,103
TAK,NRT,18
TAK,ICN,8
TAK,TPE,5
TKX,PPT,3
TKX,TKP,1
TKD,ACC,35
TLK,IKT,12
TLK,KJA,3
TLK,ULK,1
TLK,OVB,12
TLK,NOJ,2
TLK,SGC,6
TLK,TJM,1
TLK,UFA,3
TYL,LIM,22
TDK,NQZ,7
TDK,USJ,16
TKA,NO,0
TLH,ATL,47
TLH,CLT,29
TLH,DFW,25
TLH,FLL,8
TLH,MEM,1
TLH,MIA,24
TLH,MCO,4
TLH,VDF,1
TLH,TPA,10
TLH,DCA,8
TLH,HPN,1
TLL,VIE,3
TLL,BRU,4
TLL,BOJ,2
TLL,SOF,1
TLL,DBV,2
TLL,SPU,2
TLL,RNN,1
TLL,CPH,9
TLL,KDL,16
TLL,URE,29
TLL,HEL,60
TLL,NCE,3
TLL,CDG,5
TLL,KUT,1
TLL,BER,7
TLL,FRA,21
TLL,MUC,10
TLL,ATH,2
TLL,CFU,2
TLL,HER,4
TLL,RHO,3
TLL,BGY,4
TLL,MXP,2
TLL,CIA,2
TLL,TSF,2
TLL,RIX,33
TLL,VNO,6
TLL,TIV,4
TLL,AMS,8
TLL,OSL,7
TLL,KTW,4
TLL,WAW,26
TLL,BCN,2
TLL,AGP,4
TLL,ARN,37
TLL,ZRH,4
TLL,NBE,1
TLL,AYT,11
TLL,IST,6
TLL,LGW,4
TLL,LTN,2
TLL,STN,5
TLL,BZZ,1
TML,ACC,53
TML,WZA,1
TMR,AZR,3
TMR,ALG,10
TMR,BMW,2
TMR,CZL,1
TMR,DJG,2
TMR,ELG,1
TMR,ELU,2
TMR,GHA,1
TMR,VVZ,1
TMR,INF,3
TMR,ORN,2
TMR,OGX,1
TMR,MED,1
TMC,DPS,29
TMC,KOE,24
TMU,SJO,48
TBW,VKO,5
TBW,LED,4
TME,BOG,2
TPA,MHH,1
TPA,NAS,4
TPA,YUL,2
TPA,YYZ,10
TPA,GCM,6
TPA,HAV,9
TPA,PUJ,3
TPA,SDQ,2
TPA,FRA,6
TPA,MBJ,2
TPA,CUN,16
TPA,PTY,5
TPA,BQN,3
TPA,SJU,44
TPA,ZRH,3
TPA,LGW,8
TPA,LHR,8
TPA,CAK,5
TPA,ALB,1
TPA,AVL,1
TPA,ATL,145
TPA,ACY,8
TPA,AUS,33
TPA,BWI,72
TPA,XNA,3
TPA,BHM,9
TPA,BOS,50
TPA,BUF,11
TPA,CHS,14
TPA,CLT,69
TPA,MDW,41
TPA,ORD,57
TPA,CVG,14
TPA,CEU,1
TPA,CLE,15
TPA,CMH,21
TPA,DFW,68
TPA,DAL,33
TPA,DEN,71
TPA,DSI,2
TPA,DTW,37
TPA,FXE,6
TPA,FLL,42
TPA,FMY,1
TPA,GSP,4
TPA,IAH,24
TPA,HOU,24
TPA,HSV,4
TPA,IND,24
TPA,ISP,12
TPA,JAX,1
TPA,MCI,17
TPA,EYW,20
TPA,ISM,1
TPA,LAS,23
TPA,LWC,1
TPA,LAX,20
TPA,SDF,14
TPA,MHT,1
TPA,MEM,5
TPA,MIA,42
TPA,OPF,1
TPA,MKE,10
TPA,MSP,30
TPA,BNA,56
TPA,HVN,7
TPA,MSY,32
TPA,JFK,55
TPA,LGA,63
TPA,EWR,56
TPA,ORF,6
TPA,OMA,1
TPA,MCO,6
TPA,PNS,12
TPA,PHL,49
TPA,PHX,34
TPA,PIT,19
TPA,PWM,2
TPA,PVD,8
TPA,RDU,36
TPA,RIC,10
TPA,ROC,1
TPA,SLC,8
TPA,SAT,10
TPA,SFO,8
TPA,SAV,4
TPA,SEA,24
TPA,STL,20
TPA,SYR,3
TPA,TLH,8
TPA,TEB,1
TPA,TVI,1
TPA,TTN,8
TPA,IAD,25
TPA,DCA,49
TPA,PBI,1
TPA,HPN,9
TPA,ILG,2
TPA,BDL,21
TPF,NO,0
TMP,CPH,3
TMP,NCE,2
TMP,MUC,3
TMP,RHO,2
TMP,MXP,3
TMP,RIX,7
TMP,AMS,2
TMP,AGP,3
TMP,STN,3
TAM,CUN,2
TAM,CME,6
TAM,MAM,5
TAM,MEX,43
TAM,MTY,21
TAM,IAH,8
TMW,BNE,0
TMW,MEL,2
TMW,MCY,2
TMW,SYD,28
TTA,CMN,6
TMH,DJJ,8
TMH,MKQ,8
TAL,FAI,11
TAL,HSL,2
TAL,RBY,1
TNE,KOJ,50
TGT,JRO,3
TGT,ZNZ,56
TGQ,NO,0
TNG,ANR,3
TNG,BRU,13
TNG,CRL,6
TNG,LGG,1
TNG,BOD,2
TNG,LYS,2
TNG,MRS,2
TNG,BVA,5
TNG,CDG,6
TNG,ORY,12
TNG,TLS,2
TNG,CGN,0
TNG,NRN,3
TNG,BGY,2
TNG,CIA,2
TNG,AGA,4
TNG,AHU,2
TNG,CMN,5
TNG,NDR,3
TNG,AMS,4
TNG,RTM,2
TNG,LIS,7
TNG,MED,1
TNG,BCN,13
TNG,BIO,2
TNG,MAD,23
TNG,AGP,12
TNG,SVQ,4
TNG,VLC,5
TNG,IST,1
TNG,SAW,3
TNG,LGW,4
TNG,STN,2
TVS,CSX,8
TVS,TFU,8
TVS,DLC,4
TVS,FUO,4
TVS,HAK,3
TVS,HGH,8
TVS,HRB,8
TVS,HET,8
TVS,KMG,4
TVS,PVG,8
TVS,SHE,4
TVS,SZX,4
TVS,SJW,1
TVS,WUH,4
TVS,WUZ,1
TVS,XIY,4
TVS,YIH,2
TGC,KCH,8
TJQ,HLP,3
TJQ,CGK,47
TJQ,PGK,32
TNJ,CGK,18
TJS,BPN,8
TAH,AUY,1
TAH,FTA,1
TAH,IPA,1
TAH,VLI,6
TSM,NO,0
TAP,GDL,5
TAP,MEX,34
TAP,TIJ,6
TRK,BPN,17
TRK,CGK,8
TRK,UPG,8
TRK,PDG,1
TRK,SUB,8
TRA,MMY,8
TAR,LIN,1
TPP,IQT,14
TPP,LIM,88
TRW,NAN,3
TRW,ABF,5
TRW,AEA,6
TRW,BEZ,3
TRW,AAK,4
TRW,BBG,4
TRW,KUC,3
TRW,MNK,4
TRW,MTK,5
TRW,MZK,5
TRW,NON,5
TRW,OOT,3
TRW,TBF,13
TRW,TSU,4
TRW,MAJ,4
TRW,INU,2
TRO,NO,0
TGM,DTM,2
TGM,FMM,3
TGM,HER,1
TGM,BUD,6
TGM,OTP,6
TGM,AYT,1
TGM,LTN,2
TIZ,HGU,1
TIZ,POM,3
TIZ,WBM,2
TJA,CBB,35
TJA,LPB,11
TJA,VVI,12
TJA,SRE,6
TJA,BYC,6
TII,NO,0
TQL,NO,0
TAY,NO,0
TAS,KBL,1
TAS,GYD,10
TAS,MSQ,5
TAS,PEK,2
TAS,PKX,2
TAS,TFU,3
TAS,URC,2
TAS,XIY,5
TAS,CGO,2
TAS,SSH,5
TAS,CDG,2
TAS,BUS,2
TAS,TBS,3
TAS,FRA,5
TAS,BLR,2
TAS,DEL,7
TAS,CGK,1
TAS,TLV,6
TAS,MXP,2
TAS,NRT,1
TAS,ALA,27
TAS,NQZ,11
TAS,KWI,2
TAS,FRU,6
TAS,RIX,3
TAS,KUL,3
TAS,IKT,2
TAS,KZN,2
TAS,KJA,3
TAS,MCX,1
TAS,MRV,3
TAS,DME,34
TAS,SVO,12
TAS,VKO,18
TAS,GOJ,2
TAS,OVB,5
TAS,OMS,1
TAS,AER,8
TAS,LED,12
TAS,SGC,2
TAS,TJM,2
TAS,UFA,4
TAS,VVO,2
TAS,SVX,3
TAS,ICN,15
TAS,DYU,4
TAS,HKT,1
TAS,ESB,1
TAS,IST,43
TAS,AUH,6
TAS,DXB,16
TAS,RKT,2
TAS,SHJ,5
TAS,LHR,3
TAS,STN,2
TAS,JFK,5
TAS,BHK,13
TAS,FEG,10
TAS,KSQ,2
TAS,NMA,3
TAS,NCU,16
TAS,SKD,8
TAS,TMJ,5
TAS,UGC,21
TSY,NO,0
TKV,PUK,2
TUO,AKL,16
TUO,WLG,11
TRG,AKL,57
TRG,CHC,26
TRG,WLG,34
TWU,JHB,4
TWU,BKI,60
TWU,KUL,61
TWU,SDK,8
TWT,CBO,3
TWT,ZAM,11
TBS,EVN,33
TBS,VIE,3
TBS,GYD,33
TBS,BAH,3
TBS,MSQ,8
TBS,URC,6
TBS,CGO,1
TBS,LCA,3
TBS,SSH,1
TBS,CDG,7
TBS,BER,1
TBS,DUS,3
TBS,FRA,2
TBS,MUC,8
TBS,ATH,5
TBS,SKG,3
TBS,IKA,12
TBS,TLV,36
TBS,SCO,4
TBS,ALA,8
TBS,NQZ,4
TBS,KWI,8
TBS,RIX,6
TBS,AMS,3
TBS,WAW,8
TBS,DOH,16
TBS,VKO,11
TBS,DMM,1
TBS,JED,8
TBS,RUH,8
TBS,ESB,4
TBS,AYT,9
TBS,IST,28
TBS,ISL,3
TBS,SAW,28
TBS,ADB,5
TBS,AUH,4
TBS,DXB,16
TBS,SHJ,11
TBS,TAS,3
TEU,NO,0
TFF,MAO,5
TFF,OLC,2
TFF,IRZ,2
TGU,LCE,15
TGU,PEU,3
TGU,RTB,19
TGU,SAP,18
THR,ABD,31
THR,AWZ,107
THR,ADU,31
THR,PGU,14
THR,BXR,4
THR,BND,57
THR,XBJ,4
THR,BJB,3
THR,BUZ,42
THR,ZBR,25
THR,GSM,38
THR,DEF,6
THR,GCH,2
THR,GBT,24
THR,IIL,22
THR,IHR,1
THR,IFN,32
THR,JAR,2
THR,JYR,3
THR,KER,44
THR,KSH,28
THR,KHD,8
THR,KHY,4
THR,KIH,79
THR,LRR,3
THR,MRX,5
THR,ACP,2
THR,MHD,177
THR,PFQ,3
THR,RJN,1
THR,RZR,3
THR,RAS,14
THR,SDG,9
THR,SRY,9
THR,CQD,4
THR,SYZ,88
THR,SYJ,8
THR,TCX,2
THR,TBZ,74
THR,IKA,2
THR,OMH,34
THR,YES,2
THR,AZD,42
THR,ACZ,3
THR,ZAH,35
TXF,SSA,2
TEQ,ESB,2
TLV,TIA,2
TLV,EVN,3
TLV,VIE,46
TLV,GYD,15
TLV,BAH,6
TLV,BRU,14
TLV,CRL,4
TLV,LGG,12
TLV,BOJ,9
TLV,SOF,17
TLV,VAR,8
TLV,YUL,5
TLV,YYZ,8
TLV,PEK,2
TLV,CTU,2
TLV,PVG,3
TLV,SPU,3
TLV,ZAG,2
TLV,LCA,60
TLV,PFO,31
TLV,PRG,27
TLV,CPH,2
TLV,CAI,12
TLV,SSH,15
TLV,ADD,19
TLV,HEL,4
TLV,BSL,2
TLV,LYS,2
TLV,MRS,6
TLV,NCE,8
TLV,CDG,48
TLV,ORY,16
TLV,BUS,17
TLV,TBS,34
TLV,BER,27
TLV,DUS,3
TLV,FRA,34
TLV,HAM,1
TLV,FKB,2
TLV,FMM,2
TLV,MUC,24
TLV,PVK,4
TLV,ATH,69
TLV,CHQ,8
TLV,CFU,5
TLV,HER,32
TLV,IOA,2
TLV,KLX,1
TLV,KGS,3
TLV,JMK,6
TLV,RHO,32
TLV,JTR,3
TLV,SKG,18
TLV,HKG,9
TLV,BUD,41
TLV,DEB,3
TLV,DEL,5
TLV,DUB,4
TLV,ETM,57
TLV,BRI,2
TLV,BLQ,2
TLV,CTA,6
TLV,BGY,6
TLV,MXP,32
TLV,NAP,12
TLV,FCO,51
TLV,TRS,1
TLV,TRN,2
TLV,VCE,10
TLV,TSF,1
TLV,VRN,4
TLV,NRT,3
TLV,AMM,31
TLV,RIX,3
TLV,VNO,4
TLV,MLA,4
TLV,KIV,10
TLV,TIV,10
TLV,CMN,7
TLV,RAK,10
TLV,AMS,40
TLV,KTW,3
TLV,KRK,11
TLV,WAW,27
TLV,LIS,17
TLV,OPO,3
TLV,OTP,42
TLV,CLJ,8
TLV,IAS,3
TLV,MCX,3
TLV,MRV,10
TLV,DME,8
TLV,AER,6
TLV,BEG,5
TLV,SEZ,2
TLV,PZY,1
TLV,LJU,3
TLV,JNB,3
TLV,ICN,4
TLV,BCN,37
TLV,MAD,38
TLV,AGP,1
TLV,PMI,1
TLV,ARN,3
TLV,GVA,6
TLV,ZRH,26
TLV,ZNZ,1
TLV,BKK,6
TLV,HKT,2
TLV,AYT,79
TLV,BJV,5
TLV,DLM,7
TLV,IST,112
TLV,SAW,57
TLV,ADB,6
TLV,TZX,3
TLV,AUH,17
TLV,DXB,61
TLV,FAB,1
TLV,LGW,7
TLV,LHR,45
TLV,LTN,34
TLV,MAN,4
TLV,ATL,8
TLV,BOS,7
TLV,ORD,5
TLV,LAX,7
TLV,MIA,7
TLV,JFK,37
TLV,EWR,29
TLV,SFO,8
TLV,IAD,3
TLV,FOK,1
TLV,SKD,1
TLV,TAS,5
TEC,CWB,3
TEF,PER,6
TLA,KTS,8
TLA,OME,12
TEX,DEN,8
TEX,MDD,1
TEX,UDD,1
TEX,PHX,6
TEM,NO,0
TPL,NO,0
TFN,FNC,2
TFN,LIS,2
TFN,DKR,1
TFN,ALC,6
TFN,OVD,7
TFN,BCN,32
TFN,BIO,13
TFN,VDE,46
TFN,FUE,60
TFN,LPA,204
TFN,GRX,2
TFN,XRY,2
TFN,GMZ,16
TFN,SPC,145
TFN,ACE,72
TFN,MAD,103
TFN,AGP,16
TFN,PMI,4
TFN,SDR,2
TFN,SCQ,8
TFN,SVQ,18
TFN,VLC,10
TFN,VGO,4
TFN,ZAZ,4
TFN,CCS,1
TFS,VIE,8
TFS,BRU,17
TFS,CRL,4
TFS,OST,1
TFS,BRQ,1
TFS,PRG,5
TFS,BLL,1
TFS,CPH,1
TFS,BSL,4
TFS,BOD,6
TFS,LME,1
TFS,LYS,2
TFS,MRS,4
TFS,NTE,3
TFS,CDG,4
TFS,ORY,7
TFS,TLS,1
TFS,BER,7
TFS,BRE,1
TFS,CGN,6
TFS,DUS,14
TFS,FRA,12
TFS,HAM,4
TFS,HAJ,4
TFS,LEJ,3
TFS,MUC,7
TFS,FMO,1
TFS,NUE,4
TFS,PAD,2
TFS,SCN,1
TFS,STR,6
TFS,BUD,4
TFS,KEF,10
TFS,ORK,2
TFS,DUB,18
TFS,SNN,2
TFS,BLQ,4
TFS,BGY,5
TFS,MXP,12
TFS,NAP,3
TFS,FCO,7
TFS,VCE,2
TFS,TSF,2
TFS,LUX,3
TFS,AGA,4
TFS,CMN,2
TFS,AMS,11
TFS,EIN,7
TFS,RTM,6
TFS,KTW,4
TFS,KRK,1
TFS,POZ,1
TFS,WAW,6
TFS,WMI,3
TFS,LIS,6
TFS,OPO,3
TFS,OTP,3
TFS,OVD,1
TFS,BCN,4
TFS,FUE,2
TFS,LPA,49
TFS,SPC,16
TFS,ACE,16
TFS,MAD,25
TFS,AGP,3
TFS,SCQ,8
TFS,SVQ,5
TFS,VLC,2
TFS,ARN,1
TFS,GVA,3
TFS,ZRH,12
TFS,BJV,1
TFS,ABZ,1
TFS,BFS,10
TFS,BHX,20
TFS,BOH,4
TFS,BRS,20
TFS,CWL,3
TFS,EDI,21
TFS,GLA,13
TFS,PIK,7
TFS,LBA,13
TFS,LPL,6
TFS,LGW,38
TFS,LHR,6
TFS,LTN,11
TFS,STN,29
TFS,MAN,44
TFS,NCL,14
TFS,NWI,1
TFS,EMA,19
TFS,EWR,3
TCZ,TFU,8
TCZ,CKG,5
TCZ,DAT,2
TCZ,CAN,2
TCZ,HFE,2
TCZ,KMG,56
TCZ,LXA,4
TCZ,PZI,2
TCZ,HPG,1
TCA,ASP,3
TCA,KTR,3
TPQ,MEX,8
TPQ,TIJ,16
THE,BEL,4
THE,BSB,24
THE,VCP,8
THE,FOR,16
THE,REC,13
THE,SLZ,2
THE,GRU,14
THE,GTP,7
TMJ,VKO,3
TMJ,LED,1
TMJ,TAS,5
TTE,AMQ,12
TTE,SQN,2
TTE,CGK,14
TTE,LAH,8
TTE,UPG,49
TTE,MDC,27
TTE,OTI,8
TRL,NO,0
TEV,NO,0
TET,MPM,16
TET,APL,1
TET,JNB,5
TEB,NAS,1
TEB,BGI,1
TEB,BDA,1
TEB,YLK,1
TEB,YYC,1
TEB,,0
TEB,YPD,1
TEB,YJT,1
TEB,YQY,1
TEB,YTZ,8
TEB,YYZ,2
TEB,NCE,2
TEB,LBG,4
TEB,NTR,1
TEB,IST,1
TEB,CAK,1
TEB,ABE,1
TEB,ASE,3
TEB,PDK,1
TEB,FTY,1
TEB,MTN,1
TEB,BWI,1
TEB,BED,5
TEB,BHM,1
TEB,TRI,1
TEB,BCT,2
TEB,BOS,6
TEB,BUF,1
TEB,BUR,2
TEB,JZI,1
TEB,CHS,1
TEB,CLT,1
TEB,CHO,1
TEB,GYY,3
TEB,MDW,3
TEB,ORD,1
TEB,UGN,1
TEB,LUK,1
TEB,CLE,1
TEB,CMH,3
TEB,ADS,3
TEB,DAN,1
TEB,APA,4
TEB,BJC,1
TEB,DSM,1
TEB,YIP,2
TEB,JPX,1
TEB,ECG,1
TEB,FLL,2
TEB,GSO,2
TEB,SUN,1
TEB,BHB,1
TEB,HOU,1
TEB,HYA,1
TEB,IND,2
TEB,ISP,1
TEB,JAX,4
TEB,AZO,1
TEB,LAS,2
TEB,LAX,1
TEB,LYH,1
TEB,MSN,2
TEB,MHT,3
TEB,MVY,7
TEB,TMB,1
TEB,OPF,5
TEB,ACK,14
TEB,APF,3
TEB,BNA,2
TEB,GON,1
TEB,JFK,2
TEB,LGA,1
TEB,EWR,3
TEB,SWF,1
TEB,OWD,2
TEB,OAK,1
TEB,OKC,2
TEB,ONH,1
TEB,MCO,1
TEB,OWB,1
TEB,OXC,1
TEB,PHL,3
TEB,PIT,2
TEB,PBG,1
TEB,PTK,3
TEB,PSM,1
TEB,PVU,1
TEB,RDU,1
TEB,RDG,6
TEB,RIC,1
TEB,SMF,1
TEB,MBS,1
TEB,SLC,1
TEB,SAN,2
TEB,SFO,2
TEB,SJC,1
TEB,SNA,2
TEB,STS,2
TEB,FSD,1
TEB,SBN,2
TEB,RSW,1
TEB,SUS,2
TEB,STL,4
TEB,PIE,3
TEB,SHD,1
TEB,SUA,1
TEB,TPA,2
TEB,TTN,1
TEB,VNY,8
TEB,IAD,14
TEB,DCA,3
TEB,UES,1
TEB,PBI,2
TEB,HPN,5
TEB,ILM,1
TEB,BDL,1
TEB,STT,1
TTU,BRU,3
TTU,CRL,3
TTU,MRS,2
TTU,AHU,2
TTU,CMN,2
TTU,ALC,4
TTU,MAD,2
TTU,AGP,10
TTU,GLA,1
TXK,BWD,1
TXK,DFW,24
TXK,TUL,0
TEZ,GAU,4
TEZ,IXI,4
TEZ,IXT,3
TEI,DIB,5
TEI,GAU,10
TEI,IMF,10
TRM,OGD,1
TRM,RHV,1
TRM,VNY,0
TVF,SDF,1
TVF,MEM,1
TVF,MSP,15
TMF,MLE,3
TRV,BAH,9
TRV,BLR,30
TRV,MAA,24
TRV,COK,9
TRV,DEL,32
TRV,HYD,12
TRV,CNN,8
TRV,CCJ,5
TRV,BOM,48
TRV,PNQ,7
TRV,KWI,6
TRV,MLE,5
TRV,MCT,15
TRV,DOH,8
TRV,DMM,4
TRV,RUH,2
TRV,SIN,8
TRV,CMB,7
TRV,AUH,23
TRV,DXB,15
TRV,SHJ,31
TED,NO,0
TVI,PDK,0
THO,AEY,6
TSN,AQG,8
TSN,AVA,3
TSN,DBC,8
TSN,NBS,4
TSN,BAV,8
TSN,CGQ,32
TSN,CSX,56
TSN,CIH,4
TSN,CHG,5
TSN,CTU,57
TSN,TFU,67
TSN,CIF,8
TSN,CKG,56
TSN,DLC,78
TSN,DQA,4
TSN,DAT,4
TSN,DYG,4
TSN,ENH,4
TSN,FUG,4
TSN,FOC,30
TSN,KOW,8
TSN,CAN,83
TSN,KWL,28
TSN,KWE,24
TSN,HAK,16
TSN,HLD,8
TSN,HGH,53
TSN,HRB,39
TSN,HFE,4
TSN,HET,52
TSN,HIA,8
TSN,HYN,8
TSN,JGS,5
TSN,JDZ,4
TSN,KMG,55
TSN,LHW,34
TSN,LYG,4
TSN,LJG,28
TSN,LFQ,4
TSN,LZO,4
TSN,LLV,4
TSN,MIG,11
TSN,KHN,35
TSN,NKG,8
TSN,NNG,12
TSN,NTG,18
TSN,NNY,4
TSN,NGB,24
TSN,IQN,4
TSN,JJN,4
TSN,JUZ,0
TSN,RIZ,0
TSN,SYX,18
TSN,SHA,84
TSN,PVG,90
TSN,SHE,4
TSN,SZX,76
TSN,TYN,8
TSN,TNH,4
TSN,TGO,4
TSN,URC,32
TSN,WXN,5
TSN,WEH,6
TSN,WNZ,19
TSN,WUH,47
TSN,WHA,5
TSN,WUX,15
TSN,XIY,70
TSN,XMN,48
TSN,XFN,4
TSN,XIL,8
TSN,XNN,16
TSN,WUT,14
TSN,ENY,4
TSN,YNT,7
TSN,YBP,4
TSN,YIH,7
TSN,YIC,4
TSN,INC,40
TSN,YKH,4
TSN,YIW,4
TSN,UYN,8
TSN,YCU,8
TSN,NZL,3
TSN,ZQZ,4
TSN,CGO,2
TSN,HSN,8
TSN,ZUH,16
TSN,WMT,3
TSN,CDG,1
TSN,HKG,11
TSN,NGO,5
TSN,KIX,12
TSN,HND,4
TSN,NRT,3
TSN,MFM,4
TSN,OVB,8
TSN,UUD,2
TSN,BEG,1
TSN,SIN,14
TSN,ICN,32
TSN,DMK,1
TSN,CXR,2
THQ,NO,0
TMA,NO,0
TGJ,LIF,2
TGJ,GEA,3
TIJ,ACA,10
TIJ,AGU,16
TIJ,CUN,45
TIJ,CUU,12
TIJ,CJS,8
TIJ,CEN,8
TIJ,CLQ,11
TIJ,CUL,67
TIJ,DGO,14
TIJ,GDL,141
TIJ,HMO,26
TIJ,HUX,4
TIJ,LAP,20
TIJ,LTO,7
TIJ,LMM,14
TIJ,MZT,27
TIJ,MID,2
TIJ,NLU,16
TIJ,MEX,160
TIJ,MTY,47
TIJ,MLM,43
TIJ,OAX,20
TIJ,PBC,16
TIJ,PXM,2
TIJ,PVR,38
TIJ,PPE,2
TIJ,QRO,7
TIJ,SJD,34
TIJ,SLP,3
TIJ,BJX,54
TIJ,TAP,6
TIJ,TPQ,16
TIJ,TLC,8
TIJ,TRC,4
TIJ,TGZ,5
TIJ,UPN,12
TIJ,VER,4
TIJ,ZCL,16
TIJ,ZIH,5
TIJ,ONT,2
TIJ,SDM,1
TIH,PPT,6
TIH,RGI,6
TIU,NO,0
TIM,EWE,5
TIM,DJJ,32
TIM,UPG,27
TIM,NBX,11
TIM,WMX,16
TMX,ALG,7
TMX,ORN,2
TSR,CRL,3
TSR,BVA,2
TSR,CGN,1
TSR,DTM,3
TSR,FRA,6
TSR,HHN,2
TSR,FKB,3
TSR,FMM,4
TSR,MUC,29
TSR,STR,2
TSR,HER,2
TSR,ZTH,1
TSR,BRI,2
TSR,BLQ,3
TSR,BGY,6
TSR,FCO,3
TSR,TSF,3
TSR,KTW,1
TSR,OTP,39
TSR,CLJ,2
TSR,IAS,1
TSR,BEG,1
TSR,BCN,2
TSR,MAD,2
TSR,VLC,3
TSR,AYT,6
TSR,LTN,10
TIN,ALG,5
TIN,CBH,1
TIN,CZL,2
TIN,ORN,4
TGI,NO,0
TIQ,SPN,14
TOD,SZB,6
TIA,VIE,21
TIA,BRU,2
TIA,CRL,8
TIA,BNX,1
TIA,SOF,1
TIA,PRG,2
TIA,MLH,1
TIA,BSL,2
TIA,LYS,2
TIA,NCE,2
TIA,BVA,3
TIA,CDG,2
TIA,ORY,2
TIA,BER,6
TIA,CGN,6
TIA,DTM,8
TIA,DUS,6
TIA,FRA,12
TIA,HHN,4
TIA,HAM,5
TIA,HAJ,1
TIA,FKB,2
TIA,FMM,6
TIA,MUC,15
TIA,NUE,2
TIA,STR,2
TIA,ATH,26
TIA,HER,2
TIA,BUD,3
TIA,TLV,2
TIA,AOI,7
TIA,BRI,16
TIA,BLQ,21
TIA,CTA,4
TIA,FLR,4
TIA,GOA,9
TIA,BGY,26
TIA,MXP,32
TIA,NAP,3
TIA,PEG,7
TIA,PSR,4
TIA,PSA,24
TIA,RMI,4
TIA,FCO,34
TIA,TRN,8
TIA,VCE,4
TIA,TSF,12
TIA,VRN,22
TIA,PRN,3
TIA,RIX,1
TIA,VNO,1
TIA,EIN,6
TIA,OSL,2
TIA,TRF,2
TIA,GDN,1
TIA,POZ,2
TIA,RZE,1
TIA,WAW,11
TIA,RDO,1
TIA,WRO,4
TIA,DMM,4
TIA,JED,2
TIA,RUH,4
TIA,BEG,16
TIA,BTS,1
TIA,BCN,8
TIA,MAD,2
TIA,MMX,3
TIA,NYO,3
TIA,GVA,4
TIA,ZRH,3
TIA,AYT,4
TIA,IST,16
TIA,SAW,11
TIA,AUH,4
TIA,DXB,3
TIA,LGW,4
TIA,LHR,9
TIA,LTN,21
TIA,STN,4
TIA,SWF,1
TRE,COL,1
TRE,GLA,16
TRE,OBN,1
TRZ,BLR,16
TRZ,MAA,31
TRZ,HYD,8
TRZ,KWI,1
TRZ,KUL,24
TRZ,MCT,2
TRZ,DOH,1
TRZ,SIN,32
TRZ,CMB,8
TRZ,AUH,1
TRZ,DXB,8
TRZ,SHJ,8
TIR,IXG,8
TIR,BLR,8
TIR,GBI,3
TIR,HYD,64
TIR,KLH,8
TIR,BOM,8
TIR,VGA,8
TIR,VTZ,8
TIX,CAE,1
TIX,EYW,1
TIV,VIE,3
TIV,GYD,2
TIV,BRU,2
TIV,BNX,4
TIV,BRQ,2
TIV,PRG,6
TIV,TLL,4
TIV,HEL,1
TIV,NCE,1
TIV,ORY,3
TIV,BER,2
TIV,DUS,1
TIV,FRA,1
TIV,FDH,1
TIV,MUC,1
TIV,STR,1
TIV,ATH,1
TIV,TLV,10
TIV,KWI,3
TIV,RIX,3
TIV,VNO,8
TIV,LUX,2
TIV,BEG,57
TIV,KVO,1
TIV,INI,1
TIV,LJU,0
TIV,ZRH,3
TIV,IST,21
TIV,LGW,5
TIV,MAN,5
TLM,ALG,4
TLM,BRU,1
TLM,LYS,1
TLM,MRS,6
TLM,CDG,6
TLM,ORY,4
TMM,TNR,4
TMM,SMS,1
TMM,RUN,2
TOB,MJI,1
TOC,NO,0
TCW,NO,0
TOG,DLG,2
TOG,TWA,3
TKJ,CKX,2
TKJ,CZN,3
TKJ,DJN,3
TKJ,HKB,3
TKJ,ORT,3
TJK,MED,1
TJK,IST,8
TJK,SAW,4
TKN,ASJ,21
TKN,KOJ,39
TKN,OKE,14
TKS,FUK,16
TKS,HND,80
TOW,VCP,6
TOL,QQD,1
TOL,SFB,2
TOL,PGD,3
TOL,PIE,2
TDZ,NO,0
TLE,TNR,8
TLE,FTU,2
TLU,EOH,16
TLC,YYC,1
TLC,SAP,1
TLC,CUN,31
TLC,GDL,8
TLC,MID,8
TLC,MTY,24
TLC,PVR,16
TLC,QRO,1
TLC,SJD,16
TLC,TIJ,8
TLC,MEM,1
TLC,SDM,1
TLC,VRB,1
TOF,IKT,2
TOF,KZN,3
TOF,KJA,3
TOF,DME,8
TOF,SVO,17
TOF,VKO,1
TOF,NJC,1
TOF,GOJ,3
TOF,OVB,8
TOF,LED,1
TOF,SWT,3
TOF,SGC,3
TOF,UUD,1
TOF,SVX,5
TBU,SYD,1
TBU,NAN,7
TBU,AKL,7
TBU,EUA,12
TBU,HPA,15
TBU,VAV,10
TNH,PEK,8
TNH,DLC,5
TNH,TAO,4
TNH,PVG,3
TNH,TSN,4
TGO,PEK,8
TGO,PKX,8
TGO,CIF,4
TGO,ERL,4
TGO,HLD,22
TGO,HGH,8
TGO,HET,86
TGO,TNA,4
TGO,PVG,3
TGO,SJW,8
TGO,TSN,4
TGO,HLH,4
TGO,XIY,6
TGO,XIL,8
TGH,NO,0
TEN,PKX,2
TEN,FOC,1
TEN,KWE,2
TEN,HAK,4
TEN,HGH,8
TEN,JHG,8
TEN,KMG,1
TEN,NKG,8
TEN,WNZ,8
TEN,WUX,4
TEN,XIY,6
TEN,XMN,6
TEN,XUZ,1
TEN,CGO,4
TPH,NO,0
TWB,NO,0
TOP,STS,1
TOP,SUS,1
TRT,UPG,4
TOA,QTC,1
TOA,SDM,1
TOA,CLD,1
TRC,CUN,2
TRC,CJS,6
TRC,GDL,8
TRC,MEX,38
TRC,QRO,5
TRC,TIJ,4
TRC,DFW,8
TYF,HFS,24
TTQ,SJO,0
TTJ,HND,40
TOU,NO,0
TLN,BES,2
TLN,LBG,1
TLN,ORY,22
TLN,DUS,1
TLN,LIN,1
TLN,OLB,1
TLN,JER,1
TLN,LUX,1
TLN,RTM,4
TLN,GVA,1
TLN,FAB,1
TLN,LGW,2
TLS,ALG,8
TLS,CZL,1
TLS,ORN,9
TLS,BRU,20
TLS,CRL,4
TLS,YUL,10
TLS,DBV,2
TLS,SPU,2
TLS,PFO,3
TLS,AJA,6
TLS,BSL,5
TLS,BIA,2
TLS,CFR,2
TLS,CCF,1
TLS,FSC,6
TLS,GNB,1
TLS,LIL,20
TLS,LRT,6
TLS,LYS,37
TLS,MRS,26
TLS,ETZ,8
TLS,NTE,32
TLS,NCE,11
TLS,CDG,72
TLS,ORY,145
TLS,XCR,1
TLS,RNS,12
TLS,SNR,1
TLS,SXB,8
TLS,FRA,27
TLS,XFW,1
TLS,HAJ,1
TLS,MUC,26
TLS,ATH,5
TLS,CFU,3
TLS,HER,2
TLS,JTR,1
TLS,DUB,7
TLS,BLQ,4
TLS,CAG,2
TLS,CTA,1
TLS,FLR,3
TLS,BGY,2
TLS,NAP,2
TLS,OLB,2
TLS,PMO,2
TLS,FCO,3
TLS,TPS,2
TLS,TSF,6
TLS,LUX,2
TLS,MLA,4
TLS,AGA,3
TLS,CMN,10
TLS,FEZ,7
TLS,RAK,12
TLS,NDR,2
TLS,OUD,3
TLS,RBA,2
TLS,TNG,2
TLS,AMS,28
TLS,KRK,2
TLS,FAO,5
TLS,LIS,24
TLS,OPO,11
TLS,ALC,5
TLS,LPA,1
TLS,IBZ,2
TLS,MAD,22
TLS,QYM,1
TLS,MAH,6
TLS,AGP,4
TLS,PMI,15
TLS,SVQ,4
TLS,TFS,1
TLS,VLC,2
TLS,GVA,8
TLS,DJE,2
TLS,TUN,10
TLS,IST,8
TLS,BHX,2
TLS,BRS,8
TLS,CEG,1
TLS,EDI,3
TLS,LGW,7
TLS,LHR,21
TLS,STN,12
TUF,BLL,1
TUF,LYN,1
TUF,MRS,6
TUF,DUB,2
TUF,RAK,2
TUF,OPO,4
TUF,STN,3
TNF,AJA,2
TNF,LBG,1
TNF,RNS,1
TNF,SXB,1
TSV,ADL,3
TSV,BNE,82
TSV,CNS,52
TSV,CNJ,8
TSV,DRW,3
TSV,HGD,3
TSV,MKY,19
TSV,MEL,15
TSV,ISA,10
TSV,PMK,68
TSV,PHQ,3
TSV,ROK,3
TSV,MCY,4
TSV,SYD,18
TSV,WTB,2
TSV,TQP,2
TSV,WIN,3
TOY,CTS,8
TOY,HND,24
TOE,CDG,1
TOE,TUN,4
TZX,GYD,3
TZX,BAH,3
TZX,LBG,1
TZX,DUS,5
TZX,FRA,1
TZX,MUC,1
TZX,STR,2
TZX,HKG,1
TZX,BGW,0
TZX,TLV,4
TZX,AMM,8
TZX,KWI,13
TZX,MCT,15
TZX,DOH,0
TZX,JED,10
TZX,MED,1
TZX,RUH,9
TZX,ADA,5
TZX,ESB,23
TZX,AYT,5
TZX,YEI,2
TZX,DIY,2
TZX,ECN,2
TZX,GZT,2
TZX,IST,95
TZX,SAW,95
TZX,ADB,9
TZX,VAN,3
TZX,SHJ,4
TST,DMK,40
TPS,CRL,2
TPS,BLL,2
TPS,BOD,2
TPS,TLS,2
TPS,HHN,3
TPS,FKB,2
TPS,NRN,3
TPS,BLQ,15
TPS,BDS,1
TPS,FRL,2
TPS,BGY,12
TPS,MXP,1
TPS,NAP,6
TPS,PNL,18
TPS,PMF,1
TPS,PSR,3
TPS,PSA,6
TPS,FCO,13
TPS,TRN,4
TPS,TSF,8
TPS,RIX,2
TPS,MLA,5
TPS,KTW,3
TPS,WMI,2
TPS,OPO,3
TPS,BTS,4
TPS,SVQ,2
TPS,BQH,1
TPS,STN,2
TPS,MAN,3
TDX,BKK,16
TVC,BTL,1
TVC,BOS,10
TVC,MDW,1
TVC,ORD,64
TVC,DFW,8
TVC,DEN,9
TVC,DTW,32
TVC,GLR,1
TVC,GRR,3
TVC,SDF,1
TVC,MKE,6
TVC,MSP,16
TVC,LGA,9
TVC,EWR,8
TVC,PHL,1
TVC,PIT,1
TVC,SRQ,1
TVC,PIE,3
TVC,IAD,1
TVC,DCA,2
TCB,CHS,1
TCB,ORL,1
TTN,QQR,1
TTN,PDK,1
TTN,ATL,8
TTN,JZI,1
TTN,CHS,1
TTN,CLT,3
TTN,FLL,5
TTN,GNV,1
TTN,ACK,0
TTN,MCO,16
TTN,PHL,1
TTN,RDU,5
TTN,BDR,0
TTN,TPA,8
TQP,BNE,4
TQP,TSV,6
TJL,VCP,5
TRS,CRL,2
TRS,FRA,14
TRS,DUB,2
TRS,TLV,1
TRS,BRI,5
TRS,CAG,2
TRS,CTA,4
TRS,NAP,6
TRS,PMO,5
TRS,FCO,30
TRS,MLA,3
TRS,CAT,1
TRS,BEG,1
TRS,BCN,2
TRS,MAD,1
TRS,VLC,2
TRS,STN,5
TDD,CIJ,5
TDD,CBB,31
TDD,GYA,15
TDD,LPB,19
TDD,RIB,18
TDD,VVI,15
TAD,NO,0
TIP,NO,0
THN,BMA,17
THN,VST,1
TOS,VIE,1
TOS,HEL,5
TOS,DUS,1
TOS,FRA,2
TOS,KEF,1
TOS,ALF,41
TOS,ANX,14
TOS,BGO,24
TOS,BOO,49
TOS,HFT,40
TOS,HAA,13
TOS,KKN,14
TOS,LKL,20
TOS,LYR,11
TOS,OSL,96
TOS,SOJ,14
TOS,SKN,14
TOS,TRD,16
TOS,VDS,8
TOS,GDN,3
TOS,ARN,1
TOS,ZRH,2
TRD,KJK,1
TRD,VAR,1
TRD,SPU,1
TRD,BLL,1
TRD,CPH,27
TRD,RKE,1
TRD,HEL,2
TRD,BER,3
TRD,CHQ,1
TRD,RHO,1
TRD,RIX,5
TRD,AMS,22
TRD,AES,15
TRD,BGO,85
TRD,BOO,42
TRD,BNN,28
TRD,EVE,8
TRD,HAU,7
TRD,KRS,7
TRD,MQN,28
TRD,MJF,21
TRD,OSY,14
TRD,OSL,203
TRD,TRF,22
TRD,RVK,20
TRD,SSJ,21
TRD,SVG,26
TRD,TOS,13
TRD,GDN,3
TRD,KRK,3
TRD,ALC,3
TRD,AGP,2
TRD,PMI,1
TRD,ARN,7
TRD,LGW,6
TRD,MAN,2
TOI,QQN,1
TKF,AFW,1
TKF,PSP,1
TKF,RNO,1
TRU,SCL,3
TRU,AQP,1
TRU,LIM,62
TCS,NO,0
TTS,NO,0
TSJ,FUK,50
TSJ,NGS,42
TUB,PPT,3
TUB,RVV,2
TUB,RUR,1
TUS,GYM,1
TUS,ATL,16
TUS,BUR,1
TUS,MDW,1
TUS,ORD,8
TUS,CEW,1
TUS,DFW,40
TUS,DEN,40
TUS,IAH,16
TUS,HOU,8
TUS,MKC,1
TUS,LAS,23
TUS,LAX,49
TUS,MEM,2
TUS,PHX,53
TUS,SLC,24
TUS,SAN,15
TUS,SFO,13
TUS,SCF,3
TUS,SEA,24
TUC,AEP,63
TUC,EZE,8
TUC,COR,5
TUC,IGR,2
TCC,NO,0
TUV,NO,0
TUR,BEL,2
TFI,NO,0
TUG,MNL,16
TLR,NO,0
TCE,NO,0
THA,MKG,1
TUL,QQK,1
TUL,ATL,30
TUL,AUS,16
TUL,XNA,1
TUL,CLT,16
TUL,MDW,14
TUL,ORD,40
TUL,CVG,1
TUL,ADS,1
TUL,DFW,71
TUL,DAL,33
TUL,DEN,55
TUL,VPS,3
TUL,AFW,2
TUL,QTG,0
TUL,IAH,41
TUL,HOU,17
TUL,JAC,1
TUL,LAS,11
TUL,LAX,10
TUL,SDF,1
TUL,MEM,2
TUL,MIA,1
TUL,LGA,7
TUL,OMA,1
TUL,MCO,3
TUL,SFB,3
TUL,PHX,16
TUL,SLC,16
TUL,SCF,1
TUL,STL,15
TUL,PIE,3
TUL,SWO,1
TUL,DCA,8
TUL,FOK,1
TUL,ICT,1
TCO,BOG,10
TCO,CLO,22
TBP,LIM,31
TMI,KTM,8
TUN,ALG,33
TUN,CZL,2
TUN,ORN,3
TUN,VIE,3
TUN,BRU,0
TUN,CRL,2
TUN,OUA,2
TUN,YUL,2
TUN,ABJ,0
TUN,CAI,11
TUN,BSL,2
TUN,BOD,4
TUN,LIL,2
TUN,LYS,25
TUN,MRS,32
TUN,MPL,2
TUN,NTE,5
TUN,NCE,17
TUN,CDG,47
TUN,ORY,68
TUN,SXB,5
TUN,TLS,10
TUN,BER,3
TUN,CGN,9
TUN,DUS,6
TUN,FRA,21
TUN,MUC,10
TUN,ATH,3
TUN,CKY,2
TUN,BLQ,4
TUN,MXP,13
TUN,NAP,2
TUN,PMO,5
TUN,FCO,19
TUN,VCE,2
TUN,AMM,5
TUN,BEN,24
TUN,MRA,20
TUN,MJI,76
TUN,LUX,1
TUN,BKO,2
TUN,MLA,4
TUN,NKC,7
TUN,CMN,26
TUN,NIM,3
TUN,DOH,8
TUN,VKO,0
TUN,LED,1
TUN,JED,5
TUN,DSS,2
TUN,BCN,3
TUN,MAD,6
TUN,GVA,11
TUN,DJE,30
TUN,GAE,1
TUN,MIR,1
TUN,SFA,5
TUN,TOE,4
TUN,IST,39
TUN,DXB,8
TUN,LGW,10
TUN,LHR,2
TNK,BET,12
TNK,WWT,1
TNK,OOK,1
TUP,MEM,1
TUP,BNA,16
TUI,RUH,7
TUK,GWD,2
TUK,ISB,1
TUK,KHI,4
TUK,SHJ,1
TRN,TIA,8
TRN,CRL,6
TRN,ZAD,2
TRN,PRG,2
TRN,BLL,3
TRN,CPH,2
TRN,BVA,2
TRN,CDG,27
TRN,ORY,2
TRN,FRA,21
TRN,MUC,22
TRN,CFU,3
TRN,DUB,2
TRN,TLV,2
TRN,AHO,3
TRN,BRI,14
TRN,BLQ,1
TRN,BDS,12
TRN,CAG,15
TRN,CTA,24
TRN,FOG,3
TRN,SUF,11
TRN,LMP,1
TRN,NAP,23
TRN,OLB,8
TRN,PMO,19
TRN,PSR,5
TRN,FCO,30
TRN,TPS,4
TRN,VNO,2
TRN,MLA,2
TRN,CMN,4
TRN,RAK,2
TRN,AMS,15
TRN,KRK,2
TRN,WRO,2
TRN,OPO,2
TRN,OTP,3
TRN,IAS,2
TRN,ALC,3
TRN,BCN,12
TRN,IBZ,4
TRN,ACE,2
TRN,MAD,17
TRN,AGP,1
TRN,SVQ,2
TRN,VLC,4
TRN,ARN,2
TRN,EDI,2
TRN,LGW,12
TRN,STN,9
TKU,MHQ,12
TKU,CDG,6
TKU,FCO,2
TKU,RIX,6
TKU,GDN,6
TKU,ARN,20
TKU,VIP,1
TLQ,AKU,2
TLQ,PKX,4
TLQ,CSX,4
TLQ,DNH,3
TLQ,KWE,1
TLQ,KRL,3
TLQ,NKG,3
TLQ,WUX,4
TLQ,XIY,4
TLQ,YIN,4
THX,KJA,4
TCL,AUO,1
TCL,DHN,0
TCL,ROA,1
TCL,PBI,1
TCR,BLR,8
TCR,MAA,28
TGZ,GUA,3
TGZ,CUN,16
TGZ,GDL,12
TGZ,MID,5
TGZ,MEX,73
TGZ,MTY,10
TGZ,TIJ,5
TBB,HAN,12
TBB,SGN,24
TZL,VIE,3
TZL,BLL,2
TZL,MLH,2
TZL,BSL,4
TZL,BER,3
TZL,CGN,2
TZL,DTM,6
TZL,HHN,4
TZL,FDH,2
TZL,FKB,3
TZL,FMM,6
TZL,NUE,2
TZL,EIN,2
TZL,GOT,2
TZL,MMX,3
TZL,NYO,4
TWF,SUN,1
TWF,SLC,11
TYR,BMT,1
TYR,CLL,1
TYR,DFW,27
TYR,DAL,1
TYR,DSI,1
TYR,LUL,1
TYR,GGG,1
TJM,EVN,2
TJM,GYD,2
TJM,FRU,1
TJM,OSS,1
TJM,BAX,2
TJM,EYK,3
TJM,EZV,2
TJM,IRM,1
TJM,KZN,3
TJM,HMA,11
TJM,KKQ,3
TJM,KJA,3
TJM,MCX,2
TJM,MRV,7
TJM,SVO,49
TJM,VKO,19
TJM,NBC,2
TJM,NYM,6
TJM,NJC,8
TJM,NSK,1
TJM,OVB,15
TJM,NUX,16
TJM,NOJ,4
TJM,NYA,3
TJM,OMS,1
TJM,PEE,1
TJM,SLY,14
TJM,KUF,4
TJM,AER,34
TJM,LED,23
TJM,SGC,17
TJM,TLK,1
TJM,UFA,6
TJM,URJ,1
TJM,SVX,3
TJM,LBD,3
TJM,AYT,11
TJM,BJV,1
TJM,IST,2
TJM,TAS,2
TSF,TIA,12
TSF,CRL,18
TSF,SOF,2
TSF,PFO,2
TSF,PRG,5
TSF,BLL,5
TSF,TLL,2
TSF,MRS,5
TSF,BVA,9
TSF,TLS,6
TSF,HHN,2
TSF,OBF,1
TSF,CHQ,3
TSF,CFU,2
TSF,KGS,2
TSF,SKG,4
TSF,BUD,3
TSF,ORK,2
TSF,TLV,1
TSF,CRV,5
TSF,TPS,8
TSF,RIX,2
TSF,VNO,2
TSF,MLA,10
TSF,FEZ,2
TSF,RAK,3
TSF,EIN,4
TSF,SKP,2
TSF,GDN,2
TSF,KTW,3
TSF,KRK,2
TSF,POZ,4
TSF,WMI,4
TSF,WRO,4
TSF,OPO,3
TSF,OTP,19
TSF,CLJ,2
TSF,IAS,4
TSF,SCV,3
TSF,TSR,3
TSF,ALC,4
TSF,IBZ,3
TSF,MAH,3
TSF,AGP,7
TSF,PMI,3
TSF,SDR,3
TSF,SVQ,5
TSF,TFS,2
TSF,VLC,6
TSF,ZAZ,2
TSF,EMA,2
TNO,SJO,0
TBN,DFW,8
TBN,BNA,6
THV,NO,0
