Departure,Arrival,Number of flights
VJI,NO,0
VLY,NO,0
VBA,AKY,1
VBA,RGN,2
VBS,LEJ,1
VBS,BRI,6
VBS,CAG,7
VBS,CTA,7
VBS,SUF,5
VBS,LIN,1
VBS,OLB,6
VBS,PEG,1
VCP,EZE,10
VCP,AJU,9
VCP,ARU,12
VCP,JTC,8
VCP,BEL,34
VCP,CNF,69
VCP,BVB,1
VCP,BSB,58
VCP,CLV,3
VCP,CGR,27
VCP,CAW,6
VCP,CAC,12
VCP,CXJ,7
VCP,XAP,13
VCP,EEA,5
VCP,CMG,4
VCP,CGB,40
VCP,CWB,55
VCP,FLN,32
VCP,FOR,18
VCP,IGU,23
VCP,GYN,35
VCP,GPB,6
VCP,IOS,8
VCP,JJG,6
VCP,JPA,9
VCP,JOI,24
VCP,JDO,8
VCP,IZA,13
VCP,LDB,21
VCP,MCZ,17
VCP,MAO,38
VCP,MII,8
VCP,MGF,20
VCP,NAT,9
VCP,NVT,31
VCP,PMW,11
VCP,PFB,13
VCP,PNZ,8
VCP,PGZ,5
VCP,PMG,7
VCP,POA,57
VCP,BPS,11
VCP,PPB,21
VCP,REC,40
VCP,RAO,37
VCP,GIG,28
VCP,SDU,86
VCP,RVD,6
VCP,ROO,8
VCP,SSA,43
VCP,SJP,37
VCP,SLZ,8
VCP,OPS,7
VCP,THE,8
VCP,TOW,6
VCP,TJL,5
VCP,UDI,29
VCP,VIX,37
VCP,SCL,18
VCP,BOG,11
VCP,MDE,2
VCP,UIO,1
VCP,ORY,7
VCP,FRA,1
VCP,LUX,5
VCP,ASU,2
VCP,LIM,5
VCP,LIS,15
VCP,FLL,12
VCP,GTP,7
VCP,MEM,2
VCP,MCO,8
VCP,MVD,3
VCP,CCS,1
VCA,ICN,4
VCA,VCS,6
VCA,DLI,5
VCA,DAD,16
VCA,HPH,4
VCA,HAN,60
VCA,PQC,8
VCA,VDO,4
VCA,VII,4
VAK,BET,0
VAK,HPB,7
VAK,SCM,2
VPY,MPM,8
VCL,HAN,8
VCL,SGN,63
VCS,VCA,6
VCS,HAN,41
VCS,SGN,129
VIL,ORY,1
VIL,AGA,2
VIL,CMN,11
VIL,EUN,2
VIL,LPA,2
VPS,AVL,1
VPS,ATL,44
VPS,AUS,9
VPS,BWI,9
VPS,BLV,10
VPS,XNA,7
VPS,CLT,21
VPS,MDW,2
VPS,ORD,1
VPS,CVG,14
VPS,CKB,1
VPS,LCK,4
VPS,DFW,34
VPS,DAL,8
VPS,DSM,2
VPS,DTW,1
VPS,EVV,2
VPS,HOU,7
VPS,HTS,2
VPS,IND,2
VPS,MCI,3
VPS,TYS,4
VPS,LAS,3
VPS,LEX,1
VPS,LIT,2
VPS,SDF,4
VPS,MEM,2
VPS,MSP,7
VPS,BNA,22
VPS,EWR,3
VPS,OKC,6
VPS,OMA,2
VPS,PIA,3
VPS,PHL,1
VPS,PIT,3
VPS,SHV,2
VPS,SGF,4
VPS,STL,2
VPS,TUL,3
VPS,DCA,9
VPS,ICT,3
VDH,HAN,23
VDH,SGN,35
VDE,LPA,10
VDE,TFN,46
VIG,CCS,19
VIG,PMV,4
VDB,NO,0
VVZ,ALG,2
VVZ,DJG,2
VVZ,ELU,1
VVZ,GHA,1
VVZ,OGX,2
VVZ,TMR,1
VQQ,GNV,6
VGT,LAS,1
VGT,APC,1
VGT,RNO,2
VGT,SBA,1
VGT,SCF,1
VXC,APL,5
VAM,MLE,40
VBC,NO,0
VKO,LWN,1
VKO,EVN,67
VKO,GYD,21
VKO,GNJ,10
VKO,NAJ,1
VKO,MSQ,8
VKO,HRG,11
VKO,SSH,13
VKO,TBS,10
VKO,TBZ,2
VKO,IKA,3
VKO,BGW,3
VKO,SCO,3
VKO,ALA,8
VKO,NQZ,8
VKO,CIT,3
VKO,FRU,3
VKO,OSS,3
VKO,ASF,6
VKO,BAX,3
VKO,EGO,14
VKO,OGZ,3
VKO,CSY,9
VKO,CEK,10
VKO,NER,2
VKO,GRV,17
VKO,IKT,3
VKO,KGD,14
VKO,KLF,1
VKO,KZN,6
VKO,KEJ,4
VKO,HMA,8
VKO,KVX,13
VKO,KGP,8
VKO,KRR,13
VKO,KJA,11
VKO,URS,4
VKO,IGT,3
VKO,MCX,15
VKO,MRV,19
VKO,MJZ,2
VKO,MMK,3
VKO,NBC,3
VKO,NYM,2
VKO,NAL,3
VKO,NNM,8
VKO,NJC,8
VKO,OVB,11
VKO,NUX,2
VKO,NOJ,11
VKO,OMS,3
VKO,PEE,5
VKO,PES,3
VKO,PKV,11
VKO,KUF,8
VKO,GSV,6
VKO,AER,53
VKO,LED,122
VKO,STW,3
VKO,SGC,27
VKO,SCW,8
VKO,TBW,4
VKO,TOF,2
VKO,TJM,20
VKO,UFA,22
VKO,UCT,8
VKO,ULV,18
VKO,USK,8
VKO,VOG,9
VKO,VGD,0
VKO,VKT,2
VKO,VOZ,18
VKO,YKS,8
VKO,SVX,6
VKO,JOK,3
VKO,DYU,24
VKO,LBD,2
VKO,MIR,2
VKO,ESB,8
VKO,AYT,78
VKO,BJV,30
VKO,DLM,27
VKO,IST,51
VKO,SAW,16
VKO,ADB,8
VKO,DXB,48
VKO,BHK,6
VKO,FEG,4
VKO,KSQ,1
VKO,SKD,7
VKO,TAS,18
VKO,TMJ,2
VKO,PMV,1
VPE,LAD,4
VIY,LYN,1
VIY,RNS,2
VIP,AAL,1
VIP,PAD,1
VYS,NO,0
VLI,BNE,7
VLI,MEL,2
VLI,SYD,4
VLI,NAN,8
VLI,NOU,6
VLI,AKL,3
VLI,HIR,1
VLI,CCV,2
VLI,IPA,1
VLI,LPM,1
VLI,LNB,3
VLI,LNE,5
VLI,SON,13
VLI,NUS,5
VLI,EAE,3
VLI,SWJ,1
VLI,TAH,6
VLI,PBJ,1
VLI,VLS,3
VDO,VCA,4
VDO,SGN,10
VKG,HAN,3
VKG,SGN,4
VIH,NO,0
VVI,AEP,8
VVI,EZE,9
VVI,SLA,2
VVI,CIJ,2
VVI,CBB,137
VVI,LPB,156
VVI,ORU,1
VVI,RIB,2
VVI,SRE,39
VVI,TJA,19
VVI,TDD,15
VVI,GRU,14
VVI,IQQ,4
VVI,SCL,2
VVI,BOG,8
VVI,PTY,13
VVI,ASU,9
VVI,LIM,14
VVI,MAD,7
VVI,MIA,10
VVI,CCS,2
VXE,SID,8
VXE,RAI,15
VXE,LIS,9
VHC,LAD,17
VAS,IST,20
VAS,SAW,15
VST,ALC,2
VST,AGP,2
VST,VST,1
VST,THN,1
VST,STN,2
VDF,FXE,1
VDF,OPF,2
VDF,MMU,1
VDF,MCO,1
VDF,SBN,1
VAA,HEL,23
VAA,CHQ,1
VAA,MLA,1
VAA,ARN,6
VCC,NO,0
VCB,NO,0
VDS,ALF,6
VDS,BJF,7
VDS,KKN,20
VDS,MEH,6
VDS,TOS,14
VDS,VAW,14
VDZ,ANC,7
VLD,ATL,16
VLD,LZU,6
VAL,NO,0
VAF,BIA,1
VAF,LYN,1
VAF,FNI,1
VLC,VIE,12
VLC,BRU,14
VLC,CRL,4
VLC,SOF,3
VLC,PRG,5
VLC,BLL,2
VLC,LXR,1
VLC,BSL,4
VLC,BOD,2
VLC,LYS,2
VLC,MRS,8
VLC,NTE,4
VLC,NCE,2
VLC,BVA,2
VLC,CDG,24
VLC,ORY,24
VLC,TLS,2
VLC,BER,8
VLC,CGN,7
VLC,DUS,8
VLC,FRA,19
VLC,HAM,7
VLC,FKB,2
VLC,FMM,3
VLC,MUC,8
VLC,NUE,3
VLC,STR,4
VLC,ATH,1
VLC,BUD,2
VLC,ORK,2
VLC,DUB,6
VLC,BRI,4
VLC,BLQ,10
VLC,CAG,3
VLC,BGY,12
VLC,LIN,1
VLC,MXP,9
VLC,NAP,5
VLC,OLB,2
VLC,PMO,4
VLC,PSA,8
VLC,FCO,21
VLC,TRS,2
VLC,TRN,4
VLC,VCE,1
VLC,TSF,6
VLC,RIX,2
VLC,LUX,2
VLC,MLA,5
VLC,KIV,1
VLC,AGA,2
VLC,CMN,7
VLC,FEZ,5
VLC,RAK,4
VLC,TNG,5
VLC,AMS,36
VLC,EIN,19
VLC,RTM,4
VLC,KRK,3
VLC,WAW,2
VLC,FAO,2
VLC,LIS,23
VLC,OPO,9
VLC,OTP,6
VLC,CLJ,4
VLC,TSR,3
VLC,BEG,4
VLC,LCG,3
VLC,OVD,6
VLC,BCN,6
VLC,BIO,21
VLC,FUE,1
VLC,LPA,6
VLC,IBZ,40
VLC,ACE,3
VLC,MAD,33
VLC,MAH,20
VLC,AGP,17
VLC,PMI,76
VLC,EAS,2
VLC,SDR,3
VLC,SCQ,6
VLC,SVQ,19
VLC,TFN,10
VLC,TFS,2
VLC,ARN,2
VLC,GVA,4
VLC,ZRH,20
VLC,IST,16
VLC,BFS,3
VLC,BRS,3
VLC,CEG,1
VLC,EDI,2
VLC,LGW,32
VLC,LHR,11
VLC,STN,12
VLC,MAN,4
VLC,EMA,4
VLN,BOG,2
VLN,CUR,2
VLN,PUJ,6
VLN,SDQ,4
VLN,PTY,10
VLN,BLA,1
VLN,CCS,1
VLN,MAR,1
VLN,PMV,9
VLN,PZO,1
VLN,STD,2
VTN,JAC,1
VTN,OMA,1
VLL,BCN,7
VLL,LPA,3
VLL,PMI,8
VLL,BQH,1
VUP,BAQ,4
VUP,BOG,31
VUP,EOH,4
VPZ,ISW,1
VAN,MED,4
VAN,ADA,4
VAN,ESB,23
VAN,AYT,8
VAN,IST,32
VAN,SAW,25
VAN,ADB,7
VAN,TZX,3
VNY,SJD,1
VNY,ABQ,1
VNY,ASE,2
VNY,BZN,1
VNY,BUR,1
VNY,QTC,1
VNY,CHO,1
VNY,APA,2
VNY,HWD,6
VNY,HOU,1
VNY,JAC,1
VNY,MCI,1
VNY,LAS,4
VNY,LAX,1
VNY,OPF,1
VNY,OAK,1
VNY,PSP,1
VNY,PRB,1
VNY,GYR,2
VNY,AZA,1
VNY,RDM,1
VNY,RAL,0
VNY,SLC,1
VNY,SAT,1
VNY,SJC,1
VNY,SNA,4
VNY,SBA,1
VNY,SAF,1
VNY,STS,4
VNY,BFI,2
VNY,TVL,1
VNY,TEB,1
VLA,NO,0
VAI,POM,3
VAI,WWK,10
VNE,NO,0
VRA,YUL,13
VRA,YQB,1
VRA,YYZ,18
VRA,FRA,0
VRA,CUN,4
VRA,LIS,2
VRA,SVO,5
VRA,MAN,2
VRA,MIA,8
VNS,AMD,8
VNS,BLR,19
VNS,BBI,8
VNS,MAA,8
VNS,DEL,58
VNS,GOX,4
VNS,HYD,16
VNS,CCU,8
VNS,BOM,42
VNS,PNQ,7
VNS,KTM,2
VNS,SHJ,8
VAW,BJF,13
VAW,KKN,7
VAW,VDS,6
VAG,CNF,2
VAR,VIE,13
VAR,CRL,4
VAR,BOJ,1
VAR,SOF,24
VAR,LCA,2
VAR,BRQ,1
VAR,OSR,1
VAR,PRG,4
VAR,HEL,1
VAR,LIL,1
VAR,NTE,1
VAR,BER,9
VAR,CGN,5
VAR,DTM,6
VAR,DRS,2
VAR,DUS,3
VAR,FRA,2
VAR,HHN,3
VAR,HAM,6
VAR,FKB,3
VAR,FMM,8
VAR,NUE,2
VAR,STR,4
VAR,TLV,9
VAR,VNO,2
VAR,LUX,2
VAR,EIN,4
VAR,OSL,1
VAR,SVG,1
VAR,TRD,2
VAR,KTW,2
VAR,BEG,2
VAR,BJV,1
VAR,IST,9
VAR,LPL,2
VAR,LTN,13
VAC,NO,0
VVK,NO,0
VAV,NAN,3
VAV,NTT,2
VAV,TBU,12
VXO,ZAD,3
VXO,LCA,1
VXO,RHO,1
VXO,PRN,1
VXO,SKP,1
VXO,GDN,4
VXO,ALC,3
VXO,AGP,1
VXO,ARN,1
VXO,BMA,13
VXO,STN,2
VEE,ARC,4
VEE,FAI,3
VEE,FYU,3
VCE,TIA,4
VCE,EVN,3
VCE,VIE,47
VCE,BRU,15
VCE,YUL,5
VCE,YYZ,5
VCE,LCA,2
VCE,PRG,3
VCE,CPH,11
VCE,HEL,10
VCE,BSL,7
VCE,BOD,5
VCE,LIL,2
VCE,LYS,14
VCE,MRS,2
VCE,NTE,7
VCE,NCE,14
VCE,CDG,66
VCE,LBG,1
VCE,ORY,32
VCE,BER,17
VCE,CGN,11
VCE,DUS,10
VCE,FRA,31
VCE,QEF,1
VCE,HAM,3
VCE,MUC,31
VCE,NUE,2
VCE,STR,3
VCE,WIE,1
VCE,ATH,6
VCE,AOK,1
VCE,JMK,3
VCE,JTR,3
VCE,JSI,2
VCE,SKG,1
VCE,ZTH,3
VCE,DUB,17
VCE,TLV,10
VCE,AHO,3
VCE,BRI,16
VCE,BDS,9
VCE,CAG,15
VCE,CTA,30
VCE,FLR,1
VCE,SUF,8
VCE,LMP,2
VCE,NAP,36
VCE,OLB,11
VCE,PMO,28
VCE,PNL,2
VCE,CIA,1
VCE,FCO,32
VCE,AMM,2
VCE,RIX,2
VCE,LUX,8
VCE,KIV,4
VCE,CMN,5
VCE,AMS,38
VCE,OSL,2
VCE,WAW,9
VCE,LIS,21
VCE,IAS,2
VCE,JED,2
VCE,RUH,2
VCE,BEG,3
VCE,LJU,5
VCE,OVD,3
VCE,BCN,36
VCE,BIO,2
VCE,LPA,1
VCE,MAD,35
VCE,TFS,2
VCE,VLC,1
VCE,ARN,4
VCE,GVA,8
VCE,ZRH,25
VCE,TUN,2
VCE,IST,24
VCE,SAW,4
VCE,ADB,2
VCE,DXB,8
VCE,BHX,5
VCE,BOH,2
VCE,BRS,7
VCE,EDI,8
VCE,LGW,33
VCE,LHR,33
VCE,LTN,4
VCE,STN,23
VCE,MAN,14
VCE,ATL,8
VCE,JFK,8
VCE,EWR,8
VCE,PHL,8
VNC,GGT,1
VNC,AZO,1
VNC,LIT,1
VNT,NO,0
VER,CUN,17
VER,CME,6
VER,GDL,24
VER,MID,7
VER,NLU,5
VER,MEX,60
VER,MTY,17
VER,REX,4
VER,TIJ,4
VER,IAH,8
VEL,DEN,14
VRB,ACY,1
VRB,CTH,1
VRB,EYW,1
VRB,PIT,1
VRB,RKH,1
VRB,BDR,1
VRB,HPN,5
VRB,BDL,2
VRN,TIA,22
VRN,LNZ,1
VRN,CRL,4
VRN,BVC,2
VRN,RMF,5
VRN,SSH,4
VRN,HEL,5
VRN,ORY,4
VRN,BER,2
VRN,CGN,4
VRN,DUS,4
VRN,FRA,14
VRN,HAM,2
VRN,MUC,16
VRN,ATH,3
VRN,CFU,2
VRN,HER,3
VRN,AOK,1
VRN,KGS,1
VRN,JMK,2
VRN,RHO,1
VRN,JTR,1
VRN,JSI,0
VRN,ZTH,1
VRN,KEF,1
VRN,DUB,9
VRN,TLV,3
VRN,AHO,6
VRN,BRI,8
VRN,BDS,6
VRN,CAG,21
VRN,CTA,26
VRN,FOG,3
VRN,SUF,6
VRN,LMP,2
VRN,MXP,1
VRN,NAP,8
VRN,OLB,26
VRN,PMO,22
VRN,PNL,2
VRN,FCO,5
VRN,KIV,4
VRN,AMS,9
VRN,OSL,2
VRN,OPO,2
VRN,DSS,2
VRN,BCN,2
VRN,FUE,1
VRN,IBZ,1
VRN,MAH,1
VRN,PMI,4
VRN,TFS,1
VRN,DJE,1
VRN,MIR,1
VRN,BFS,1
VRN,BHX,7
VRN,BRS,2
VRN,EDI,1
VRN,GLA,1
VRN,LBA,1
VRN,LGW,24
VRN,STN,8
VRN,MAN,7
VRN,NCL,3
VRN,EMA,1
VEY,NO,0
VHY,NO,0
VCT,QTG,1
VCT,IAH,15
VCT,PBI,1
VFA,BBK,8
VFA,MUB,5
VFA,NBO,3
VFA,WDH,3
VFA,CPT,10
VFA,JNB,39
VFA,MQP,7
VFA,BUQ,10
VFA,HRE,18
VFA,HWN,6
VCV,ONT,1
VDI,AGS,1
VDY,BLR,8
VDY,HYD,4
VDM,AEP,4
VDM,BRC,3
VIE,KFZ,2
VIE,TIA,21
VIE,ALG,2
VIE,EVN,12
VIE,GRZ,18
VIE,INN,19
VIE,KLU,13
VIE,GYD,2
VIE,BRU,55
VIE,CRL,8
VIE,LGG,4
VIE,BNX,4
VIE,SJJ,16
VIE,TZL,3
VIE,BOJ,5
VIE,SOF,32
VIE,VAR,13
VIE,YUL,6
VIE,YYZ,8
VIE,PEK,4
VIE,PVG,3
VIE,DBV,12
VIE,PUY,4
VIE,SPU,18
VIE,ZAD,14
VIE,ZAG,20
VIE,LCA,21
VIE,PFO,7
VIE,PRG,25
VIE,BLL,8
VIE,CPH,43
VIE,CAI,16
VIE,HRG,6
VIE,RMF,1
VIE,SSH,1
VIE,TLL,4
VIE,ADD,7
VIE,HEL,19
VIE,QYA,1
VIE,BSL,13
VIE,CLY,1
VIE,LYS,9
VIE,MRS,6
VIE,NTE,2
VIE,NCE,20
VIE,BVA,7
VIE,CDG,68
VIE,ORY,2
VIE,KUT,3
VIE,TBS,3
VIE,BER,55
VIE,CGN,39
VIE,DUS,53
VIE,FRA,106
VIE,HHN,1
VIE,HAM,51
VIE,HAJ,19
VIE,LEJ,12
VIE,LBC,1
VIE,MUC,48
VIE,FMO,1
VIE,NUE,12
VIE,STR,39
VIE,PVK,4
VIE,ATH,31
VIE,CHQ,6
VIE,CFU,9
VIE,HER,26
VIE,KLX,4
VIE,AOK,3
VIE,KVA,1
VIE,EFL,3
VIE,KGS,10
VIE,JMK,10
VIE,RHO,14
VIE,SMI,1
VIE,JTR,5
VIE,JSI,5
VIE,SKG,14
VIE,ZTH,6
VIE,BUD,24
VIE,KEF,6
VIE,DEL,3
VIE,IKA,6
VIE,EBL,7
VIE,DUB,14
VIE,TLV,47
VIE,BRI,8
VIE,BLQ,22
VIE,CAG,5
VIE,CTA,12
VIE,FLR,16
VIE,SUF,5
VIE,BGY,19
VIE,MXP,50
VIE,NAP,23
VIE,OLB,3
VIE,PMO,8
VIE,PEG,2
VIE,RMI,3
VIE,CIA,1
VIE,FCO,42
VIE,VCE,47
VIE,NRT,5
VIE,AMM,13
VIE,PRN,21
VIE,KWI,4
VIE,RIX,18
VIE,VNO,9
VIE,LUX,22
VIE,MLA,14
VIE,KIV,7
VIE,TGD,20
VIE,TIV,3
VIE,RAK,1
VIE,AMS,66
VIE,EIN,5
VIE,OHD,3
VIE,SKP,15
VIE,OSL,13
VIE,TOS,1
VIE,KRK,25
VIE,WAW,50
VIE,WMI,7
VIE,FAO,3
VIE,FNC,5
VIE,LIS,16
VIE,OPO,9
VIE,DOH,12
VIE,BBU,1
VIE,OTP,40
VIE,CLJ,3
VIE,IAS,12
VIE,SBZ,5
VIE,DMM,2
VIE,JED,9
VIE,RUH,3
VIE,BEG,41
VIE,INI,8
VIE,BTS,1
VIE,KSC,13
VIE,ICN,5
VIE,ALC,5
VIE,BCN,42
VIE,BIO,1
VIE,FUE,2
VIE,LPA,3
VIE,IBZ,13
VIE,MAD,34
VIE,AGP,17
VIE,PMI,53
VIE,SDR,3
VIE,SVQ,2
VIE,TFS,8
VIE,VLC,12
VIE,GOT,7
VIE,ARN,39
VIE,BRN,1
VIE,GVA,21
VIE,ACH,12
VIE,ZRH,64
VIE,TPE,8
VIE,BKK,13
VIE,DJE,1
VIE,MIR,1
VIE,TUN,3
VIE,ESB,12
VIE,AYT,45
VIE,IST,32
VIE,SAW,25
VIE,ADB,6
VIE,SZF,1
VIE,AUH,11
VIE,DXB,16
VIE,EDI,3
VIE,LBA,1
VIE,LGW,15
VIE,LHR,60
VIE,STN,16
VIE,MAN,8
VIE,ORD,8
VIE,LAX,5
VIE,JFK,8
VIE,EWR,8
VIE,IAD,8
VTE,PNH,8
VTE,CSX,2
VTE,TFU,1
VTE,CKG,10
VTE,CAN,7
VTE,KMG,21
VTE,NTG,9
VTE,PVG,1
VTE,XIY,6
VTE,HOE,4
VTE,LXG,26
VTE,LPQ,13
VTE,ODY,7
VTE,PKZ,18
VTE,PCQ,7
VTE,NEU,17
VTE,ZVK,11
VTE,ZBY,16
VTE,XKH,16
VTE,SIN,4
VTE,PUS,7
VTE,ICN,9
VTE,DMK,16
VTE,BKK,27
VTE,DAD,3
VTE,HAN,17
VQS,SJU,51
VGO,NCE,1
VGO,NRN,1
VGO,OSL,0
VGO,BCN,15
VGO,BIO,3
VGO,LPA,3
VGO,MAD,66
VGO,PMI,3
VGO,TFN,4
VGO,STN,4
VGA,BLR,40
VGA,MAA,16
VGA,DEL,16
VGA,HYD,48
VGA,CDP,4
VGA,SAG,8
VGA,TIR,8
VGA,VTZ,8
VGA,JED,5
VGA,RKT,1
VGA,SHJ,2
VRL,BGC,14
VRL,VSE,14
VNX,INH,2
VNX,MPM,2
VNX,JNB,12
VHM,LYC,28
VGZ,BOG,4
VLG,NO,0
VSA,CUN,8
VSA,GDL,7
VSA,MID,5
VSA,MEX,73
VSA,MTY,9
VSA,TLC,1
VVC,BOG,8
VVC,CLO,2
VVC,EOH,6
VVC,MVP,3
VVC,PEI,2
VVC,PCR,2
VVC,MSK,3
VVC,PDA,4
VNO,TIA,1
VNO,VIE,8
VNO,BRU,4
VNO,BOJ,3
VNO,VAR,2
VNO,DBV,2
VNO,LCA,3
VNO,PRG,1
VNO,BLL,2
VNO,CPH,16
VNO,TLL,6
VNO,HEL,28
VNO,NCE,2
VNO,BVA,5
VNO,CDG,5
VNO,KUT,3
VNO,BER,8
VNO,BRE,2
VNO,DTM,2
VNO,FRA,13
VNO,HHN,4
VNO,HAM,3
VNO,MUC,5
VNO,NUE,2
VNO,ATH,2
VNO,CFU,4
VNO,HER,7
VNO,RHO,2
VNO,ZTH,1
VNO,BUD,1
VNO,KEF,2
VNO,DUB,4
VNO,TLV,4
VNO,BGY,5
VNO,MXP,3
VNO,FCO,6
VNO,TRN,2
VNO,TSF,2
VNO,RIX,32
VNO,KUN,1
VNO,MLA,2
VNO,TIV,8
VNO,AMS,8
VNO,EIN,7
VNO,OSL,12
VNO,TRF,3
VNO,WAW,36
VNO,FNC,3
VNO,BCN,7
VNO,AGP,2
VNO,PMI,2
VNO,ARN,17
VNO,ZRH,4
VNO,NBE,1
VNO,AYT,5
VNO,BJV,1
VNO,GZP,2
VNO,IST,17
VNO,LCY,7
VNO,LGW,1
VNO,LTN,14
VNO,STN,7
VII,BMV,11
VII,VCA,4
VII,DLI,13
VII,HAN,16
VII,SGN,126
VII,CXR,11
VII,PQC,8
VIN,NO,0
VRC,MNL,8
VIJ,SJU,18
VIJ,STT,8
VTZ,BLR,58
VTZ,MAA,16
VTZ,DEL,40
VTZ,GOX,4
VTZ,HYD,54
VTZ,PYB,11
VTZ,CDP,4
VTZ,CCU,8
VTZ,KJB,4
VTZ,BOM,16
VTZ,IXZ,4
VTZ,PNQ,3
VTZ,TIR,8
VTZ,VGA,8
VTZ,SIN,5
VIS,SJD,1
VIS,OAK,6
VIS,ONT,1
VIS,RDD,1
VBY,GOT,2
VBY,MMX,2
VBY,ARN,23
VBY,BMA,51
VBY,NYO,1
VSE,CAT,14
VSE,VRL,14
VTB,NO,0
VIX,CNF,30
VIX,BSB,16
VIX,VCP,36
VIX,CAW,7
VIX,FOR,8
VIX,POA,1
VIX,BPS,1
VIX,REC,6
VIX,SDU,73
VIX,SSA,6
VIX,CGH,65
VIX,GRU,50
VIX,GTP,7
VIT,CRL,2
VIT,CDG,6
VIT,CGN,4
VIT,MUC,1
VIT,BGY,3
VIT,LIS,2
VIT,OPO,1
VIT,ALC,6
VIT,LPA,1
VIT,AGP,4
VIT,PMI,6
VIT,SCQ,1
VIT,SVQ,8
VIT,VLC,1
VDC,CNF,6
VDC,SSA,7
VDC,GRU,30
VDC,GTP,7
VVO,PKX,3
VVO,HRB,3
VVO,SJW,2
VVO,DYR,1
VVO,BQS,13
VVO,HTA,4
VVO,NER,1
VVO,DHG,2
VVO,IKT,16
VVO,KVR,3
VVO,KHV,18
VVO,KXK,3
VVO,KJA,10
VVO,SVO,40
VVO,NLI,1
VVO,OVB,24
VVO,PKC,17
VVO,TLY,3
VVO,RZH,3
VVO,GVN,2
VVO,LED,4
VVO,NEI,2
VVO,UUD,3
VVO,YKS,1
VVO,SVX,7
VVO,UUS,29
VVO,HKT,1
VVO,TAS,2
VOD,BTS,1
VOG,EVN,3
VOG,GYD,3
VOG,CEK,2
VOG,MRV,2
VOG,DME,24
VOG,SVO,36
VOG,VKO,9
VOG,GOJ,1
VOG,OVB,3
VOG,LED,26
VOG,UFA,1
VOG,SVX,1
VOG,AYT,4
VGD,VKO,0
VGD,LED,0
VGD,VUS,0
VOL,DUS,1
VOL,MUC,1
VOL,HER,2
VPN,THO,6
VKT,VKO,2
VKT,PEX,3
VOZ,EVN,1
VOZ,FRU,1
VOZ,KGD,3
VOZ,VKO,19
VOZ,LED,3
VRY,BOO,14
