Departure,Arrival,Number of flights
YXX,YYC,52
YXX,YEG,34
YXX,YHM,8
YXX,YXU,2
YXX,YYZ,17
YXX,YWG,5
YXX,PVR,3
YXX,SJD,1
YLT,NO,0
YTF,NO,0
YEY,NO,0
YAB,YFB,1
YAB,YRB,4
YEK,YGX,1
YEK,YRT,11
YIE,PKX,2
YIE,HET,4
YAT,ZKE,9
YAT,YPO,3
YPJ,YKG,4
YPJ,YVP,3
YPJ,YTQ,7
YBC,YQB,19
YBC,YZV,13
YBK,YYQ,2
YBK,YRT,13
YLK,NO,0
YBV,YDV,12
YTL,KIF,1
YTL,YPL,3
YTL,YXL,7
YTL,YAX,7
YBI,YRF,3
YBI,YHG,3
YBX,YYR,3
YBX,YMH,3
YBX,YIF,13
YBX,YZV,6
YBX,YAY,6
YVB,YGR,3
YVB,YHU,3
YVB,YQB,5
YVB,TEB,1
YBY,YEG,1
YBR,YYC,10
YBT,NO,0
YVT,NO,0
YPZ,NO,0
YEI,MXP,1
YEI,DIY,3
YEI,ERZ,4
YEI,MSR,4
YEI,SZF,1
YEI,TZX,2
YYC,YXX,52
YYC,YBR,9
YYC,YYG,1
YYC,YQQ,16
YYC,CFM,1
YYC,YXC,24
YYC,YEG,126
YYC,YFI,3
YYC,YMM,51
YYC,YXJ,16
YYC,YQU,43
YYC,YHZ,31
YYC,YHM,30
YYC,YKA,27
YYC,YLW,85
YYC,YQL,24
YYC,YLL,8
YYC,YXU,14
YYC,YXH,24
YYC,YQM,2
YYC,YUL,58
YYC,YCD,31
YYC,YOW,39
YYC,YPE,0
YYC,YYF,16
YYC,YXS,10
YYC,YQB,1
YYC,YQR,54
YYC,YXE,55
YYC,YYT,8
YYC,YXT,9
YYC,YYZ,179
YYC,YVR,236
YYC,YYJ,56
YYC,YKF,18
YYC,YXY,3
YYC,YQG,1
YYC,YWG,82
YYC,YZF,18
YYC,CDG,8
YYC,FRA,14
YYC,DUB,5
YYC,FCO,6
YYC,NRT,4
YYC,LUX,1
YYC,CUN,7
YYC,PVR,6
YYC,SJD,5
YYC,TLC,1
YYC,AMS,8
YYC,BCN,3
YYC,EDI,4
YYC,LGW,8
YYC,LHR,16
YYC,ANC,3
YYC,ATL,11
YYC,AUS,3
YYC,BOS,5
YYC,CPR,1
YYC,ORD,28
YYC,CVG,7
YYC,DFW,16
YYC,DEN,21
YYC,DTW,3
YYC,IAH,29
YYC,LAS,31
YYC,LAX,41
YYC,MEM,2
YYC,MSP,16
YYC,BNA,6
YYC,JFK,8
YYC,EWR,8
YYC,MCO,3
YYC,PSP,6
YYC,PHX,20
YYC,PDX,16
YYC,SLC,16
YYC,SAN,3
YYC,SFO,28
YYC,SNA,4
YYC,SEA,30
YYC,IAD,11
YCB,YBB,2
YCB,YCO,4
YCB,YYH,1
YCB,YZF,7
YBL,YVR,31
YTE,YFB,6
YRF,YBI,3
YRF,YYR,3
YCG,YVR,8
YAC,NO,0
YCL,NO,0
YYG,YYC,0
YYG,YEG,1
YYG,YHM,2
YYG,YUL,15
YYG,YOW,0
YYG,YYZ,30
YHG,YBI,3
YHG,YHA,3
YCQ,NO,0
YHR,ZGS,13
YHR,ZLT,1
YHR,YIF,13
YHR,YZV,6
YHR,ZTB,12
YMT,YUL,3
YMT,YHU,1
YMT,YNS,2
YCW,NO,0
YYQ,YBK,2
YYQ,YGX,2
YYQ,YWG,2
YCY,YFB,6
YKC,NO,0
YQQ,YYC,16
YQQ,YEG,12
YQQ,WPL,0
YQQ,CXH,1
YQQ,YVR,40
YZS,YUT,1
YZS,YRT,7
YXC,YYC,24
YXC,YLW,0
YXC,YVR,16
YCR,NO,0
YDA,YEV,3
YDA,YOC,7
YDA,YXY,17
YDQ,NO,0
YDL,NO,0
YDF,YYR,14
YDF,YHZ,8
YDF,YHM,3
YDF,YQM,7
YDF,YUL,8
YDF,YYT,21
YDF,YYZ,10
YDF,SNN,1
YVZ,YNO,6
YVZ,YPM,1
YVZ,YHP,6
YVZ,YRL,1
YVZ,YXL,10
YWJ,YGH,1
YWJ,ZFN,6
YWJ,YZF,7
YIP,YHM,1
YIP,YXU,1
YIP,ABQ,1
YIP,DAY,1
YIP,ELP,1
YIP,OPF,1
YIP,SBN,1
YIP,TEB,2
YHD,YQK,2
YHD,YRL,1
YHD,YQT,3
YXR,NO,0
YEG,YXX,35
YEG,YYC,124
YEG,YYG,1
YEG,YQQ,12
YEG,CFM,1
YEG,YPY,3
YEG,YFI,5
YEG,HZP,0
YEG,YMM,11
YEG,YSM,3
YEG,YQU,5
YEG,YHZ,11
YEG,YHM,13
YEG,YOJ,8
YEG,YLW,54
YEG,YXU,2
YEG,YUL,25
YEG,YCD,2
YEG,YOW,18
YEG,YXS,6
YEG,YQR,15
YEG,YXE,16
YEG,YYZ,114
YEG,YVR,147
YEG,YYJ,29
YEG,YXY,2
YEG,YWG,31
YEG,YZF,26
YEG,FRA,2
YEG,CUN,4
YEG,PVR,2
YEG,SJD,4
YEG,AMS,4
YEG,BOI,0
YEG,CVG,1
YEG,DEN,16
YEG,LAS,15
YEG,LAX,10
YEG,MEM,2
YEG,MSP,6
YEG,BNA,2
YEG,SFO,8
YEG,SEA,13
YOA,NO,0
YEU,YZF,0
YFO,YQD,7
YFO,YWG,3
YFO,FAR,0
YFA,ZKE,14
YFA,YMO,14
YPY,YEG,3
YPY,YSM,3
YAG,YFO,0
YAG,YQK,4
YAG,YXL,1
YAG,YQT,2
YGH,YCK,6
YGH,YWJ,1
YGH,YVQ,4
YGH,YZF,3
YFH,NO,0
YFI,YYC,3
YFI,YEG,3
YMM,YYC,51
YMM,YOD,0
YMM,YEG,11
YMM,YYZ,3
YYE,YXS,3
YER,YXL,7
YER,YAX,1
YFS,YZF,14
YSM,YEG,3
YSM,YPY,3
YSM,YHY,4
YSM,YZF,9
YXJ,YYC,15
YXJ,YVR,32
YFC,YUL,17
YFC,YOW,0
YFC,YTZ,0
YFC,YYZ,17
YQX,YYR,7
YQX,YHZ,8
YQX,YYT,7
YQX,YYZ,8
YQX,SNN,2
YGP,YGR,10
YGP,YQB,10
YND,YND,0
YGQ,NO,0
YGX,YEK,1
YGX,YYQ,2
YGX,YTH,3
YGX,YWG,3
YGB,NO,0
YHK,YBB,6
YHK,YYH,2
YHK,YZF,3
YGO,ZGI,13
YYR,YRF,3
YYR,YDF,14
YYR,YQX,7
YYR,YHZ,8
YYR,YBX,3
YYR,YDP,13
YYR,YNP,6
YYR,YRG,7
YYR,YAY,1
YYR,YWK,15
YYR,SKG,1
YYR,BGR,1
YQU,YYC,45
YQU,YEG,5
YGZ,YRB,3
YHZ,LGG,6
YHZ,YYC,31
YHZ,YDF,9
YHZ,YEG,11
YHZ,YQX,8
YHZ,YYR,8
YHZ,YHM,10
YHZ,YXU,4
YHZ,YQM,1
YHZ,YMX,2
YHZ,YUL,37
YHZ,YOW,27
YHZ,YQB,3
YHZ,YYT,34
YHZ,YTZ,0
YHZ,YYZ,100
YHZ,YVR,5
YHZ,YKF,5
YHZ,YQG,3
YHZ,YWG,4
YHZ,CGN,1
YHZ,FRA,8
YHZ,FSP,3
YHZ,MAD,1
YHZ,LHR,8
YHZ,ANC,4
YHZ,BOS,9
YHZ,ORD,1
YHZ,EWR,9
YHZ,PHL,8
YHZ,TEB,1
YHZ,DCA,1
YUX,YGT,3
YUX,YFB,3
YHM,YXX,8
YHM,YYC,38
YHM,YYG,2
YHM,YDF,3
YHM,YEG,22
YHM,YHZ,7
YHM,YQM,8
YHM,YMX,9
YHM,YOW,7
YHM,YYT,3
YHM,YTZ,0
YHM,YVR,6
YHM,YWG,16
YHM,CGN,1
YHM,CUN,2
YHM,CAK,5
YHM,CVG,11
YHM,MDT,1
YHM,LAS,4
YHM,SDF,1
YHM,JFK,1
YHM,EWR,5
YHM,MCO,2
YGV,YPN,6
YHY,YSM,4
YHY,YOJ,4
YHY,YZF,20
YOJ,YEG,8
YOJ,YHY,4
YHO,YNP,7
YHO,YSO,7
YGT,YUX,3
YGT,YFB,5
YGR,YVB,8
YGR,YGP,10
YGR,YUL,8
YGR,YHU,4
YGR,YQB,8
YPH,YPX,8
YPH,YUD,8
YEV,LAK,13
YEV,YDA,6
YEV,YVQ,3
YEV,YOC,6
YEV,YXY,2
YEV,YZF,5
YFB,YAB,4
YFB,YTE,6
YFB,YCY,6
YFB,YUX,3
YFB,YGT,5
YFB,YLC,3
YFB,YVP,2
YFB,YMX,4
YFB,YOW,16
YFB,YXP,11
YFB,YIO,8
YFB,YVM,4
YFB,YRT,3
YFB,YVR,0
YFB,YZF,2
YIV,YRS,13
YIK,AKV,8
YIK,YZG,8
YKA,YYC,27
YKA,YLW,1
YKA,YXS,5
YKA,YVR,39
YWB,YQC,8
YWB,YZG,8
YKG,YPJ,3
YKG,YVP,9
YKG,YQC,8
YYU,NO,0
YAU,NO,0
YLW,YYC,86
YLW,YEG,53
YLW,YKA,1
YLW,YUL,3
YLW,YPE,0
YLW,YXS,6
YLW,YQR,2
YLW,YXE,2
YLW,YYZ,11
YLW,YVR,110
YLW,YYJ,24
YLW,YWG,6
YQK,YHD,3
YQK,YAG,2
YQK,YXL,1
YQK,DSM,0
YKJ,NO,0
YGK,NO,0
YBB,YCB,1
YBB,YHK,2
YBB,YYH,5
YCO,YCB,2
YCO,YZF,5
YVP,YPJ,1
YVP,YFB,2
YVP,XGR,15
YVP,YKG,8
YVP,YUL,8
YVP,YPX,13
YVP,YQB,1
YVP,YTQ,14
YGW,YKU,3
YGW,YGL,2
YGW,YUL,8
YGW,YSK,2
YGW,YUD,8
YGL,YGW,2
YGL,YUL,8
YGL,YPX,3
YAH,NO,0
YVC,YPA,2
YVC,ZWL,2
YLB,NO,0
YLY,NO,0
YLH,NO,0
YQL,YYC,24
YLL,YYC,8
YXU,YXX,2
YXU,YYC,14
YXU,YEG,2
YXU,YHZ,3
YXU,YYZ,32
YXU,YVR,4
YXU,YVV,0
YXU,YWG,2
YXU,AVN,1
YYL,NO,0
YMN,YSO,7
YMN,YRG,7
YMH,YBX,3
YMH,YFX,3
YNM,NO,0
YLJ,NO,0
YXH,YYC,24
YXH,YWG,1
YCH,NO,0
YQM,YYC,2
YQM,YDF,7
YQM,YHZ,9
YQM,YHM,8
YQM,YYY,4
YQM,YMX,6
YQM,YUL,16
YQM,YOW,3
YQM,YYT,5
YQM,YTZ,0
YQM,YYZ,24
YTM,NO,0
YYY,YQM,4
YYY,YQB,4
YYY,YZV,2
YYY,YWK,6
YHU,YVB,3
YHU,YGR,8
YHU,YUL,1
YHU,YQB,9
YMX,BRU,1
YMX,YHM,10
YMX,YQM,9
YMX,YVO,5
YMX,YWG,5
YMX,LUX,1
YMX,CVG,11
YMX,IND,2
YMX,SDF,1
YMX,MEM,2
YMX,JFK,1
YUL,ALG,9
YUL,VIE,7
YUL,ZSA,1
YUL,BRU,10
YUL,GRU,5
YUL,ZBF,4
YUL,YYC,60
YUL,YYG,15
YUL,YMT,3
YUL,YDF,8
YUL,YEG,25
YUL,YFC,16
YUL,YQX,0
YUL,YHZ,37
YUL,YGR,8
YUL,YLW,3
YUL,YVP,8
YUL,YGW,8
YUL,YGL,3
YUL,YCH,1
YUL,YQM,16
YUL,YOW,59
YUL,YPX,5
YUL,YQB,80
YUL,YUY,8
YUL,YBG,8
YUL,YSJ,8
YUL,YXE,8
YUL,YZV,8
YUL,YYT,28
YUL,YQY,9
YUL,YTZ,62
YUL,YYZ,142
YUL,YVO,9
YUL,YVR,58
YUL,YYJ,1
YUL,YWK,3
YUL,YWG,24
YUL,BOG,3
YUL,SJO,2
YUL,CCC,11
YUL,CYO,1
YUL,HOG,5
YUL,SNU,4
YUL,VRA,15
YUL,CPH,6
YUL,POP,3
YUL,PUJ,21
YUL,AZS,4
YUL,CAI,3
YUL,BSL,3
YUL,BOD,4
YUL,LYS,6
YUL,MRS,6
YUL,NTE,3
YUL,NCE,7
YUL,CDG,54
YUL,ORY,6
YUL,TLS,11
YUL,FRA,16
YUL,MUC,8
YUL,ATH,10
YUL,PTP,4
YUL,GUA,3
YUL,PAP,1
YUL,KEF,3
YUL,DEL,3
YUL,DUB,3
YUL,TLV,5
YUL,MXP,6
YUL,FCO,12
YUL,VCE,5
YUL,MBJ,2
YUL,NRT,8
YUL,AMM,4
YUL,FDF,3
YUL,CUN,25
YUL,MEX,24
YUL,PVR,2
YUL,CMN,18
YUL,AMS,14
YUL,PTY,4
YUL,LIS,19
YUL,PDL,1
YUL,OPO,3
YUL,DOH,8
YUL,FSP,3
YUL,BCN,10
YUL,MAD,3
YUL,AGP,2
YUL,GVA,5
YUL,ZRH,4
YUL,TUN,3
YUL,IST,4
YUL,PLS,1
YUL,LGW,7
YUL,LHR,24
YUL,ATL,40
YUL,AUS,1
YUL,BOS,34
YUL,CLT,15
YUL,ORD,55
YUL,CMH,1
YUL,DFW,15
YUL,DEN,8
YUL,DTW,40
YUL,FLL,19
YUL,IAH,16
YUL,IND,1
YUL,LAS,8
YUL,LEB,1
YUL,LAX,29
YUL,MIA,29
YUL,MSP,17
YUL,BNA,11
YUL,JFK,32
YUL,LGA,116
YUL,EWR,57
YUL,MCO,26
YUL,PHL,31
YUL,PHX,3
YUL,PIT,8
YUL,RDU,8
YUL,SAN,8
YUL,SFO,26
YUL,SEA,8
YUL,TPA,3
YUL,TEB,2
YUL,IAD,32
YUL,DCA,26
YMJ,NO,0
YMO,YFA,14
YMO,YPO,1
YMO,YTS,15
YQA,BED,1
YDP,YYR,13
YDP,YNP,7
YCD,YYC,31
YCD,YEG,2
YCD,YVR,49
YNA,ZGS,7
YNA,YZV,7
YNP,YYR,6
YNP,YHO,7
YNP,YDP,7
YUT,YZS,1
YUT,YRT,7
YNS,YMT,2
YVQ,YGH,4
YVQ,YEV,2
YVQ,ZFN,6
YVQ,YZF,3
YYB,YOW,0
YYB,YSB,13
YYB,YYZ,8
YNO,YVZ,10
YNO,YHP,4
YNO,YXL,2
YNE,NO,0
YOC,YDA,4
YOC,YEV,14
YOO,NO,0
YOW,YYC,39
YOW,YYG,0
YOW,YEG,18
YOW,YFC,0
YOW,YHZ,27
YOW,YHM,7
YOW,YFB,16
YOW,YQM,3
YOW,YUL,59
YOW,YQB,6
YOW,YQT,0
YOW,YTZ,8
YOW,YYZ,104
YOW,YVR,31
YOW,YYJ,1
YOW,YWG,19
YOW,YZF,1
YOW,BOS,0
YOW,ORD,16
YOW,MEM,2
YOW,EWR,32
YOW,IAD,16
YOW,DCA,8
YOH,NO,0
YXP,YFB,9
YXP,YVM,2
YPE,YXE,0
YPE,BFI,0
YTA,NO,0
YYF,YYC,16
YYF,YVR,18
YPQ,NO,0
YPL,XKS,4
YPL,YXL,6
YPL,YAX,1
YPM,YVZ,1
YPM,KEW,6
YPM,YHP,1
YPM,YRL,5
YPM,ZSJ,8
YPM,YXL,1
YNL,YVC,1
YNL,YXE,1
YIO,YAB,1
YIO,YFB,8
YHP,YNO,3
YHP,YPM,2
YHP,YRL,4
YHP,YXL,1
YZT,YVR,16
YZT,BFI,0
YPS,NO,0
YHA,YHG,3
YHA,YFX,3
YPN,YGV,6
YPN,YZV,7
YSO,YHO,7
YSO,YMN,7
YPW,YVR,30
YPA,ZFD,1
YPA,YVC,2
YPA,YXE,13
YPA,YSF,5
YPA,ZWL,4
YXS,YYC,10
YXS,YEG,6
YXS,YYE,3
YXS,YKA,6
YXS,YLW,6
YXS,YXT,6
YXS,YVR,54
YXS,YYJ,7
YXS,YWL,0
YPR,YVR,9
YPX,AKV,8
YPX,YPH,8
YPX,YVP,13
YPX,YGL,8
YVM,YFB,6
YVM,YXP,1
YQC,YWB,8
YQC,YKG,8
YQB,YBC,13
YQB,YYC,0
YQB,YGP,10
YQB,YHZ,2
YQB,YGR,13
YQB,YVP,1
YQB,YYY,4
YQB,YMX,0
YQB,YUL,79
YQB,YHU,17
YQB,YOW,6
YQB,YUY,6
YQB,YZV,31
YQB,YTZ,8
YQB,YYZ,47
YQB,YVO,6
YQB,CCC,1
YQB,VRA,1
YQB,PUJ,2
YQB,CDG,7
YQB,CUN,3
YQB,ORD,8
YQB,FLL,1
YQB,EWR,16
YQB,PHL,8
YQZ,YVR,7
YRT,YEK,12
YRT,YBK,13
YRT,YCS,6
YRT,YZS,7
YRT,YFB,3
YRT,YUT,7
YRT,YXN,6
YRT,YWG,26
YRT,YZF,3
YQF,NO,0
YRL,YVZ,2
YRL,KEW,1
YRL,YPM,7
YRL,YHP,3
YRL,YXL,29
YRL,YQT,0
YRL,YWG,18
YRS,NO,0
YQR,YYC,54
YQR,YEG,15
YQR,YLW,2
YQR,YXH,1
YQR,YUL,8
YQR,YXE,5
YQR,YYZ,33
YQR,YVR,23
YQR,YWG,12
YRB,YGZ,3
YRB,YFB,4
YRB,YIO,1
YRV,NO,0
YRG,YYR,7
YRG,YMN,7
YXK,NO,0
YRI,NO,0
YRJ,NO,0
YUY,YUL,8
YUY,YQB,6
YUY,YVO,6
YBG,YUL,8
YSJ,YQX,1
YSJ,YUL,8
YSJ,YYZ,20
YIF,YHR,13
YIF,YBX,19
YZG,YIK,8
YZG,YWB,8
YZP,YVR,8
YSK,YGW,2
YSK,YTH,0
YSK,YUD,2
YSK,YWG,4
YZR,NO,0
YXE,YYC,55
YXE,YEG,16
YXE,ZFD,6
YXE,YLW,2
YXE,YPA,12
YXE,YQR,13
YXE,YSF,1
YXE,YYZ,37
YXE,YVR,35
YXE,YWG,15
YXE,ZWL,1
YAM,YSB,13
YAM,YQT,14
YAM,YTZ,0
YAM,YYZ,16
YKL,YZV,9
YZV,YBC,19
YZV,YHR,6
YZV,ZGS,6
YZV,YYY,2
YZV,YUL,8
YZV,YNA,7
YZV,YPN,7
YZV,YQB,29
YZV,YIF,6
YZV,YKL,9
YZV,YWK,18
YSC,FRG,1
YXL,XBE,10
YXL,YTL,8
YXL,YVZ,5
YXL,YHD,1
YXL,YER,7
YXL,XKS,7
YXL,KEW,1
YXL,KIF,8
YXL,MSA,10
YXL,YNO,7
YXL,YPL,5
YXL,YPM,9
YXL,YHP,2
YXL,YRL,30
YXL,ZPB,5
YXL,ZSJ,4
YXL,SUR,7
YXL,YQT,53
YXL,YAX,1
YXL,WNN,3
YZH,YEG,0
YYD,YVR,8
YAY,YBX,6
YAY,YYT,4
YCM,YOO,1
YCM,ILM,1
YYT,LGG,1
YYT,YYC,8
YYT,YDF,21
YYT,YQX,7
YYT,YYR,1
YYT,YHZ,33
YYT,YHM,3
YYT,YQM,7
YYT,YUL,27
YYT,YAY,3
YYT,YYZ,50
YYT,FRA,2
YYT,FSP,2
YYT,MAD,1
YYT,OPF,1
YST,YIV,13
YJT,LBG,1
YSF,ZFD,6
YSF,YPA,5
YSF,YXE,2
YSF,YBE,3
YSB,YYB,13
YSB,YAM,13
YSB,YQT,2
YSB,YTZ,0
YSB,YYZ,16
YQY,YUL,9
YQY,YYZ,8
YYH,YCB,2
YYH,YHK,1
YYH,YZF,5
YTQ,YPJ,11
YTQ,YVP,10
YXT,YYC,8
YXT,YCD,1
YXT,YXS,6
YXT,YVR,40
YQD,YFO,2
YQD,YWG,7
YTH,YGX,2
YTH,YWG,13
YQT,YHD,0
YQT,YAG,4
YQT,YOW,0
YQT,YAM,14
YQT,YXL,49
YQT,YSB,1
YQT,YTZ,0
YQT,YYZ,39
YQT,YWG,18
YTS,YMO,15
YTS,YTZ,0
YTS,YYZ,28
YAZ,YVR,13
YKZ,PWK,1
YTZ,YFC,0
YTZ,YHZ,0
YTZ,YQM,0
YTZ,YUL,62
YTZ,YHU,0
YTZ,YOW,8
YTZ,YQB,8
YTZ,YZR,0
YTZ,YAM,0
YTZ,YSB,0
YTZ,YQT,0
YTZ,YTS,0
YTZ,YQG,0
YTZ,BOS,0
YTZ,MDW,8
YTZ,BNA,8
YTZ,EWR,0
YTZ,TEB,8
YTZ,TOL,1
YTZ,IAD,1
YTZ,FOK,8
YYZ,ANU,2
YYZ,AUA,2
YYZ,VIE,8
YYZ,NAS,19
YYZ,BGI,8
YYZ,BDA,6
YYZ,GRU,8
YYZ,YXX,18
YYZ,YYC,182
YYZ,YYG,30
YYZ,YDF,10
YYZ,YEG,116
YYZ,YMM,4
YYZ,YFC,18
YYZ,YQX,8
YYZ,YHZ,104
YYZ,YLW,11
YYZ,YXU,32
YYZ,YQM,24
YYZ,YUL,158
YYZ,YHU,1
YYZ,YYB,8
YYZ,YOW,104
YYZ,YQB,47
YYZ,YQR,33
YYZ,YSJ,20
YYZ,YXE,36
YYZ,YAM,16
YYZ,YYT,53
YYZ,YSB,16
YYZ,YQY,8
YYZ,YQT,39
YYZ,YTS,28
YYZ,YVR,202
YYZ,YYJ,16
YYZ,YKF,1
YYZ,YQG,24
YYZ,YWG,135
YYZ,YZF,2
YYZ,GCM,2
YYZ,SCL,3
YYZ,PEK,5
YYZ,CAN,6
YYZ,PVG,7
YYZ,BOG,13
YYZ,LIR,5
YYZ,SJO,6
YYZ,ZAG,2
YYZ,CCC,14
YYZ,HOG,5
YYZ,SNU,7
YYZ,VRA,17
YYZ,CUR,4
YYZ,CPH,9
YYZ,POP,4
YYZ,PUJ,37
YYZ,AZS,2
YYZ,CAI,6
YYZ,SAL,8
YYZ,ADD,5
YYZ,CDG,27
YYZ,FRA,27
YYZ,MUC,16
YYZ,ATH,10
YYZ,GEO,3
YYZ,HKG,8
YYZ,KEF,21
YYZ,DEL,16
YYZ,DUB,21
YYZ,TLV,8
YYZ,SUF,1
YYZ,MXP,1
YYZ,FCO,13
YYZ,VCE,5
YYZ,KIN,10
YYZ,MBJ,28
YYZ,HND,8
YYZ,NRT,8
YYZ,CUN,50
YYZ,MEX,36
YYZ,PVR,1
YYZ,SJD,2
YYZ,AMS,27
YYZ,SXM,3
YYZ,ISB,1
YYZ,KHI,2
YYZ,LHE,2
YYZ,PTY,5
YYZ,MNL,3
YYZ,WAW,15
YYZ,FAO,1
YYZ,TER,3
YYZ,LIS,25
YYZ,PDL,7
YYZ,OPO,5
YYZ,SJU,2
YYZ,UVF,4
YYZ,ICN,17
YYZ,BCN,11
YYZ,MAD,7
YYZ,ARN,4
YYZ,ZRH,8
YYZ,TPE,8
YYZ,POS,8
YYZ,IST,10
YYZ,PLS,10
YYZ,AUH,8
YYZ,DXB,16
YYZ,EDI,7
YYZ,GLA,6
YYZ,LGW,12
YYZ,LHR,48
YYZ,LTN,1
YYZ,STN,1
YYZ,MAN,6
YYZ,ANC,6
YYZ,ATL,72
YYZ,AUS,8
YYZ,BWI,23
YYZ,BOS,40
YYZ,CLT,45
YYZ,ORD,133
YYZ,CVG,16
YYZ,CLE,24
YYZ,CMH,16
YYZ,DFW,44
YYZ,DEN,32
YYZ,BJC,1
YYZ,DTW,48
YYZ,FLL,33
YYZ,IAH,32
YYZ,IND,17
YYZ,LAS,38
YYZ,LAX,47
YYZ,SDF,1
YYZ,MEM,3
YYZ,MIA,38
YYZ,OPF,8
YYZ,MSP,47
YYZ,APF,9
YYZ,BNA,27
YYZ,MSY,3
YYZ,JFK,70
YYZ,LGA,172
YYZ,EWR,126
YYZ,MCO,52
YYZ,PHL,55
YYZ,PHX,8
YYZ,PIT,16
YYZ,RDU,24
YYZ,SMF,5
YYZ,SLC,11
YYZ,SAN,16
YYZ,SFO,40
YYZ,SRQ,8
YYZ,SEA,16
YYZ,RSW,17
YYZ,STL,16
YYZ,STP,1
YYZ,TPA,10
YYZ,TEB,2
YYZ,IAD,49
YYZ,DCA,48
YYZ,PBI,8
YYZ,BDL,9
YZZ,YVR,16
YON,PBH,7
YRQ,NO,0
YUD,YPH,8
YUD,YGW,8
YUD,YSK,2
YBE,YSF,3
YVO,YKU,1
YVO,YMX,5
YVO,YUL,10
YVO,YQB,6
YVO,YUY,6
YVO,YKQ,2
YVR,BNE,8
YVR,SYD,12
YVR,ZEL,6
YVR,QBC,12
YVR,YYC,233
YVR,YBL,31
YVR,YCG,8
YVR,YQQ,40
YVR,YXC,16
YVR,YEG,140
YVR,YXJ,32
YVR,YGG,0
YVR,YHZ,5
YVR,YHM,20
YVR,YKA,38
YVR,YLW,110
YVR,YXU,3
YVR,ZMT,8
YVR,YUL,58
YVR,YCD,50
YVR,ZNA,0
YVR,YOW,31
YVR,YYF,18
YVR,YZT,16
YVR,YPW,31
YVR,YXS,54
YVR,YPR,8
YVR,YQZ,7
YVR,YQR,23
YVR,YZP,8
YVR,YXE,35
YVR,YHS,0
YVR,YYD,8
YVR,YXT,41
YVR,YTP,0
YVR,YAZ,14
YVR,YYZ,204
YVR,YZZ,16
YVR,YDT,0
YVR,CXH,12
YVR,YWH,0
YVR,YYJ,114
YVR,YKF,8
YVR,YXY,33
YVR,YWL,20
YVR,YQG,2
YVR,YWG,60
YVR,YZF,8
YVR,TFU,4
YVR,CAN,6
YVR,PVG,13
YVR,SHE,1
YVR,SZX,3
YVR,XMN,3
YVR,NAN,2
YVR,CDG,4
YVR,FRA,21
YVR,MUC,8
YVR,HKG,18
YVR,KEF,4
YVR,DEL,8
YVR,DUB,5
YVR,KIX,5
YVR,HND,8
YVR,NRT,16
YVR,CUN,5
YVR,MEX,32
YVR,PVR,6
YVR,SJD,5
YVR,AMS,8
YVR,AKL,6
YVR,MNL,8
YVR,SIN,3
YVR,ICN,20
YVR,ZRH,5
YVR,TPE,16
YVR,IST,3
YVR,LGW,7
YVR,LHR,16
YVR,ANC,8
YVR,ATL,5
YVR,AUS,2
YVR,BLI,0
YVR,BOS,0
YVR,ORD,33
YVR,LUK,1
YVR,CVG,6
YVR,DFW,16
YVR,DEN,40
YVR,HNL,16
YVR,IAH,24
YVR,OGG,15
YVR,LAS,29
YVR,LAX,82
YVR,SDF,1
YVR,MEM,3
YVR,MIA,3
YVR,MSP,10
YVR,BNA,3
YVR,JFK,8
YVR,EWR,24
YVR,MCO,1
YVR,PSP,4
YVR,PHX,8
YVR,PDX,25
YVR,SMF,8
YVR,SLC,8
YVR,SAN,18
YVR,SFO,103
YVR,SNA,12
YVR,BFI,1
YVR,SEA,113
YVR,IAD,6
YDT,NO,0
YVE,NO,0
YYJ,YYC,56
YYJ,YEG,29
YYJ,YLW,24
YYJ,YUL,1
YYJ,YOW,1
YYJ,YXS,7
YYJ,YYZ,16
YYJ,YVR,119
YYJ,YWG,4
YYJ,FRD,15
YYJ,SEA,9
YYJ,TIW,1
YWH,CXH,72
YWH,YVR,0
YWH,YWS,0
YWK,ZUM,3
YWK,YYR,12
YWK,YYY,6
YWK,YUL,3
YWK,YZV,18
YWK,YYT,0
YAX,XBE,1
YAX,YTL,5
YAX,YER,1
YAX,XKS,7
YAX,YPL,1
YAX,YXL,1
YKQ,ZEM,2
YKQ,YVO,1
YKF,YYC,18
YKF,YHZ,5
YKF,YXU,1
YKF,YYZ,1
YKF,YVR,8
YKF,YWG,3
YKF,CUN,1
YXZ,NO,0
YWP,NO,0
YNC,YKU,2
YNC,ZEM,1
YXN,YRT,6
YZU,NO,0
YXY,YYC,2
YXY,YDA,17
YXY,YEG,2
YXY,YQL,1
YXY,YOC,2
YXY,YXT,0
YXY,YVR,27
YXY,YYJ,5
YXY,YZF,4
YXY,FRA,1
YWM,NO,0
YWL,YVR,20
YQG,NAS,1
YQG,YYC,0
YQG,YHZ,4
YQG,YHM,1
YQG,YSB,1
YQG,YTZ,0
YQG,YYZ,25
YQG,YVR,2
YQG,YIP,1
YWG,YXX,4
YWG,YYC,81
YWG,YYQ,3
YWG,YEG,31
YWG,YFO,7
YWG,YGX,4
YWG,YHZ,4
YWG,YHM,10
YWG,YFB,4
YWG,YLW,6
YWG,YXU,2
YWG,YMX,6
YWG,YUL,23
YWG,YOW,19
YWG,YRT,24
YWG,YRL,18
YWG,YQR,12
YWG,YSK,4
YWG,YXE,15
YWG,YQD,2
YWG,YTH,12
YWG,YQT,17
YWG,YYZ,138
YWG,YVR,59
YWG,YYJ,4
YWG,YKF,3
YWG,CVG,6
YWG,LAS,2
YWG,LAX,4
YWG,SDF,1
YWG,MEM,2
YWG,MSP,15
YWG,PSP,1
YKM,BFI,1
YKM,SEA,8
YKM,GEG,3
YAK,CDV,15
YAK,JNU,9
YKS,BQJ,12
YKS,BGN,3
YKS,CKH,5
YKS,NER,2
YKS,DPT,5
YKS,IKT,12
YKS,KHV,5
YKS,MQJ,3
YKS,KJA,4
YKS,ULK,5
YKS,GDX,1
YKS,MJZ,5
YKS,NJC,11
YKS,OVB,21
YKS,NYR,2
YKS,ONK,4
YKS,OLZ,10
YKS,SUK,2
YKS,SYS,1
YKS,SEK,14
YKS,SUY,2
YKS,IKS,7
YKS,PYJ,1
YKS,UUD,2
YKS,UKG,4
YKS,USR,4
YKS,VVO,1
YKS,SVX,1
YKS,ZIX,1
YKS,ZKP,4
YNB,CAI,28
YNB,SPX,1
YNB,DMM,8
YNB,JED,8
YNB,RUH,8
YNB,DXB,4
YNB,SHJ,4
YNZ,PEK,8
YNZ,PKX,8
YNZ,CGQ,8
YNZ,CSX,11
YNZ,TFU,8
YNZ,JUH,1
YNZ,CKG,4
YNZ,DLC,8
YNZ,DAT,3
YNZ,DYG,1
YNZ,FOC,3
YNZ,CAN,8
YNZ,KWE,8
YNZ,HAK,4
YNZ,HRB,13
YNZ,KMG,8
YNZ,LXA,1
YNZ,KHN,8
YNZ,NNG,7
YNZ,NGB,2
YNZ,SHE,12
YNZ,SZX,16
YNZ,SJW,3
YNZ,WXN,1
YNZ,WUH,9
YNZ,XIY,3
YNZ,XMN,5
YNZ,INC,2
YNZ,ZUH,8
YNZ,KIX,8
YNZ,ICN,6
YNY,NRT,4
YNY,CJU,16
YNY,TPE,8
YNY,HAN,4
YNY,SGN,3
YTY,PEK,8
YTY,PKX,8
YTY,CGQ,16
YTY,CSX,3
YTY,CTU,16
YTY,TFU,21
YTY,CKG,16
YTY,DLC,15
YTY,DYG,3
YTY,FOC,4
YTY,CAN,24
YTY,KWL,4
YTY,KWE,12
YTY,HRB,12
YTY,KMG,20
YTY,LHW,8
YTY,MIG,3
YTY,NNG,8
YTY,SHE,24
YTY,SZX,20
YTY,TYN,9
YTY,XIY,15
YTY,XMN,16
YTY,XNN,4
YTY,INC,4
YTY,ZUH,8
YNJ,PEK,16
YNJ,PKX,16
YNJ,CGQ,8
YNJ,DLC,3
YNJ,HRB,0
YNJ,TAO,13
YNJ,PVG,8
YNJ,YNT,15
YNJ,PUS,7
YNJ,ICN,35
YKN,NO,0
YNT,PEK,56
YNT,PKX,21
YNT,CGQ,41
YNT,CSX,12
YNT,CDE,4
YNT,TFU,38
YNT,CKG,12
YNT,DLC,46
YNT,DDG,12
YNT,DQA,8
YNT,FOC,10
YNT,CAN,16
YNT,KWL,5
YNT,HGH,24
YNT,HRB,58
YNT,HFE,11
YNT,HZA,4
YNT,HET,4
YNT,JMU,20
YNT,TNA,8
YNT,JNG,0
YNT,JXA,4
YNT,KMG,13
YNT,MDG,8
YNT,KHN,12
YNT,NKG,22
YNT,NGB,8
YNT,DSN,8
YNT,JJN,2
YNT,SYX,4
YNT,SHA,48
YNT,PVG,42
YNT,SHE,36
YNT,SZX,18
YNT,SJW,4
YNT,TYN,8
YNT,TSN,7
YNT,WNZ,8
YNT,WUH,24
YNT,WUX,7
YNT,XIY,39
YNT,XMN,12
YNT,YNJ,15
YNT,CGO,31
YNT,HSN,8
YNT,KIX,8
YNT,ICN,65
YNT,HAN,6
YAP,GUM,1
YQI,NO,0
YAS,NO,0
YES,THR,2
YZF,YYC,18
YZF,YCB,8
YZF,YCK,3
YZF,YWJ,7
YZF,YEG,25
YZF,YGH,3
YZF,YFS,14
YZF,YSM,9
YZF,YRA,5
YZF,YHK,8
YZF,YHY,20
YZF,YHI,1
YZF,YEV,6
YZF,YFB,2
YZF,YCO,2
YZF,YSG,10
YZF,YVQ,2
YZF,YOW,1
YZF,YRT,3
YZF,YYZ,3
YZF,YVR,8
YZF,YFJ,6
YZF,YLE,3
YZF,YXY,3
YBP,PEK,18
YBP,PKX,8
YBP,DZH,2
YBP,FOC,8
YBP,CAN,11
YBP,HAK,8
YBP,HGH,16
YBP,HFE,8
YBP,SWA,7
YBP,TNA,8
YBP,JHG,5
YBP,KMG,1
YBP,LXA,8
YBP,KHN,3
YBP,NKG,6
YBP,NNG,8
YBP,NGB,8
YBP,JJN,8
YBP,SYX,6
YBP,PVG,16
YBP,SZX,9
YBP,SJW,4
YBP,TYN,4
YBP,TSN,4
YBP,URC,7
YBP,WNZ,7
YBP,WUH,8
YBP,WUX,6
YBP,XIY,4
YBP,CGO,4
YIH,BHY,8
YIH,PEK,16
YIH,PKX,8
YIH,CSX,0
YIH,CZX,4
YIH,CTU,8
YIH,TFU,8
YIH,CKG,4
YIH,DLC,4
YIH,FOC,5
YIH,CAN,16
YIH,KWE,12
YIH,HAK,14
YIH,HGH,8
YIH,HFE,4
YIH,HET,4
YIH,HYN,8
YIH,HUZ,4
YIH,SWA,5
YIH,TNA,4
YIH,KMG,12
YIH,LHW,16
YIH,LXA,1
YIH,KHN,2
YIH,NNG,7
YIH,NGB,8
YIH,JJN,4
YIH,SYX,1
YIH,PVG,24
YIH,SHE,3
YIH,SZX,24
YIH,SJW,4
YIH,TYN,16
YIH,TVS,2
YIH,TSN,7
YIH,URC,8
YIH,WEH,4
YIH,WNZ,15
YIH,WUX,8
YIH,XIY,8
YIH,XMN,2
YIH,XNN,5
YIH,INC,4
YIH,ZUH,8
YIC,PEK,8
YIC,PKX,4
YIC,TFU,4
YIC,CKG,4
YIC,DLC,6
YIC,FOC,4
YIC,CAN,6
YIC,KWE,4
YIC,HAK,8
YIC,KMG,8
YIC,NKG,8
YIC,NNG,4
YIC,NGB,1
YIC,SYX,4
YIC,SHA,8
YIC,SZX,8
YIC,TSN,4
YIC,WNZ,2
YIC,XIY,4
YIC,XMN,4
YIC,ZUH,4
YKH,CAN,4
YKH,NKG,4
YKH,PVG,8
YKH,TSN,4
YKH,WUX,4
YIN,AKU,20
YIN,TFU,28
YIN,KRY,16
YIN,KHG,8
YIN,KRL,10
YIN,KCA,8
YIN,LHW,15
YIN,NKG,4
YIN,SHF,4
YIN,TCG,12
YIN,TWC,8
YIN,TLQ,4
YIN,URC,70
YIN,WUX,3
YIN,XIY,20
YIN,CGO,3
YIW,BZX,3
YIW,PEK,8
YIW,PKX,35
YIW,CGQ,4
YIW,TFU,24
YIW,CKG,13
YIW,CAN,24
YIW,KWE,17
YIW,SWA,18
YIW,TNA,4
YIW,KMG,13
YIW,NKG,1
YIW,TAO,8
YIW,SHE,6
YIW,SZX,16
YIW,TYN,7
YIW,TSN,4
YIW,WUH,4
YIW,XIY,16
YIW,INC,2
YIW,CGO,8
YIW,ZUH,16
YIW,WMT,4
YIW,KIX,2
YIW,MNL,8
YIA,BPN,32
YIA,BDJ,16
YIA,BTH,8
YIA,DPS,40
YIA,HLP,43
YIA,CGK,148
YIA,LOP,8
YIA,UPG,35
YIA,KNO,11
YIA,PKU,24
YIA,PNK,8
YIA,AAP,8
YIA,KUL,20
YIA,SIN,20
YOL,ABV,18
YOL,JED,3
YOL,MED,2
YGJ,HND,48
YNG,JPX,1
YNG,JBR,1
YNG,MSP,1
YNG,PIT,1
YYA,PEK,4
YYA,PKX,4
YYA,CTU,8
YYA,DYG,5
YYA,KWE,4
YYA,HAK,4
YYA,HGH,4
YYA,HYN,0
YYA,HUZ,4
YYA,KMG,8
YYA,NGB,0
YYA,TAO,4
YYA,JJN,4
YYA,SYX,4
YYA,SHA,4
YYA,PVG,8
YYA,TYN,4
YYA,XIY,4
YYA,ZHA,4
YKO,ESB,6
YKO,IST,10
YLX,PEK,4
YLX,TFU,4
YLX,CAN,3
YLX,HAK,4
YLX,HGH,4
YLX,KMG,3
YLX,PVG,4
YLX,SZX,3
YLX,XIY,4
YLX,XMN,4
YLX,CGO,4
YUM,AUS,1
YUM,BLH,0
YUM,DFW,16
YUM,MRY,1
YUM,AZA,3
YUM,PHX,27
YUM,TUS,2
YCU,PEK,16
YCU,CGQ,3
YCU,CSX,9
YCU,TFU,8
YCU,CKG,8
YCU,DLC,8
YCU,CAN,13
YCU,KWL,3
YCU,KWE,8
YCU,HGH,16
YCU,HRB,8
YCU,HFE,8
YCU,TNA,4
YCU,KMG,16
YCU,KHN,4
YCU,NKG,13
YCU,NNG,8
YCU,NGB,4
YCU,TAO,4
YCU,SYX,8
YCU,PVG,16
YCU,SHE,8
YCU,SZX,16
YCU,TSN,8
YCU,URC,8
YCU,WNZ,7
YCU,WUH,16
YCU,WUX,8
YCU,ZUH,7
YUS,TFU,4
YUS,XNN,36
YTW,HTN,8
YTW,KRL,8
YTW,URC,17
YZY,PKX,4
YZY,DNH,8
YZY,LHW,24
YZY,WUH,4
YZY,XIY,8
YZY,INC,3
